Player 1,Similarity
"A. Abdallah (25, Rodez , Ligue 2 22-23)",85.7827237044626
"A. Abdallah (25, Rodez , Ligue 2 22-23)",85.70521366646807
"Jesús Navas (37, Sevilla, La Liga 22-23)",85.6938522151345
"A. Abdallah (25, Rodez , Ligue 2 22-23)",85.57612938469882
"A. Abdallah (25, Rodez , Ligue 2 22-23)",85.21824514826055
"A. Abdallah (25, Rodez , Ligue 2 22-23)",85.21778392255732
"A. Abdallah (25, Rodez , Ligue 2 22-23)",85.15676129797079
"A. Abdallah (25, Rodez , Ligue 2 22-23)",84.97485930720168
"A. Abdallah (25, Rodez , Ligue 2 22-23)",84.78032105781904
"A. Abdallah (25, Rodez , Ligue 2 22-23)",84.50649447531814
"J. Smith (32, Cartaginés, Costa Rica Primera División 22-23)",84.13555283582528
"A. Abdallah (25, Rodez , Ligue 2 22-23)",84.09254347992847
"D. Abou (27, Bnei Sakhnin, Ligat Ha'al 22-23)",84.02349643352474
"B. Cipetić (28, Lokomotiva Zagreb, 1. HNL 22-23)",83.89864185729387
"N. Fernández (23, Audax Italiano, Chilean Primera División 2023)",83.83451974345876
"A. Abdallah (25, Rodez , Ligue 2 22-23)",83.81592237412701
"E. Salomonsson (34, IFK Göteborg, Allsvenskan 2023)",83.80086697594633
"A. Abdallah (25, Rodez , Ligue 2 22-23)",83.65015596100436
"A. Abdallah (25, Rodez , Ligue 2 22-23)",83.61035068879904
"A. Abdallah (25, Rodez , Ligue 2 22-23)",83.41482132688253
"A. Abdallah (25, Rodez , Ligue 2 22-23)",83.33828982791646
"Š. Gržan (29, Osijek, 1. HNL 22-23)",83.18888687403147
"A. Abdallah (25, Rodez , Ligue 2 22-23)",83.12165763540237
"A. Abdallah (25, Rodez , Ligue 2 22-23)",82.96242711231139
"A. Abdallah (25, Rodez , Ligue 2 22-23)",82.93506826082968
