Player 1,Similarity
"A. Ademi (31, Dinamo Zagreb, 1. HNL 22-23)",66.5383339610911
"A. Ademi (31, Dinamo Zagreb, 1. HNL 22-23)",66.14016284554964
"A. Ademi (31, Dinamo Zagreb, 1. HNL 22-23)",64.61591456070484
"A. Ademi (31, Dinamo Zagreb, 1. HNL 22-23)",64.07542185186867
"A. Ademi (31, Dinamo Zagreb, 1. HNL 22-23)",60.96736334492364
"A. Ademi (31, Dinamo Zagreb, 1. HNL 22-23)",59.2171868537224
"A. Ademi (31, Dinamo Zagreb, 1. HNL 22-23)",58.74150825454723
"A. Ademi (31, Dinamo Zagreb, 1. HNL 22-23)",58.70888706953868
"A. Ademi (31, Dinamo Zagreb, 1. HNL 22-23)",58.62455350472384
"A. Ademi (31, Dinamo Zagreb, 1. HNL 22-23)",58.18015356305343
"A. Ademi (31, Dinamo Zagreb, 1. HNL 22-23)",57.327469638125336
"A. Ademi (31, Dinamo Zagreb, 1. HNL 22-23)",57.15290282777694
"A. Ademi (31, Dinamo Zagreb, 1. HNL 22-23)",57.127581991077626
"A. Ademi (31, Dinamo Zagreb, 1. HNL 22-23)",56.90049501927918
"A. Ademi (31, Dinamo Zagreb, 1. HNL 22-23)",56.3840356716174
"A. Ademi (31, Dinamo Zagreb, 1. HNL 22-23)",55.46415654563812
"A. Ademi (31, Dinamo Zagreb, 1. HNL 22-23)",55.218331239239525
"A. Ademi (31, Dinamo Zagreb, 1. HNL 22-23)",55.19824850561301
"A. Ademi (31, Dinamo Zagreb, 1. HNL 22-23)",54.98814524369775
"A. Ademi (31, Dinamo Zagreb, 1. HNL 22-23)",54.79476088244919
"A. Ademi (31, Dinamo Zagreb, 1. HNL 22-23)",54.78243817317375
"A. Ademi (31, Dinamo Zagreb, 1. HNL 22-23)",54.74414618109407
"A. Ademi (31, Dinamo Zagreb, 1. HNL 22-23)",54.17990410605293
"A. Ademi (31, Dinamo Zagreb, 1. HNL 22-23)",54.09258096335456
"A. Ademi (31, Dinamo Zagreb, 1. HNL 22-23)",53.95527737358735
