Player 1,Similarity
"A. Ahmetaj (23, Gorica, 1. SNL 22-23)",90.2182777943509
"A. Ahmetaj (23, Gorica, 1. SNL 22-23)",87.60860462186014
"A. Ahmetaj (23, Gorica, 1. SNL 22-23)",87.46250612895862
"A. Ahmetaj (23, Gorica, 1. SNL 22-23)",87.24480118391146
"A. Ahmetaj (23, Gorica, 1. SNL 22-23)",87.24424303930498
"A. Ahmetaj (23, Gorica, 1. SNL 22-23)",87.11561179409932
"A. Ahmetaj (23, Gorica, 1. SNL 22-23)",86.56363948345178
"A. Ahmetaj (23, Gorica, 1. SNL 22-23)",85.18433751924047
"A. Ahmetaj (23, Gorica, 1. SNL 22-23)",85.04587706083139
"A. Ahmetaj (23, Gorica, 1. SNL 22-23)",84.87776841744274
"A. Ahmetaj (23, Gorica, 1. SNL 22-23)",84.33665094599345
"A. Ahmetaj (23, Gorica, 1. SNL 22-23)",84.2841240231564
"A. Ahmetaj (23, Gorica, 1. SNL 22-23)",84.21431839483247
"A. Ahmetaj (23, Gorica, 1. SNL 22-23)",83.36270254267237
"A. Ahmetaj (23, Gorica, 1. SNL 22-23)",83.284128357395
"A. Ahmetaj (23, Gorica, 1. SNL 22-23)",83.02666709357224
"A. Ahmetaj (23, Gorica, 1. SNL 22-23)",81.66381812274047
"A. Ahmetaj (23, Gorica, 1. SNL 22-23)",81.6403278175884
"A. Ahmetaj (23, Gorica, 1. SNL 22-23)",81.40417661910513
"A. Ahmetaj (23, Gorica, 1. SNL 22-23)",81.39835331567713
"A. Ahmetaj (23, Gorica, 1. SNL 22-23)",80.65845060425686
"A. Ahmetaj (23, Gorica, 1. SNL 22-23)",80.60489751383146
"A. Ahmetaj (23, Gorica, 1. SNL 22-23)",80.52602247559817
"A. Ahmetaj (23, Gorica, 1. SNL 22-23)",80.504880601633
"A. Ahmetaj (23, Gorica, 1. SNL 22-23)",80.4528546192214
