Player 1,Similarity
"A. Alfarizi (32, Arema, BRI Liga 1 22-23)",86.53070157484083
"A. Alfarizi (32, Arema, BRI Liga 1 22-23)",86.3879343018701
"A. Alfarizi (32, Arema, BRI Liga 1 22-23)",86.11905126583356
"A. Alfarizi (32, Arema, BRI Liga 1 22-23)",85.4634032602229
"A. Alfarizi (32, Arema, BRI Liga 1 22-23)",85.23134989733055
"A. Alfarizi (32, Arema, BRI Liga 1 22-23)",84.7703479589755
"A. Alfarizi (32, Arema, BRI Liga 1 22-23)",84.57769181866755
"A. Alfarizi (32, Arema, BRI Liga 1 22-23)",84.48032470338168
"A. Alfarizi (32, Arema, BRI Liga 1 22-23)",84.37643117162976
"A. Alfarizi (32, Arema, BRI Liga 1 22-23)",84.23927238531978
"A. Alfarizi (32, Arema, BRI Liga 1 22-23)",84.06301468878068
"A. Alfarizi (32, Arema, BRI Liga 1 22-23)",84.05309218709495
"D. Terteryan (25, Ararat-Armenia, Armenian Premier League 22-23)",83.91941409515577
"M. Wöber (25, Salzburg, Austrian Bundesliga 22-23)",83.71105615089395
"A. Alfarizi (32, Arema, BRI Liga 1 22-23)",83.5686539225435
"E. Karic (25, Darmstadt 98, 2. Bundesliga 22-23)",83.41073554507918
"A. Alfarizi (32, Arema, BRI Liga 1 22-23)",83.33447275978743
"A. Alfarizi (32, Arema, BRI Liga 1 22-23)",83.3113468544093
"A. Alfarizi (32, Arema, BRI Liga 1 22-23)",83.11143546007911
"A. Alfarizi (32, Arema, BRI Liga 1 22-23)",83.09998955369079
"A. Alfarizi (32, Arema, BRI Liga 1 22-23)",83.01783357607975
"A. Alfarizi (32, Arema, BRI Liga 1 22-23)",82.8860541798038
"A. Alfarizi (32, Arema, BRI Liga 1 22-23)",82.82681026037763
"A. Alfarizi (32, Arema, BRI Liga 1 22-23)",82.20419912538081
"A. Alfarizi (32, Arema, BRI Liga 1 22-23)",82.17141261808632
