Player 1,Similarity
"A. Bosec (25, Slaven Belupo, 1. HNL 22-23)",85.76527401322048
"A. Bosec (25, Slaven Belupo, 1. HNL 22-23)",85.74960744645497
"A. Bosec (25, Slaven Belupo, 1. HNL 22-23)",84.56362305761729
"A. Bosec (25, Slaven Belupo, 1. HNL 22-23)",84.49383612969427
"A. Bosec (25, Slaven Belupo, 1. HNL 22-23)",83.99082267948287
"A. Bosec (25, Slaven Belupo, 1. HNL 22-23)",83.83207679261034
"A. Bosec (25, Slaven Belupo, 1. HNL 22-23)",83.59171325185491
"A. Bosec (25, Slaven Belupo, 1. HNL 22-23)",83.21669743158697
"A. Bosec (25, Slaven Belupo, 1. HNL 22-23)",82.44406229359807
"A. Bosec (25, Slaven Belupo, 1. HNL 22-23)",82.2307729667571
"A. Bosec (25, Slaven Belupo, 1. HNL 22-23)",81.64250090877928
"A. Bosec (25, Slaven Belupo, 1. HNL 22-23)",81.08286001730788
"A. Bosec (25, Slaven Belupo, 1. HNL 22-23)",81.06488081538626
"A. Bosec (25, Slaven Belupo, 1. HNL 22-23)",80.66220366129585
"A. Bosec (25, Slaven Belupo, 1. HNL 22-23)",80.620298026771
"A. Bosec (25, Slaven Belupo, 1. HNL 22-23)",80.57222515291598
"A. Bosec (25, Slaven Belupo, 1. HNL 22-23)",80.45748215263878
"A. Bosec (25, Slaven Belupo, 1. HNL 22-23)",80.24221694626102
"A. Bosec (25, Slaven Belupo, 1. HNL 22-23)",80.18071197126989
"A. Bosec (25, Slaven Belupo, 1. HNL 22-23)",80.09944237840398
"A. Bosec (25, Slaven Belupo, 1. HNL 22-23)",80.03078885882707
"A. Bosec (25, Slaven Belupo, 1. HNL 22-23)",80.02280308163294
"A. Bosec (25, Slaven Belupo, 1. HNL 22-23)",79.55961708506322
"A. Bosec (25, Slaven Belupo, 1. HNL 22-23)",79.47767118497238
"A. Bosec (25, Slaven Belupo, 1. HNL 22-23)",79.46348765631114
