Player 1,Similarity
"S. Prieto (30, Tigre, Argentinian Primera División 2023)",82.9869026010124
"A. Caci (25, Mainz 05, Bundesliga 22-23)",82.68911571530337
"A. Barylla (25, Erzgebirge Aue, 3. Liga 22-23)",81.68856614483154
"A. Caci (25, Mainz 05, Bundesliga 22-23)",81.17791271763652
"A. Caci (25, Mainz 05, Bundesliga 22-23)",80.77164526396827
"A. Caci (25, Mainz 05, Bundesliga 22-23)",78.00786287382104
"A. Caci (25, Mainz 05, Bundesliga 22-23)",77.70040568281134
"A. Caci (25, Mainz 05, Bundesliga 22-23)",77.22334871964503
"A. Caci (25, Mainz 05, Bundesliga 22-23)",76.54410388433892
"A. Ulmer (37, Salzburg, Austrian Bundesliga 22-23)",76.14828738841814
"A. Caci (25, Mainz 05, Bundesliga 22-23)",75.78300496617207
"B. Saller (30, Jahn Regensburg, 2. Bundesliga 22-23)",75.7284982496403
"A. Caci (25, Mainz 05, Bundesliga 22-23)",75.35715012962541
"A. Caci (25, Mainz 05, Bundesliga 22-23)",75.08314711371942
"A. Caci (25, Mainz 05, Bundesliga 22-23)",75.05266418929295
"A. Caci (25, Mainz 05, Bundesliga 22-23)",74.93811562482074
"A. Caci (25, Mainz 05, Bundesliga 22-23)",74.74094407596723
"A. Caci (25, Mainz 05, Bundesliga 22-23)",74.58068824634654
"A. Caci (25, Mainz 05, Bundesliga 22-23)",74.5754414208395
"A. Caci (25, Mainz 05, Bundesliga 22-23)",74.4621064543394
"A. Caci (25, Mainz 05, Bundesliga 22-23)",74.45384663035661
"A. Caci (25, Mainz 05, Bundesliga 22-23)",74.41529934993197
"A. Caci (25, Mainz 05, Bundesliga 22-23)",74.148292903412
"A. Caci (25, Mainz 05, Bundesliga 22-23)",74.14617665433629
"A. Caci (25, Mainz 05, Bundesliga 22-23)",74.00064925595773
