Player 1,Similarity
"A. Casar (22, Hallescher FC, 3. Liga 22-23)",86.79162646319386
"A. Casar (22, Hallescher FC, 3. Liga 22-23)",85.71986833764515
"A. Casar (22, Hallescher FC, 3. Liga 22-23)",84.50472685349847
"A. Casar (22, Hallescher FC, 3. Liga 22-23)",83.57913195169638
"A. Casar (22, Hallescher FC, 3. Liga 22-23)",81.58964337326762
"A. Casar (22, Hallescher FC, 3. Liga 22-23)",81.01881572368794
"A. Casar (22, Hallescher FC, 3. Liga 22-23)",80.98451081682553
"A. Casar (22, Hallescher FC, 3. Liga 22-23)",80.95799066170704
"A. Casar (22, Hallescher FC, 3. Liga 22-23)",80.95660931905064
"A. Casar (22, Hallescher FC, 3. Liga 22-23)",80.61778804540056
"S. Köhler (26, Osnabrück, 3. Liga 22-23)",80.40490840819396
"A. Casar (22, Hallescher FC, 3. Liga 22-23)",80.22330258734715
"A. Casar (22, Hallescher FC, 3. Liga 22-23)",80.01393150469262
"A. Casar (22, Hallescher FC, 3. Liga 22-23)",79.53734120981132
"A. Casar (22, Hallescher FC, 3. Liga 22-23)",79.37628134608423
"A. Casar (22, Hallescher FC, 3. Liga 22-23)",79.09812053308512
"A. Casar (22, Hallescher FC, 3. Liga 22-23)",78.97169620458895
"A. Casar (22, Hallescher FC, 3. Liga 22-23)",78.52823688188933
"A. Casar (22, Hallescher FC, 3. Liga 22-23)",78.37960771257102
"A. Casar (22, Hallescher FC, 3. Liga 22-23)",78.20810020865856
"A. Casar (22, Hallescher FC, 3. Liga 22-23)",78.05087449880745
"A. Casar (22, Hallescher FC, 3. Liga 22-23)",77.99505430725256
"A. Casar (22, Hallescher FC, 3. Liga 22-23)",77.87545796291772
"A. Casar (22, Hallescher FC, 3. Liga 22-23)",77.79916555290804
"A. Casar (22, Hallescher FC, 3. Liga 22-23)",77.72298923229933
