Player 1,Similarity
"A. Diakité (29, Torres, Serie C 22-23)",92.6485934842242
"P. lves (26, Farense, Portugal Segunda Liga 22-23)",92.59682686900751
"A. Diakité (29, Torres, Serie C 22-23)",90.90652421840166
"A. Diakité (29, Torres, Serie C 22-23)",90.82241984956106
"A. Diakité (29, Torres, Serie C 22-23)",90.08338087337036
"A. Diakité (29, Torres, Serie C 22-23)",90.01237407193271
"A. Diakité (29, Torres, Serie C 22-23)",89.93812747467501
"A. Diakité (29, Torres, Serie C 22-23)",89.56881716631081
"A. Diakité (29, Torres, Serie C 22-23)",88.90674574495179
"J. Gómez (38, Virtus Verona, Serie C 22-23)",88.42564581074099
"Fran Sol (31, Málaga, La Liga 2 22-23)",88.06827102661224
"A. Diakité (29, Torres, Serie C 22-23)",88.01230648875676
"A. Diakité (29, Torres, Serie C 22-23)",87.5613648962386
"A. Diakité (29, Torres, Serie C 22-23)",87.54051747405975
"A. Diakité (29, Torres, Serie C 22-23)",87.31542589261025
"A. Diakité (29, Torres, Serie C 22-23)",87.11426317991652
"Ž. Korać (35, Jedinstvo, Montenegro First League 22-23)",86.72946621428844
"A. Diakité (29, Torres, Serie C 22-23)",86.51747483822341
"A. Diakité (29, Torres, Serie C 22-23)",86.33377604983494
"A. Diakité (29, Torres, Serie C 22-23)",86.2942303073625
"A. Diop (29, Picerno, Serie C 22-23)",86.04880000068457
"A. Diakité (29, Torres, Serie C 22-23)",85.96962018392512
"A. Diakité (29, Torres, Serie C 22-23)",85.95832737728581
"A. Diakité (29, Torres, Serie C 22-23)",85.78189149500591
"A. Diakité (29, Torres, Serie C 22-23)",85.6361315282694
