Player 1,Similarity
"N. Fliter (21, Maccabi Kabilio Jaffa, Liga Leumit 22-23)",88.76486966479801
"A. Fofana (23, Dijon, Ligue 2 22-23)",85.77022006335746
"R. Ranftl (31, Austria Wien, Austrian Bundesliga 22-23)",85.37531024221934
"P. Joly (22, Auxerre, Ligue 1 22-23)",84.80767718217615
"A. Fofana (23, Dijon, Ligue 2 22-23)",84.50065778218202
"R. Labonne (25, Nîmes, Ligue 2 22-23)",84.25988420281388
"L. Gooch (27, Sunderland, Championship 22-23)",83.91632167525198
"A. Fofana (23, Dijon, Ligue 2 22-23)",83.75615980282697
"A. Fofana (23, Dijon, Ligue 2 22-23)",83.69103934875397
"A. Fofana (23, Dijon, Ligue 2 22-23)",83.65263149789952
"R. Hutchinson (23, Sligo Rovers, League of Ireland PL 2023)",83.11950478406752
"A. Fofana (23, Dijon, Ligue 2 22-23)",83.0594916660992
"A. Fofana (23, Dijon, Ligue 2 22-23)",82.95616705515916
"R. Grădinaru (27, Karmiotissa, Cyprus 1. Division 22-23)",82.76753037675859
"A. Fofana (23, Dijon, Ligue 2 22-23)",82.326138562227
"A. Fofana (23, Dijon, Ligue 2 22-23)",82.3230446026106
"A. Fofana (23, Dijon, Ligue 2 22-23)",82.0480916450825
"A. Fofana (23, Dijon, Ligue 2 22-23)",82.03292413769894
"A. Fofana (23, Dijon, Ligue 2 22-23)",81.7580093995097
"A. Taha (21, Kfar Kasem, Liga Leumit 22-23)",81.47399006966369
"H. Kamara (29, Watford, Championship 22-23)",81.44916933039248
"A. Fofana (23, Dijon, Ligue 2 22-23)",81.36827489206145
"W. Bencherifa (34, Khouribga, Botola Pro 22-23)",81.06843080472828
"A. Fofana (23, Dijon, Ligue 2 22-23)",81.03370895332833
"A. Fofana (23, Dijon, Ligue 2 22-23)",80.92773561385343
