Player 1,Similarity
"A. Fikri (18, Arema, BRI Liga 1 22-23)",80.95340762681292
"A. Fikri (18, Arema, BRI Liga 1 22-23)",80.45139028561415
"A. Milaković (30, Leotar, Bosnian Premier League 22-23)",76.0279641639857
"A. Fikri (18, Arema, BRI Liga 1 22-23)",75.4132803706398
"A. Fikri (18, Arema, BRI Liga 1 22-23)",75.17220847596325
"A. Fikri (18, Arema, BRI Liga 1 22-23)",75.08972836611416
"A. Fikri (18, Arema, BRI Liga 1 22-23)",74.54019098327987
"A. Fikri (18, Arema, BRI Liga 1 22-23)",73.00365582907011
"A. Fikri (18, Arema, BRI Liga 1 22-23)",72.18438067490592
"A. Fikri (18, Arema, BRI Liga 1 22-23)",71.72649053410504
"A. Fikri (18, Arema, BRI Liga 1 22-23)",71.36642229424669
"Jajá (28, Madura United, BRI Liga 1 22-23)",71.0145620385608
"A. Fikri (18, Arema, BRI Liga 1 22-23)",70.69278830386054
"A. Fikri (18, Arema, BRI Liga 1 22-23)",70.55668043367137
"A. Fikri (18, Arema, BRI Liga 1 22-23)",70.47080714624649
"A. Fikri (18, Arema, BRI Liga 1 22-23)",70.3773263748759
"A. Fikri (18, Arema, BRI Liga 1 22-23)",70.35602716689253
"A. Fikri (18, Arema, BRI Liga 1 22-23)",70.31277629961397
"A. Fikri (18, Arema, BRI Liga 1 22-23)",70.06685631147789
"S. Mkrtchyan (21, Urartu, Armenian Premier League 22-23)",69.49048820469973
"A. Fikri (18, Arema, BRI Liga 1 22-23)",69.35346665041536
"A. Fikri (18, Arema, BRI Liga 1 22-23)",69.34828772640967
"A. Fikri (18, Arema, BRI Liga 1 22-23)",69.02912823378693
"A. Fikri (18, Arema, BRI Liga 1 22-23)",68.7115566312631
"A. Fikri (18, Arema, BRI Liga 1 22-23)",68.46740035063145
