Player 1,Similarity
"A. Groiß (24, Bayreuth, 3. Liga 22-23)",82.06841467086778
"A. Groiß (24, Bayreuth, 3. Liga 22-23)",79.48837853966232
"A. Groiß (24, Bayreuth, 3. Liga 22-23)",77.69096058661535
"A. Groiß (24, Bayreuth, 3. Liga 22-23)",76.39760984813509
"A. Groiß (24, Bayreuth, 3. Liga 22-23)",74.73411417039377
"A. Groiß (24, Bayreuth, 3. Liga 22-23)",73.89792563168739
"A. Groiß (24, Bayreuth, 3. Liga 22-23)",73.72682600357487
"A. Groiß (24, Bayreuth, 3. Liga 22-23)",73.7246255711406
"A. Groiß (24, Bayreuth, 3. Liga 22-23)",73.58693631805909
"A. Groiß (24, Bayreuth, 3. Liga 22-23)",73.5579175073686
"A. Groiß (24, Bayreuth, 3. Liga 22-23)",73.37697224092283
"B. Rother (26, Rot-Weiss Essen, 3. Liga 22-23)",72.23670890081051
"A. Groiß (24, Bayreuth, 3. Liga 22-23)",72.08531639204351
"A. Groiß (24, Bayreuth, 3. Liga 22-23)",71.90132676148858
"A. Groiß (24, Bayreuth, 3. Liga 22-23)",71.78986952130766
"A. Groiß (24, Bayreuth, 3. Liga 22-23)",70.87617503591377
"A. Groiß (24, Bayreuth, 3. Liga 22-23)",69.9124225193101
"A. Groiß (24, Bayreuth, 3. Liga 22-23)",69.75037656528218
"A. Groiß (24, Bayreuth, 3. Liga 22-23)",69.36143395555624
"A. Groiß (24, Bayreuth, 3. Liga 22-23)",69.07563399833712
"A. Groiß (24, Bayreuth, 3. Liga 22-23)",68.75567188186537
"A. Groiß (24, Bayreuth, 3. Liga 22-23)",68.11934994925544
"A. Groiß (24, Bayreuth, 3. Liga 22-23)",68.05613739388518
"A. Groiß (24, Bayreuth, 3. Liga 22-23)",67.85715899693335
"A. Groiß (24, Bayreuth, 3. Liga 22-23)",67.77682775547262
