Player 1,Similarity
"A. Grgić (28, Rijeka, 1. HNL 22-23)",86.93061370774046
"A. Grgić (28, Rijeka, 1. HNL 22-23)",84.96716877980286
"A. Grgić (28, Rijeka, 1. HNL 22-23)",84.95134094106956
"A. Grgić (28, Rijeka, 1. HNL 22-23)",84.63072652204971
"A. Grgić (28, Rijeka, 1. HNL 22-23)",84.40384916970157
"A. Grgić (28, Rijeka, 1. HNL 22-23)",83.9075609207249
"A. Grgić (28, Rijeka, 1. HNL 22-23)",83.17665702629675
"A. Grgić (28, Rijeka, 1. HNL 22-23)",83.11225592281038
"A. Grgić (28, Rijeka, 1. HNL 22-23)",82.87974805027083
"A. Grgić (28, Rijeka, 1. HNL 22-23)",82.6003173613927
"A. Grgić (28, Rijeka, 1. HNL 22-23)",82.27575429914693
"A. Grgić (28, Rijeka, 1. HNL 22-23)",82.09759337465887
"A. Grgić (28, Rijeka, 1. HNL 22-23)",81.89869636912137
"A. Grgić (28, Rijeka, 1. HNL 22-23)",81.43716080287369
"A. Grgić (28, Rijeka, 1. HNL 22-23)",81.42104426399797
"A. Grgić (28, Rijeka, 1. HNL 22-23)",81.24308079891655
"A. Grgić (28, Rijeka, 1. HNL 22-23)",81.21749518799854
"A. Grgić (28, Rijeka, 1. HNL 22-23)",80.6908768690448
"A. Grgić (28, Rijeka, 1. HNL 22-23)",80.61864479629357
"A. Grgić (28, Rijeka, 1. HNL 22-23)",80.295861874935
"A. Grgić (28, Rijeka, 1. HNL 22-23)",80.24697974354005
"A. Grgić (28, Rijeka, 1. HNL 22-23)",80.14196066894688
"A. Grgić (28, Rijeka, 1. HNL 22-23)",80.09686531837022
"A. Grgić (28, Rijeka, 1. HNL 22-23)",79.97086572225292
"A. Grgić (28, Rijeka, 1. HNL 22-23)",79.65845529881669
