Player 1,Similarity
"A. Hakimi (24, PSG, Ligue 1 22-23)",84.9186480369297
"A. Hakimi (24, PSG, Ligue 1 22-23)",83.68748896186231
"A. Hakimi (24, PSG, Ligue 1 22-23)",82.4923415440291
"A. Hakimi (24, PSG, Ligue 1 22-23)",81.57884551899645
"A. Hakimi (24, PSG, Ligue 1 22-23)",81.05336312602594
"A. Hakimi (24, PSG, Ligue 1 22-23)",80.19951069253241
"L. Rota (25, AEK Athens, Greek Super League 22-23)",79.68268666862622
"A. Hakimi (24, PSG, Ligue 1 22-23)",78.54777457094183
"L. Advíncula (33, Boca Juniors, Argentinian Primera División 2023)",77.744593155306
"A. Hakimi (24, PSG, Ligue 1 22-23)",77.31501643108788
"Lucas Vázquez (31, Real Madrid, La Liga 22-23)",77.125922668858
"A. Hakimi (24, PSG, Ligue 1 22-23)",76.50061757028328
"A. Hakimi (24, PSG, Ligue 1 22-23)",75.91232378858676
"A. Hakimi (24, PSG, Ligue 1 22-23)",75.77518544857173
"A. Hakimi (24, PSG, Ligue 1 22-23)",75.10266115258088
"A. Hakimi (24, PSG, Ligue 1 22-23)",75.07298063446108
"A. Hakimi (24, PSG, Ligue 1 22-23)",74.89807113224025
"A. Hakimi (24, PSG, Ligue 1 22-23)",74.85941575882579
"A. Hakimi (24, PSG, Ligue 1 22-23)",74.71062773183162
"M. Kerkez (19, AZ, Eredivisie 22-23)",74.59213629127336
"A. Hakimi (24, PSG, Ligue 1 22-23)",74.59080343902986
"M. Köhlert (25, Heerenveen, Eredivisie 22-23)",74.38218143613432
"A. Hakimi (24, PSG, Ligue 1 22-23)",74.24675155043897
"A. Jensen (21, Fredericia, Danish 1. Division 22-23)",74.16095447820574
"N. Mazraoui (25, Bayern München, Bundesliga 22-23)",73.79536409413825
