Player 1,Similarity
"A. Hiroš (26, Šibenik, 1. HNL 22-23)",76.55276029434472
"A. Hiroš (26, Šibenik, 1. HNL 22-23)",75.51509850068206
"A. Hiroš (26, Šibenik, 1. HNL 22-23)",75.14082302711445
"A. Hiroš (26, Šibenik, 1. HNL 22-23)",74.8247243990313
"A. Hiroš (26, Šibenik, 1. HNL 22-23)",74.22031867750323
"A. Hiroš (26, Šibenik, 1. HNL 22-23)",74.0607339479119
"A. Hiroš (26, Šibenik, 1. HNL 22-23)",74.01648248286853
"A. Hiroš (26, Šibenik, 1. HNL 22-23)",73.65943590060145
"A. Hiroš (26, Šibenik, 1. HNL 22-23)",73.6584943840225
"A. Hiroš (26, Šibenik, 1. HNL 22-23)",72.94767772267946
"A. Hiroš (26, Šibenik, 1. HNL 22-23)",71.6809622990748
"A. Hiroš (26, Šibenik, 1. HNL 22-23)",71.65047177708054
"A. Hiroš (26, Šibenik, 1. HNL 22-23)",71.50423842156658
"A. Hiroš (26, Šibenik, 1. HNL 22-23)",71.01364710580731
"A. Hiroš (26, Šibenik, 1. HNL 22-23)",70.74762503989821
"A. Hiroš (26, Šibenik, 1. HNL 22-23)",70.73759511091879
"A. Hiroš (26, Šibenik, 1. HNL 22-23)",70.58944653764492
"A. Hiroš (26, Šibenik, 1. HNL 22-23)",70.51440209287844
"A. Hiroš (26, Šibenik, 1. HNL 22-23)",70.31368310446999
"A. Hiroš (26, Šibenik, 1. HNL 22-23)",70.272158993829
"A. Hiroš (26, Šibenik, 1. HNL 22-23)",70.0150756043347
"A. Hiroš (26, Šibenik, 1. HNL 22-23)",69.99528310485695
"A. Hiroš (26, Šibenik, 1. HNL 22-23)",69.96727765975056
"A. Hiroš (26, Šibenik, 1. HNL 22-23)",69.82492489053624
"A. Hiroš (26, Šibenik, 1. HNL 22-23)",69.68707964404183
