Player 1,Similarity
"Z. Buurmeester (20, AZ II, Eerste Divisie 22-23)",76.57094292871768
"A. Ito (24, Urawa Reds, J1 2023)",75.7244596165026
"A. Ito (24, Urawa Reds, J1 2023)",74.90200243507577
"A. Ito (24, Urawa Reds, J1 2023)",74.89079509345532
"A. O'Neill (24, Melbourne City, A-League Men 22-23)",73.29215966954946
"M. Zabukovnik (22, Celje, 1. SNL 22-23)",72.73891807124852
"A. Ito (24, Urawa Reds, J1 2023)",72.58387217547208
"É. Gutiérrez (27, PSV, Eredivisie 22-23)",72.38883809187602
"Mohamed Ghanam (26, Future, Egyptian Premier League 22-23)",72.25929106295271
"J. Karlström (27, Lech Poznań, Ekstraklasa 22-23)",71.97737909651185
"A. Dieng (25, Al Ahly, Egyptian Premier League 22-23)",71.59279404437935
"A. Ito (24, Urawa Reds, J1 2023)",71.17396837076724
"E. Skhiri (28, Köln, Bundesliga 22-23)",70.77469827727822
"A. Assis (30, Orense, Ecuador Liga Pro 2023)",70.68401268509139
"U. Iwu (23, Urartu, Armenian Premier League 22-23)",70.38364776810523
"A. Ito (24, Urawa Reds, J1 2023)",70.21012981687262
"A. Ito (24, Urawa Reds, J1 2023)",69.84266794357285
"A. Ito (24, Urawa Reds, J1 2023)",69.30940657461927
"A. Ito (24, Urawa Reds, J1 2023)",69.26989276808443
"A. Ito (24, Urawa Reds, J1 2023)",68.94518452660922
"A. Ito (24, Urawa Reds, J1 2023)",68.86589042137213
"A. Ito (24, Urawa Reds, J1 2023)",68.74575576338643
"A. Ito (24, Urawa Reds, J1 2023)",68.40851498860923
"A. Ito (24, Urawa Reds, J1 2023)",68.28174989438412
"Hamdi Fathi (28, Al Ahly, Egyptian Premier League 22-23)",68.02674951072521
