Player 1,Similarity
"A. Král (25, Schalke 04, Bundesliga 22-23)",55.93497127607517
"A. Král (25, Schalke 04, Bundesliga 22-23)",51.30534214958036
"A. Král (25, Schalke 04, Bundesliga 22-23)",48.51254593797532
"A. Král (25, Schalke 04, Bundesliga 22-23)",48.17578365382095
"A. Král (25, Schalke 04, Bundesliga 22-23)",45.09043761946134
"A. Král (25, Schalke 04, Bundesliga 22-23)",44.49808298322966
"A. Král (25, Schalke 04, Bundesliga 22-23)",44.21384122392488
"A. Král (25, Schalke 04, Bundesliga 22-23)",44.05768082603109
"A. Král (25, Schalke 04, Bundesliga 22-23)",42.69265178064001
"A. Král (25, Schalke 04, Bundesliga 22-23)",42.08776088842786
"A. Král (25, Schalke 04, Bundesliga 22-23)",41.93678874919073
"A. Král (25, Schalke 04, Bundesliga 22-23)",41.41766627768907
"A. Král (25, Schalke 04, Bundesliga 22-23)",41.25868688211551
"A. Král (25, Schalke 04, Bundesliga 22-23)",40.09400095218542
"A. Král (25, Schalke 04, Bundesliga 22-23)",40.058415439649416
"A. Král (25, Schalke 04, Bundesliga 22-23)",39.98546374326024
"A. Král (25, Schalke 04, Bundesliga 22-23)",39.08393151388256
"J. Schöppner (23, Heidenheim, 2. Bundesliga 22-23)",38.85067399929289
"A. Král (25, Schalke 04, Bundesliga 22-23)",38.71590106243934
"A. Král (25, Schalke 04, Bundesliga 22-23)",38.33827863267257
"A. Král (25, Schalke 04, Bundesliga 22-23)",38.310675323157504
"A. Losilla (37, Bochum, Bundesliga 22-23)",38.25710894865521
"A. Král (25, Schalke 04, Bundesliga 22-23)",38.01609934552535
"A. Král (25, Schalke 04, Bundesliga 22-23)",37.645200658596224
"A. Král (25, Schalke 04, Bundesliga 22-23)",37.577835271350295
