Player 1,Similarity
"A. Krdžalić (18, Olimpija, 1. SNL 22-23)",85.31397228437183
"A. Krdžalić (18, Olimpija, 1. SNL 22-23)",82.78704953884608
"A. Krdžalić (18, Olimpija, 1. SNL 22-23)",79.38038445556901
"A. Krdžalić (18, Olimpija, 1. SNL 22-23)",78.96567475948318
"A. Krdžalić (18, Olimpija, 1. SNL 22-23)",78.69201538845026
"A. Krdžalić (18, Olimpija, 1. SNL 22-23)",78.47148241208893
"A. Krdžalić (18, Olimpija, 1. SNL 22-23)",78.00890039057957
"A. Krdžalić (18, Olimpija, 1. SNL 22-23)",77.81796818049202
"A. Krdžalić (18, Olimpija, 1. SNL 22-23)",77.33496000278528
"A. Krdžalić (18, Olimpija, 1. SNL 22-23)",77.2044105955637
"A. Krdžalić (18, Olimpija, 1. SNL 22-23)",77.19979323364919
"A. Krdžalić (18, Olimpija, 1. SNL 22-23)",77.16754343122652
"A. Krdžalić (18, Olimpija, 1. SNL 22-23)",76.99522168521617
"A. Krdžalić (18, Olimpija, 1. SNL 22-23)",76.35722901856066
"A. Krdžalić (18, Olimpija, 1. SNL 22-23)",74.9261495790711
"A. Krdžalić (18, Olimpija, 1. SNL 22-23)",74.81107570910996
"A. Krdžalić (18, Olimpija, 1. SNL 22-23)",74.59990421839248
"A. Krdžalić (18, Olimpija, 1. SNL 22-23)",74.29841485699131
"A. Krdžalić (18, Olimpija, 1. SNL 22-23)",74.06546974158414
"A. Krdžalić (18, Olimpija, 1. SNL 22-23)",73.70780626242592
"A. Krdžalić (18, Olimpija, 1. SNL 22-23)",73.64720935562698
"A. Krdžalić (18, Olimpija, 1. SNL 22-23)",73.61453229077509
"A. Krdžalić (18, Olimpija, 1. SNL 22-23)",73.54394045101733
"A. Krdžalić (18, Olimpija, 1. SNL 22-23)",73.33507770938338
"A. Krdžalić (18, Olimpija, 1. SNL 22-23)",73.24709748412741
