Player 1,Similarity
"A. Kotnik (27, Koper, 1. SNL 22-23)",90.70931820752484
"A. Kotnik (27, Koper, 1. SNL 22-23)",90.51611312869838
"A. Kotnik (27, Koper, 1. SNL 22-23)",87.25207822450312
"A. Kotnik (27, Koper, 1. SNL 22-23)",87.06249359510124
"A. Kotnik (27, Koper, 1. SNL 22-23)",85.07948785476796
"A. Kotnik (27, Koper, 1. SNL 22-23)",84.27088372761646
"A. Kotnik (27, Koper, 1. SNL 22-23)",83.69631102530319
"S. Seslar (21, Olimpija, 1. SNL 22-23)",83.12347390959025
"A. Kotnik (27, Koper, 1. SNL 22-23)",82.82891405374265
"A. Kotnik (27, Koper, 1. SNL 22-23)",82.73292806481703
"A. Kotnik (27, Koper, 1. SNL 22-23)",82.68086670365106
"A. Kotnik (27, Koper, 1. SNL 22-23)",82.59362623663891
"A. Kotnik (27, Koper, 1. SNL 22-23)",81.70571302667793
"A. Kotnik (27, Koper, 1. SNL 22-23)",81.68808830561612
"A. Kotnik (27, Koper, 1. SNL 22-23)",81.45377779810397
"A. Kotnik (27, Koper, 1. SNL 22-23)",80.9090607062512
"A. Kotnik (27, Koper, 1. SNL 22-23)",80.89585829648499
"A. Kotnik (27, Koper, 1. SNL 22-23)",80.8652126631996
"A. Kotnik (27, Koper, 1. SNL 22-23)",80.74561269555474
"A. Kotnik (27, Koper, 1. SNL 22-23)",80.39346329777888
"A. Kotnik (27, Koper, 1. SNL 22-23)",80.06021383445163
"A. Kotnik (27, Koper, 1. SNL 22-23)",79.99165109447927
