Player 1,Similarity
"A. Llugiqi (20, Ingolstadt, 3. Liga 22-23)",68.12418258902682
"A. Llugiqi (20, Ingolstadt, 3. Liga 22-23)",67.20921226772663
"A. Llugiqi (20, Ingolstadt, 3. Liga 22-23)",66.01692640445634
"A. Llugiqi (20, Ingolstadt, 3. Liga 22-23)",64.95563939243684
"A. Llugiqi (20, Ingolstadt, 3. Liga 22-23)",63.36974261344476
"J. Castrop (19, Nürnberg, 2. Bundesliga 22-23)",62.17253958133583
"A. Llugiqi (20, Ingolstadt, 3. Liga 22-23)",61.371202152074325
"A. Llugiqi (20, Ingolstadt, 3. Liga 22-23)",61.00961096610295
"A. Llugiqi (20, Ingolstadt, 3. Liga 22-23)",60.63293488802303
"A. Llugiqi (20, Ingolstadt, 3. Liga 22-23)",60.13502455292171
"A. Llugiqi (20, Ingolstadt, 3. Liga 22-23)",60.06384135092206
"A. Llugiqi (20, Ingolstadt, 3. Liga 22-23)",59.75987612324008
"A. Llugiqi (20, Ingolstadt, 3. Liga 22-23)",58.75346450052121
"A. Llugiqi (20, Ingolstadt, 3. Liga 22-23)",58.729716819471946
"A. Llugiqi (20, Ingolstadt, 3. Liga 22-23)",58.25321162259587
"A. Llugiqi (20, Ingolstadt, 3. Liga 22-23)",58.19936983675538
"A. Llugiqi (20, Ingolstadt, 3. Liga 22-23)",57.6933576853683
"A. Llugiqi (20, Ingolstadt, 3. Liga 22-23)",57.66624961812236
"A. Llugiqi (20, Ingolstadt, 3. Liga 22-23)",57.645056136352814
"A. Llugiqi (20, Ingolstadt, 3. Liga 22-23)",57.42988797882336
"A. Llugiqi (20, Ingolstadt, 3. Liga 22-23)",57.17293191635909
"A. Llugiqi (20, Ingolstadt, 3. Liga 22-23)",57.15194790593113
"A. Llugiqi (20, Ingolstadt, 3. Liga 22-23)",56.69771709314762
"A. Llugiqi (20, Ingolstadt, 3. Liga 22-23)",56.28956033426472
"A. Llugiqi (20, Ingolstadt, 3. Liga 22-23)",56.00834302344227
