Player 1,Similarity
"A. Paločević (29, Seoul, K League 1 2023)",82.11875195106131
"Y. Tomidokoro (33, Ryūkyū, J3 2023)",78.29572735539261
"A. Krdžalić (18, Olimpija, 1. SNL 22-23)",78.00890039057957
"A. Paločević (29, Seoul, K League 1 2023)",76.01586532322058
"A. Paločević (29, Seoul, K League 1 2023)",75.84146879804429
"A. Paločević (29, Seoul, K League 1 2023)",75.09112182210151
"A. Paločević (29, Seoul, K League 1 2023)",74.57275711277389
"A. Paločević (29, Seoul, K League 1 2023)",73.73389637260763
"A. Paločević (29, Seoul, K League 1 2023)",73.30059559908044
"Chuca (25, Miedź Legnica, Ekstraklasa 22-23)",73.08324144805098
"A. Paločević (29, Seoul, K League 1 2023)",72.82214541028314
"A. Paločević (29, Seoul, K League 1 2023)",72.14618899781483
"K. Taylor (21, Ajax, Eredivisie 22-23)",71.86193518036593
"A. Paločević (29, Seoul, K League 1 2023)",71.67020355819876
"G. Lódico (25, Instituto, Argentinian Primera División 2023)",71.59742095063628
"A. Paločević (29, Seoul, K League 1 2023)",71.4371621795578
"A. Paločević (29, Seoul, K League 1 2023)",71.3751834100753
"A. Paločević (29, Seoul, K League 1 2023)",71.28186579163379
"A. Paločević (29, Seoul, K League 1 2023)",71.24314921806294
"A. Paločević (29, Seoul, K League 1 2023)",71.12553304834697
"A. Paločević (29, Seoul, K League 1 2023)",71.02358532195154
"A. Paločević (29, Seoul, K League 1 2023)",70.96151408142882
"Erick Pluas (21, Orense, Ecuador Liga Pro 2023)",70.95018478139814
"A. Paločević (29, Seoul, K League 1 2023)",70.87905024582558
"A. Paločević (29, Seoul, K League 1 2023)",70.7492141356293
