Player 1,Similarity
"A. Ramsey (32, Nice, Ligue 1 22-23)",83.44451082285987
"A. Ramsey (32, Nice, Ligue 1 22-23)",82.24476944180049
"A. Ramsey (32, Nice, Ligue 1 22-23)",81.27523110052525
"A. Ramsey (32, Nice, Ligue 1 22-23)",81.05307979193381
"A. Ramsey (32, Nice, Ligue 1 22-23)",80.81664753104637
"A. Ramsey (32, Nice, Ligue 1 22-23)",80.24036491798702
"F. Bérenguer (34, Melbourne City, A-League Men 22-23)",79.69351570989389
"A. Ramsey (32, Nice, Ligue 1 22-23)",79.68327832580611
"A. Ramsey (32, Nice, Ligue 1 22-23)",79.49975087918361
"A. Ramsey (32, Nice, Ligue 1 22-23)",79.46147188457996
"R. Hirakawa (23, Roasso Kumamoto, J2 2023)",79.29814983588602
"A. Ramsey (32, Nice, Ligue 1 22-23)",79.23700819527538
"A. Ramsey (32, Nice, Ligue 1 22-23)",79.0720134351215
"S. Fraser (28, Charlton Athletic, League One 22-23)",78.86067481924387
"M. Rygaard (32, Häcken, Allsvenskan 2023)",78.79646443271335
"A. Ramsey (32, Nice, Ligue 1 22-23)",78.55920280020385
"A. Ramsey (32, Nice, Ligue 1 22-23)",78.45856520001013
"A. Ramsey (32, Nice, Ligue 1 22-23)",78.33900347717557
"A. Ramsey (32, Nice, Ligue 1 22-23)",78.18279679222641
"V. Berisha (30, Melbourne City, A-League Men 22-23)",78.1619689373368
"L. Kelly (27, Rochdale, League Two 22-23)",78.00159255223082
"A. Ramsey (32, Nice, Ligue 1 22-23)",77.81598067981741
"Martí Riverola (32, Atlètic Club d'Escaldes, Andorra Primera Divisió 22-23)",77.51545868326335
"A. Ramsey (32, Nice, Ligue 1 22-23)",77.21156736311451
"D. Kamada (26, Eintracht Frankfurt, Bundesliga 22-23)",77.18603903015169
