Player 1,Similarity
"A. Raehan (19, PSM, BRI Liga 1 22-23)",82.99003812750354
"A. Raehan (19, PSM, BRI Liga 1 22-23)",79.45396718766162
"A. Raehan (19, PSM, BRI Liga 1 22-23)",77.60907649768248
"A. Raehan (19, PSM, BRI Liga 1 22-23)",77.14202665191006
"A. Raehan (19, PSM, BRI Liga 1 22-23)",76.40262488139687
"A. Raehan (19, PSM, BRI Liga 1 22-23)",76.32489087690324
"A. Raehan (19, PSM, BRI Liga 1 22-23)",75.80645381488823
"A. Raehan (19, PSM, BRI Liga 1 22-23)",75.5967928863334
"A. Raehan (19, PSM, BRI Liga 1 22-23)",75.56864391521212
"A. Raehan (19, PSM, BRI Liga 1 22-23)",75.51208098918133
"A. Raehan (19, PSM, BRI Liga 1 22-23)",74.83043651875457
"A. Raehan (19, PSM, BRI Liga 1 22-23)",74.63709475385656
"A. Raehan (19, PSM, BRI Liga 1 22-23)",73.75341166410388
"A. Raehan (19, PSM, BRI Liga 1 22-23)",73.39817718993437
"A. Raehan (19, PSM, BRI Liga 1 22-23)",73.282263147305
"A. Raehan (19, PSM, BRI Liga 1 22-23)",73.25429418305028
"A. Raehan (19, PSM, BRI Liga 1 22-23)",72.69802267485778
"A. Raehan (19, PSM, BRI Liga 1 22-23)",72.63964364767799
"L. Beqja (21, Teuta Durrës, Albanian Premier League 22-23)",72.34059156876968
"A. Raehan (19, PSM, BRI Liga 1 22-23)",72.26971092375322
"A. Raehan (19, PSM, BRI Liga 1 22-23)",71.92443162251922
"A. Raehan (19, PSM, BRI Liga 1 22-23)",71.69083546055941
"D. Popara (20, Borac Banja Luka, Bosnian Premier League 22-23)",71.3477486939419
"D. Zajić (28, Sloga Doboj, Bosnian Premier League 22-23)",71.08608772891799
"A. Raehan (19, PSM, BRI Liga 1 22-23)",71.05556150185599
