Player 1,Similarity
"M. Wanitzek (30, Karlsruher SC, 2. Bundesliga 22-23)",75.56943420784232
"A. Stach (24, Mainz 05, Bundesliga 22-23)",72.48310670765431
"A. Stach (24, Mainz 05, Bundesliga 22-23)",72.31909220483772
"A. Castro (28, Tigre, Argentinian Primera División 2023)",72.12911846241386
"A. Stach (24, Mainz 05, Bundesliga 22-23)",71.39374094823795
"A. Stach (24, Mainz 05, Bundesliga 22-23)",71.35108848686448
"M. Braunöder (21, Austria Wien, Austrian Bundesliga 22-23)",71.16503387839973
"A. Stach (24, Mainz 05, Bundesliga 22-23)",70.95370676240765
"A. Stach (24, Mainz 05, Bundesliga 22-23)",70.715081953549
"A. Stach (24, Mainz 05, Bundesliga 22-23)",70.60950198907474
"A. Stach (24, Mainz 05, Bundesliga 22-23)",70.44045488453968
"A. Stach (24, Mainz 05, Bundesliga 22-23)",70.28519576265349
"A. Stach (24, Mainz 05, Bundesliga 22-23)",69.5317008343089
"R. Neudecker (26, Saarbrücken, 3. Liga 22-23)",69.48050768867247
"A. Stach (24, Mainz 05, Bundesliga 22-23)",69.26664384706547
"A. Stach (24, Mainz 05, Bundesliga 22-23)",69.23520651014557
"A. Stach (24, Mainz 05, Bundesliga 22-23)",69.12450567975507
"A. Stach (24, Mainz 05, Bundesliga 22-23)",69.09215395849472
"A. Stach (24, Mainz 05, Bundesliga 22-23)",69.04085786274598
"A. Stach (24, Mainz 05, Bundesliga 22-23)",68.97740624578903
"A. Stach (24, Mainz 05, Bundesliga 22-23)",68.88389769344812
"A. Stach (24, Mainz 05, Bundesliga 22-23)",68.59499653170788
"A. Stach (24, Mainz 05, Bundesliga 22-23)",68.34068985569472
"A. Stach (24, Mainz 05, Bundesliga 22-23)",68.22124286073576
"A. Stach (24, Mainz 05, Bundesliga 22-23)",68.00873750537205
