Player 1,Similarity
"A. Tanjung (29, PSM, BRI Liga 1 22-23)",73.4737417961587
"A. Tanjung (29, PSM, BRI Liga 1 22-23)",72.62388365544219
"A. Tanjung (29, PSM, BRI Liga 1 22-23)",70.94196592920768
"A. Tanjung (29, PSM, BRI Liga 1 22-23)",70.58671887031082
"A. Tanjung (29, PSM, BRI Liga 1 22-23)",67.01950938287743
"A. Tanjung (29, PSM, BRI Liga 1 22-23)",66.7839046426819
"A. Tanjung (29, PSM, BRI Liga 1 22-23)",66.00540237704739
"A. Tanjung (29, PSM, BRI Liga 1 22-23)",65.4038082961434
"A. Tanjung (29, PSM, BRI Liga 1 22-23)",63.7466104593222
"A. Tanjung (29, PSM, BRI Liga 1 22-23)",63.09739955317863
"A. Tanjung (29, PSM, BRI Liga 1 22-23)",62.66198487584301
"A. Borysiuk (31, Laçi, Albanian Premier League 22-23)",62.34050122660929
"P. Grabher (29, Austria Lustenau, Austrian Bundesliga 22-23)",61.719314231013264
"A. Tanjung (29, PSM, BRI Liga 1 22-23)",61.57720411102322
"A. Tanjung (29, PSM, BRI Liga 1 22-23)",61.27122477964644
"I. Rossi (29, Platense, Argentinian Primera División 2023)",60.59418416205923
"A. Tanjung (29, PSM, BRI Liga 1 22-23)",60.11191108455905
"A. Tanjung (29, PSM, BRI Liga 1 22-23)",59.7305693135477
"A. Tanjung (29, PSM, BRI Liga 1 22-23)",59.20005944445208
"A. Tanjung (29, PSM, BRI Liga 1 22-23)",58.83068174180084
"A. Tanjung (29, PSM, BRI Liga 1 22-23)",58.46504912962524
"M. Prietl (31, Arminia Bielefeld, 2. Bundesliga 22-23)",58.34447582249055
"A. Tanjung (29, PSM, BRI Liga 1 22-23)",57.6715138295018
"A. Tanjung (29, PSM, BRI Liga 1 22-23)",57.48844153444001
"A. Tanjung (29, PSM, BRI Liga 1 22-23)",57.38051007230244
