Player 1,Similarity
"A. Žinič (24, Maribor, 1. SNL 22-23)",81.04375495052784
"A. Žinič (24, Maribor, 1. SNL 22-23)",78.05022872714656
"A. Žinič (24, Maribor, 1. SNL 22-23)",75.49908477268961
"A. Žinič (24, Maribor, 1. SNL 22-23)",75.26815481927184
"A. Žinič (24, Maribor, 1. SNL 22-23)",74.67629506063209
"A. Žinič (24, Maribor, 1. SNL 22-23)",73.81183324579311
"A. Žinič (24, Maribor, 1. SNL 22-23)",73.48295991361876
"A. Žinič (24, Maribor, 1. SNL 22-23)",73.44263601373797
"A. Žinič (24, Maribor, 1. SNL 22-23)",72.00386558168047
"A. Žinič (24, Maribor, 1. SNL 22-23)",71.8730163371003
"A. Žinič (24, Maribor, 1. SNL 22-23)",71.41219922960687
"A. Žinič (24, Maribor, 1. SNL 22-23)",71.28101639427243
"A. Žinič (24, Maribor, 1. SNL 22-23)",71.04036251790025
"A. Žinič (24, Maribor, 1. SNL 22-23)",70.93726037538292
"A. Žinič (24, Maribor, 1. SNL 22-23)",70.56212764542144
"A. Žinič (24, Maribor, 1. SNL 22-23)",70.5567805975173
"A. Žinič (24, Maribor, 1. SNL 22-23)",69.88193481234745
"A. Žinič (24, Maribor, 1. SNL 22-23)",69.84165295287677
"A. Žinič (24, Maribor, 1. SNL 22-23)",69.5930279185962
"A. Žinič (24, Maribor, 1. SNL 22-23)",69.57440396919358
"A. Žinič (24, Maribor, 1. SNL 22-23)",69.39134238981408
"A. Žinič (24, Maribor, 1. SNL 22-23)",68.97123180592664
"A. Žinič (24, Maribor, 1. SNL 22-23)",68.90546392670853
"A. Žinič (24, Maribor, 1. SNL 22-23)",68.54685950730642
"A. Žinič (24, Maribor, 1. SNL 22-23)",68.35688392068607
