Player 1,Similarity
"Aarón Martín (26, Mainz 05, Bundesliga 22-23)",90.53515819037392
"Aarón Martín (26, Mainz 05, Bundesliga 22-23)",88.87553968656738
"Aarón Martín (26, Mainz 05, Bundesliga 22-23)",86.91858728980442
"Aarón Martín (26, Mainz 05, Bundesliga 22-23)",86.80412475607349
"Aarón Martín (26, Mainz 05, Bundesliga 22-23)",85.95362200156268
"Aarón Martín (26, Mainz 05, Bundesliga 22-23)",85.25174555990735
"Aarón Martín (26, Mainz 05, Bundesliga 22-23)",84.89579794627086
"Aarón Martín (26, Mainz 05, Bundesliga 22-23)",84.60982781749313
"Aarón Martín (26, Mainz 05, Bundesliga 22-23)",84.22810220827894
"Aarón Martín (26, Mainz 05, Bundesliga 22-23)",84.02346215439765
"Aarón Martín (26, Mainz 05, Bundesliga 22-23)",83.20975448659308
"Aarón Martín (26, Mainz 05, Bundesliga 22-23)",83.12732374695337
"Aarón Martín (26, Mainz 05, Bundesliga 22-23)",82.83865446510794
"Aarón Martín (26, Mainz 05, Bundesliga 22-23)",82.80184381052166
"Aarón Martín (26, Mainz 05, Bundesliga 22-23)",82.8002127766262
"Aarón Martín (26, Mainz 05, Bundesliga 22-23)",82.51417040687711
"Aarón Martín (26, Mainz 05, Bundesliga 22-23)",82.23514029446247
"Aarón Martín (26, Mainz 05, Bundesliga 22-23)",82.12941898842662
"Aarón Martín (26, Mainz 05, Bundesliga 22-23)",82.0220331733092
"Aarón Martín (26, Mainz 05, Bundesliga 22-23)",81.86559646988535
"Aarón Martín (26, Mainz 05, Bundesliga 22-23)",81.74783609322422
"Aarón Martín (26, Mainz 05, Bundesliga 22-23)",81.71481354347769
"Aarón Martín (26, Mainz 05, Bundesliga 22-23)",81.64345372159978
"Aarón Martín (26, Mainz 05, Bundesliga 22-23)",81.02420656417812
"Aarón Martín (26, Mainz 05, Bundesliga 22-23)",80.95105357034438
