Player 1,Similarity
"Aldair (31, Olimpija, 1. SNL 22-23)",92.15001161780864
"Aldair (31, Olimpija, 1. SNL 22-23)",92.03498362074504
"Aldair (31, Olimpija, 1. SNL 22-23)",91.74302110292253
"Aldair (31, Olimpija, 1. SNL 22-23)",91.1777171769504
"Aldair (31, Olimpija, 1. SNL 22-23)",90.249345768878
"Aldair (31, Olimpija, 1. SNL 22-23)",90.01259298000657
"Aldair (31, Olimpija, 1. SNL 22-23)",89.54848607562273
"Aldair (31, Olimpija, 1. SNL 22-23)",89.21996138702688
"Aldair (31, Olimpija, 1. SNL 22-23)",88.87672330839715
"Aldair (31, Olimpija, 1. SNL 22-23)",88.34824425333862
"Aldair (31, Olimpija, 1. SNL 22-23)",88.03260365272111
"Aldair (31, Olimpija, 1. SNL 22-23)",87.62072971968585
"Aldair (31, Olimpija, 1. SNL 22-23)",87.3667967122735
"Aldair (31, Olimpija, 1. SNL 22-23)",87.16047041852924
"Aldair (31, Olimpija, 1. SNL 22-23)",86.95425503980549
"Aldair (31, Olimpija, 1. SNL 22-23)",86.85975316633551
"Aldair (31, Olimpija, 1. SNL 22-23)",86.8160446528603
"Aldair (31, Olimpija, 1. SNL 22-23)",86.68566094272671
"Aldair (31, Olimpija, 1. SNL 22-23)",86.43641473920195
"Aldair (31, Olimpija, 1. SNL 22-23)",86.34285908783254
"Aldair (31, Olimpija, 1. SNL 22-23)",86.13447835982996
"Aldair (31, Olimpija, 1. SNL 22-23)",85.59376569926486
"Aldair (31, Olimpija, 1. SNL 22-23)",85.57711415584232
"Aldair (31, Olimpija, 1. SNL 22-23)",85.26682347634973
"Aldair (31, Olimpija, 1. SNL 22-23)",85.11908240809115
