Player 1,Similarity
"B. Barišić (20, Domžale, 1. SNL 22-23)",90.00989882026249
"B. Barišić (20, Domžale, 1. SNL 22-23)",89.08986328449092
"B. Barišić (20, Domžale, 1. SNL 22-23)",88.13454103741898
"B. Barišić (20, Domžale, 1. SNL 22-23)",88.02799544085326
"B. Barišić (20, Domžale, 1. SNL 22-23)",87.99643224592147
"B. Barišić (20, Domžale, 1. SNL 22-23)",87.67347973768238
"B. Barišić (20, Domžale, 1. SNL 22-23)",87.66418195838203
"B. Barišić (20, Domžale, 1. SNL 22-23)",87.42365608371749
"B. Barišić (20, Domžale, 1. SNL 22-23)",86.4944933333248
"B. Barišić (20, Domžale, 1. SNL 22-23)",85.03965898811047
"F. Ioannidis (23, Panathinaikos, Greek Super League 22-23)",84.51875749072806
"Steven Cárdenas (31, Sporting San José, Costa Rica Primera División 22-23)",84.35022667858051
"B. Barišić (20, Domžale, 1. SNL 22-23)",83.62183046741562
"B. Barišić (20, Domžale, 1. SNL 22-23)",83.53386215932579
"T. Dzvukamanja (29, Orlando Pirates, South Africa PSL 22-23)",83.26543043625806
"B. Barišić (20, Domžale, 1. SNL 22-23)",83.19693544619253
"B. Barišić (20, Domžale, 1. SNL 22-23)",83.10668387966076
"B. Barišić (20, Domžale, 1. SNL 22-23)",82.87588729212825
"S. Vukić (27, Bačka Topola, Serbian SuperLiga 22-23)",82.68455258877113
"B. Barišić (20, Domžale, 1. SNL 22-23)",82.59461506992258
"B. Barišić (20, Domžale, 1. SNL 22-23)",82.35847927166436
"Y. Boli (29, Al Rayyan, Qatari Stars League 22-23)",82.3428514730935
"B. Barišić (20, Domžale, 1. SNL 22-23)",82.15459439727863
"B. Barišić (20, Domžale, 1. SNL 22-23)",82.14888133928622
"B. Barišić (20, Domžale, 1. SNL 22-23)",82.13357621178511
