Player 1,Similarity
"B. Hussein (23, AIK, Allsvenskan 2023)",77.87005739019074
"B. Hussein (23, AIK, Allsvenskan 2023)",77.38639149551182
"B. Hussein (23, AIK, Allsvenskan 2023)",76.91619030751487
"B. Hussein (23, AIK, Allsvenskan 2023)",76.77705813781037
"B. Hussein (23, AIK, Allsvenskan 2023)",76.75802238115126
"B. Hussein (23, AIK, Allsvenskan 2023)",75.12074566703
"B. Hussein (23, AIK, Allsvenskan 2023)",74.66692059599082
"B. Hussein (23, AIK, Allsvenskan 2023)",74.50714742799418
"B. Hussein (23, AIK, Allsvenskan 2023)",74.123729393311
"B. Hussein (23, AIK, Allsvenskan 2023)",74.04132212466814
"B. Hussein (23, AIK, Allsvenskan 2023)",73.83748219219386
"B. Hussein (23, AIK, Allsvenskan 2023)",73.77849075719392
"B. Hussein (23, AIK, Allsvenskan 2023)",73.63295196031655
"B. Hussein (23, AIK, Allsvenskan 2023)",73.3950591007077
"B. Hussein (23, AIK, Allsvenskan 2023)",72.35938490305013
"B. Hussein (23, AIK, Allsvenskan 2023)",71.95771847084727
"B. Hussein (23, AIK, Allsvenskan 2023)",71.38857602411933
"B. Hussein (23, AIK, Allsvenskan 2023)",71.36289886725889
"B. Hussein (23, AIK, Allsvenskan 2023)",71.12534293541944
"B. Hussein (23, AIK, Allsvenskan 2023)",70.822235348704
"B. Hussein (23, AIK, Allsvenskan 2023)",70.57703079549907
"B. Hussein (23, AIK, Allsvenskan 2023)",70.4145679728019
"B. Hussein (23, AIK, Allsvenskan 2023)",70.08590159056962
"B. Hussein (23, AIK, Allsvenskan 2023)",69.88900538862217
"B. Hussein (23, AIK, Allsvenskan 2023)",69.73567563108939
