Player 1,Similarity
"B. Kirsch (27, Bayreuth, 3. Liga 22-23)",76.52653655884109
"B. Kirsch (27, Bayreuth, 3. Liga 22-23)",75.6887306392752
"B. Kirsch (27, Bayreuth, 3. Liga 22-23)",71.41933946494512
"B. Kirsch (27, Bayreuth, 3. Liga 22-23)",71.30221683144512
"B. Kirsch (27, Bayreuth, 3. Liga 22-23)",70.69518130553472
"B. Kirsch (27, Bayreuth, 3. Liga 22-23)",70.10102736981055
"B. Kirsch (27, Bayreuth, 3. Liga 22-23)",69.58685335859934
"B. Kirsch (27, Bayreuth, 3. Liga 22-23)",69.322604453458
"B. Kirsch (27, Bayreuth, 3. Liga 22-23)",69.16681043044483
"B. Kirsch (27, Bayreuth, 3. Liga 22-23)",68.82761289188099
"B. Kirsch (27, Bayreuth, 3. Liga 22-23)",68.71164210690436
"B. Kirsch (27, Bayreuth, 3. Liga 22-23)",67.85013652105309
"B. Kirsch (27, Bayreuth, 3. Liga 22-23)",67.49714151989477
"B. Kirsch (27, Bayreuth, 3. Liga 22-23)",67.47749303691629
"B. Kirsch (27, Bayreuth, 3. Liga 22-23)",67.16266153513395
"B. Kirsch (27, Bayreuth, 3. Liga 22-23)",67.15789340689365
"B. Kirsch (27, Bayreuth, 3. Liga 22-23)",67.07454044700266
"B. Kirsch (27, Bayreuth, 3. Liga 22-23)",66.71794978233517
"B. Kirsch (27, Bayreuth, 3. Liga 22-23)",66.67559453182133
"B. Kirsch (27, Bayreuth, 3. Liga 22-23)",66.60330601168141
"B. Kirsch (27, Bayreuth, 3. Liga 22-23)",66.32256868315373
"B. Kirsch (27, Bayreuth, 3. Liga 22-23)",65.88410550473878
"B. Kirsch (27, Bayreuth, 3. Liga 22-23)",65.83982381290213
"B. Kirsch (27, Bayreuth, 3. Liga 22-23)",65.77728776675428
"B. Kirsch (27, Bayreuth, 3. Liga 22-23)",65.760724143638
