Player 1,Similarity
"B. Mioč (28, Slaven Belupo, 1. HNL 22-23)",68.59062765657835
"B. Mioč (28, Slaven Belupo, 1. HNL 22-23)",66.88730173343575
"B. Mioč (28, Slaven Belupo, 1. HNL 22-23)",66.61803262541159
"B. Mioč (28, Slaven Belupo, 1. HNL 22-23)",65.50778778715754
"B. Mioč (28, Slaven Belupo, 1. HNL 22-23)",65.4213920184927
"B. Mioč (28, Slaven Belupo, 1. HNL 22-23)",63.25087686746019
"B. Mioč (28, Slaven Belupo, 1. HNL 22-23)",60.62731337755445
"B. Mioč (28, Slaven Belupo, 1. HNL 22-23)",60.49845738385675
"B. Mioč (28, Slaven Belupo, 1. HNL 22-23)",59.4984386575688
"B. Mioč (28, Slaven Belupo, 1. HNL 22-23)",59.20342035778421
"B. Mioč (28, Slaven Belupo, 1. HNL 22-23)",58.56027889033515
"B. Mioč (28, Slaven Belupo, 1. HNL 22-23)",58.44983882975071
"B. Mioč (28, Slaven Belupo, 1. HNL 22-23)",57.87942757529909
"B. Mioč (28, Slaven Belupo, 1. HNL 22-23)",57.57941644985423
"B. Mioč (28, Slaven Belupo, 1. HNL 22-23)",56.77587500114689
"B. Mioč (28, Slaven Belupo, 1. HNL 22-23)",56.72225541247099
"B. Mioč (28, Slaven Belupo, 1. HNL 22-23)",56.384564845519805
"B. Mioč (28, Slaven Belupo, 1. HNL 22-23)",56.10099435759388
"B. Mioč (28, Slaven Belupo, 1. HNL 22-23)",55.82476056932941
"B. Mioč (28, Slaven Belupo, 1. HNL 22-23)",54.97016416247268
"B. Mioč (28, Slaven Belupo, 1. HNL 22-23)",54.548316477672806
"B. Mioč (28, Slaven Belupo, 1. HNL 22-23)",54.12824665202559
"B. Mioč (28, Slaven Belupo, 1. HNL 22-23)",53.65592542870038
"B. Mioč (28, Slaven Belupo, 1. HNL 22-23)",53.17933299159093
"B. Mioč (28, Slaven Belupo, 1. HNL 22-23)",52.69902617325856
