Player 1,Similarity
"B. Markuš (22, Domžale, 1. SNL 22-23)",81.00310857897851
"B. Markuš (22, Domžale, 1. SNL 22-23)",80.09239386734146
"B. Markuš (22, Domžale, 1. SNL 22-23)",79.11088718860026
"B. Markuš (22, Domžale, 1. SNL 22-23)",78.57017161598091
"B. Markuš (22, Domžale, 1. SNL 22-23)",77.3158943382951
"B. Markuš (22, Domžale, 1. SNL 22-23)",77.09105035279023
"B. Markuš (22, Domžale, 1. SNL 22-23)",76.45779837849702
"B. Markuš (22, Domžale, 1. SNL 22-23)",74.8532170571939
"B. Markuš (22, Domžale, 1. SNL 22-23)",73.90007821601242
"B. Markuš (22, Domžale, 1. SNL 22-23)",73.04680022044468
"B. Markuš (22, Domžale, 1. SNL 22-23)",73.01256017600565
"B. Markuš (22, Domžale, 1. SNL 22-23)",72.8746840897152
"B. Markuš (22, Domžale, 1. SNL 22-23)",72.7472534193105
"B. Markuš (22, Domžale, 1. SNL 22-23)",72.19493727121909
"B. Markuš (22, Domžale, 1. SNL 22-23)",72.14269261202305
"B. Markuš (22, Domžale, 1. SNL 22-23)",71.46884515400568
"B. Markuš (22, Domžale, 1. SNL 22-23)",71.0417420547718
"B. Markuš (22, Domžale, 1. SNL 22-23)",70.78487834132294
"B. Markuš (22, Domžale, 1. SNL 22-23)",70.72825710620955
"B. Markuš (22, Domžale, 1. SNL 22-23)",70.31190368085389
"B. Markuš (22, Domžale, 1. SNL 22-23)",70.24219505862229
"B. Markuš (22, Domžale, 1. SNL 22-23)",69.75168443411994
"B. Markuš (22, Domžale, 1. SNL 22-23)",69.56750374855828
"B. Markuš (22, Domžale, 1. SNL 22-23)",69.44338538622135
"B. Markuš (22, Domžale, 1. SNL 22-23)",69.37427645466944
