Player 1,Similarity
"B. Selan (18, AŠK Bravo, 1. SNL 22-23)",82.826880959564
"B. Selan (18, AŠK Bravo, 1. SNL 22-23)",72.88402350431778
"B. Selan (18, AŠK Bravo, 1. SNL 22-23)",71.76191862091386
"B. Selan (18, AŠK Bravo, 1. SNL 22-23)",71.02258158796745
"B. Selan (18, AŠK Bravo, 1. SNL 22-23)",70.42379807776304
"B. Selan (18, AŠK Bravo, 1. SNL 22-23)",69.0562468140516
"B. Selan (18, AŠK Bravo, 1. SNL 22-23)",68.38375287098202
"B. Selan (18, AŠK Bravo, 1. SNL 22-23)",68.28311874825634
"B. Selan (18, AŠK Bravo, 1. SNL 22-23)",67.71622508278926
"B. Selan (18, AŠK Bravo, 1. SNL 22-23)",67.50460168027801
"B. Selan (18, AŠK Bravo, 1. SNL 22-23)",67.37164362346938
"B. Selan (18, AŠK Bravo, 1. SNL 22-23)",65.72929980171325
"B. Selan (18, AŠK Bravo, 1. SNL 22-23)",65.65780532316404
"B. Selan (18, AŠK Bravo, 1. SNL 22-23)",65.33533382676187
"B. Selan (18, AŠK Bravo, 1. SNL 22-23)",65.13785769120295
"B. Selan (18, AŠK Bravo, 1. SNL 22-23)",64.67763810748085
"B. Selan (18, AŠK Bravo, 1. SNL 22-23)",64.52205648093832
"B. Selan (18, AŠK Bravo, 1. SNL 22-23)",64.51946163127803
"B. Selan (18, AŠK Bravo, 1. SNL 22-23)",64.49041602373907
"B. Selan (18, AŠK Bravo, 1. SNL 22-23)",64.45476422257923
"B. Selan (18, AŠK Bravo, 1. SNL 22-23)",63.888264689354216
"B. Selan (18, AŠK Bravo, 1. SNL 22-23)",63.698745118043455
"B. Selan (18, AŠK Bravo, 1. SNL 22-23)",63.628389724248926
"B. Selan (18, AŠK Bravo, 1. SNL 22-23)",63.461136768775496
"B. Selan (18, AŠK Bravo, 1. SNL 22-23)",62.22298770494356
