Player 1,Similarity
"Talys (24, Slaven Belupo, 1. HNL 22-23)",82.54953261781465
"B. Samte (23, TRAU, I-League 22-23)",81.08498754533748
"B. Samte (23, TRAU, I-League 22-23)",79.54688497393396
"B. Samte (23, TRAU, I-League 22-23)",79.43512198726138
"B. Samte (23, TRAU, I-League 22-23)",78.80330878148968
"B. Samte (23, TRAU, I-League 22-23)",78.25982319873245
"J. Dehm (27, Hannover 96, 2. Bundesliga 22-23)",78.2364517865512
"M. Morello (28, Van, Armenian Premier League 22-23)",77.92002731055025
"B. Samte (23, TRAU, I-League 22-23)",77.88842231182997
"B. Samte (23, TRAU, I-League 22-23)",77.62385580844287
"B. Samte (23, TRAU, I-League 22-23)",77.525795262555
"B. Samte (23, TRAU, I-League 22-23)",77.51104600444262
"B. Samte (23, TRAU, I-League 22-23)",77.29750145680697
"M. Pejazic (18, Liefering, Austrian 2. Liga 22-23)",77.2759416651159
"B. Samte (23, TRAU, I-League 22-23)",77.2405053547321
"B. Samte (23, TRAU, I-League 22-23)",77.07963465245408
"V. Mitev (31, Spartak Varna, Bulgarian First League 22-23)",76.88745722500055
"B. Samte (23, TRAU, I-League 22-23)",76.28866921240845
"B. Samte (23, TRAU, I-League 22-23)",76.28485184404497
"S. Ottesen (22, Stabæk, Eliteserien 2023)",75.97005750257925
"M. Anzolin (22, Wolfsberger AC, Austrian Bundesliga 22-23)",75.78478000252503
"B. Samte (23, TRAU, I-League 22-23)",75.25217359682559
"B. Samte (23, TRAU, I-League 22-23)",75.04002927436272
"B. Samte (23, TRAU, I-League 22-23)",74.70663147154933
"J. Lewicki (17, Jagiellonia Białystok, Ekstraklasa 22-23)",74.40103359428042
