Player 1,Similarity
"Bruno Dybal (29, Persikabo 1973, BRI Liga 1 22-23)",92.2199074209452
"Bruno Dybal (29, Persikabo 1973, BRI Liga 1 22-23)",90.9399188286573
"Bruno Dybal (29, Persikabo 1973, BRI Liga 1 22-23)",90.73631694267412
"Bruno Dybal (29, Persikabo 1973, BRI Liga 1 22-23)",89.7841496188717
"C. Lewis (26, Wellington Phoenix, A-League Men 22-23)",88.3871669714645
"Bruno Dybal (29, Persikabo 1973, BRI Liga 1 22-23)",88.36011314392071
"T. Teuma (29, Union Saint-Gilloise, Belgian Pro League 22-23)",88.26539668072489
"Bruno Dybal (29, Persikabo 1973, BRI Liga 1 22-23)",87.67420492461
"Bruno Dybal (29, Persikabo 1973, BRI Liga 1 22-23)",87.47809557077773
"Bruno Dybal (29, Persikabo 1973, BRI Liga 1 22-23)",87.38311267658837
"J. O'Shea (34, Brisbane Roar, A-League Men 22-23)",87.37450198081585
"Bruno Dybal (29, Persikabo 1973, BRI Liga 1 22-23)",86.70469249483335
"Bruno Dybal (29, Persikabo 1973, BRI Liga 1 22-23)",86.68694733241806
"Bruno Dybal (29, Persikabo 1973, BRI Liga 1 22-23)",86.64284088164351
"Ó. Romero (30, Boca Juniors, Argentinian Primera División 2023)",86.36411224053543
"Bruno Dybal (29, Persikabo 1973, BRI Liga 1 22-23)",86.34659821234293
"Bruno Dybal (29, Persikabo 1973, BRI Liga 1 22-23)",86.34130569769304
"Bruno Dybal (29, Persikabo 1973, BRI Liga 1 22-23)",86.2998384377699
"Bruno Dybal (29, Persikabo 1973, BRI Liga 1 22-23)",85.89544194360691
"Bruno Dybal (29, Persikabo 1973, BRI Liga 1 22-23)",85.8414713766391
"Bruno Dybal (29, Persikabo 1973, BRI Liga 1 22-23)",85.83081914543781
"Bruno Dybal (29, Persikabo 1973, BRI Liga 1 22-23)",85.82300858626941
"S. Peeters (31, Eupen, Belgian Pro League 22-23)",85.77194323639038
"Bruno Dybal (29, Persikabo 1973, BRI Liga 1 22-23)",85.76444997076553
"Bruno Dybal (29, Persikabo 1973, BRI Liga 1 22-23)",85.63888614702357
