Player 1,Similarity
"C. González (30, Toluca, Liga MX 22-23)",91.53387090082636
"G. Gomez (29, Crotone, Serie C 22-23)",88.01251145581188
"C. González (30, Toluca, Liga MX 22-23)",87.3811614104741
"C. González (30, Toluca, Liga MX 22-23)",87.21223724707546
"C. González (30, Toluca, Liga MX 22-23)",87.20836574851928
"C. González (30, Toluca, Liga MX 22-23)",87.09221814809236
"C. González (30, Toluca, Liga MX 22-23)",86.93727171646835
"Darren Lok (31, Sabah, Malaysian Super League 2023)",86.8894778894429
"C. González (30, Toluca, Liga MX 22-23)",86.62448693322385
"C. González (30, Toluca, Liga MX 22-23)",86.39115150032963
"C. González (30, Toluca, Liga MX 22-23)",86.3810955080378
"C. González (30, Toluca, Liga MX 22-23)",86.22393735232983
"C. González (30, Toluca, Liga MX 22-23)",86.09515575176148
"C. González (30, Toluca, Liga MX 22-23)",86.0396634073875
"C. González (30, Toluca, Liga MX 22-23)",85.8979233865706
"C. González (30, Toluca, Liga MX 22-23)",85.7310383177734
"B. Dost (34, Utrecht, Eredivisie 22-23)",85.67963515917879
"C. González (30, Toluca, Liga MX 22-23)",85.59548657223189
"C. González (30, Toluca, Liga MX 22-23)",85.33804662904085
"C. González (30, Toluca, Liga MX 22-23)",85.30890781503679
"C. González (30, Toluca, Liga MX 22-23)",85.26979517750448
"J. Coburn (20, Bristol Rovers, League One 22-23)",85.23787433436524
"C. González (30, Toluca, Liga MX 22-23)",85.06001136604885
"C. González (30, Toluca, Liga MX 22-23)",84.8404300064674
"C. González (30, Toluca, Liga MX 22-23)",84.64433590968814
