Player 1,Similarity
"C. Lannert (24, 1860 München, 3. Liga 22-23)",91.76786743461577
"C. Lannert (24, 1860 München, 3. Liga 22-23)",91.47381136964896
"C. Lannert (24, 1860 München, 3. Liga 22-23)",90.6195317266097
"C. Lannert (24, 1860 München, 3. Liga 22-23)",90.27535931289908
"C. Lannert (24, 1860 München, 3. Liga 22-23)",89.75291828276949
"C. Lannert (24, 1860 München, 3. Liga 22-23)",89.46798045207309
"C. Lannert (24, 1860 München, 3. Liga 22-23)",89.28559075635195
"C. Lannert (24, 1860 München, 3. Liga 22-23)",88.25896930830656
"C. Lannert (24, 1860 München, 3. Liga 22-23)",87.91366256125774
"C. Lannert (24, 1860 München, 3. Liga 22-23)",87.72724894406298
"C. Lannert (24, 1860 München, 3. Liga 22-23)",87.61398979253701
"C. Lannert (24, 1860 München, 3. Liga 22-23)",87.54018613568064
"C. Lannert (24, 1860 München, 3. Liga 22-23)",87.5369177776285
"C. Lannert (24, 1860 München, 3. Liga 22-23)",87.45813605963284
"C. Lannert (24, 1860 München, 3. Liga 22-23)",87.43706226306975
"C. Lannert (24, 1860 München, 3. Liga 22-23)",87.3102533362354
"C. Lannert (24, 1860 München, 3. Liga 22-23)",87.27600750196092
"C. Lannert (24, 1860 München, 3. Liga 22-23)",87.24369406006382
"C. Lannert (24, 1860 München, 3. Liga 22-23)",87.23831829835154
"C. Lannert (24, 1860 München, 3. Liga 22-23)",87.19546193005962
"C. Lannert (24, 1860 München, 3. Liga 22-23)",87.18951818530321
"C. Lannert (24, 1860 München, 3. Liga 22-23)",87.08934376930253
"C. Lannert (24, 1860 München, 3. Liga 22-23)",87.03772521966215
"C. Lannert (24, 1860 München, 3. Liga 22-23)",86.93503039495238
"C. Lannert (24, 1860 München, 3. Liga 22-23)",86.72582830193086
