Player 1,Similarity
"C. Santini (31, Rimini, Serie C 22-23)",92.23337509779468
"C. Santini (31, Rimini, Serie C 22-23)",89.24594033458575
"C. Santini (31, Rimini, Serie C 22-23)",88.45646040414256
"S. Simeri (30, Imolese, Serie C 22-23)",88.02225710503417
"D. Szczepan (28, Ruch Chorzów, Polish I Liga 22-23)",87.54867049424966
"A. Londono (21, Comunicaciones, Guatemala Liga Nacional 22-23)",87.52502115350657
"C. Santini (31, Rimini, Serie C 22-23)",87.05864141043335
"Clau Mendes (22, UD Logroñés, Primera División RFEF 22-23)",86.93547178430782
"C. Santini (31, Rimini, Serie C 22-23)",86.59675343375982
"C. Gondo (26, Ascoli, Serie B 22-23)",86.54879344441315
"A. Erceg (33, Istra 1961, 1. HNL 22-23)",86.52044664609336
"C. Santini (31, Rimini, Serie C 22-23)",86.2820443297218
"C. Santini (31, Rimini, Serie C 22-23)",86.18766721382552
"C. Santini (31, Rimini, Serie C 22-23)",86.0759422475201
"C. Santini (31, Rimini, Serie C 22-23)",85.97708508005604
"C. Santini (31, Rimini, Serie C 22-23)",85.75609353101468
"J. Carranza (23, Philadelphia Union, MLS 2023)",85.54858839277867
"C. Santini (31, Rimini, Serie C 22-23)",85.46104107013838
"C. Santini (31, Rimini, Serie C 22-23)",85.1999084016115
"C. Santini (31, Rimini, Serie C 22-23)",85.1770463412715
"C. Santini (31, Rimini, Serie C 22-23)",85.01254071541062
"C. Santini (31, Rimini, Serie C 22-23)",84.7593748542834
"C. Santini (31, Rimini, Serie C 22-23)",84.54055159741303
"C. Santini (31, Rimini, Serie C 22-23)",84.33744006122568
"C. Santini (31, Rimini, Serie C 22-23)",84.29905546440378
