Player 1,Similarity
"D. Ankudinov (19, Van, Armenian Premier League 22-23)",89.8298770325372
"C. Sapong (34, Toronto, MLS 2023)",87.46058451495365
"A. Vilches (31, Ñublense, Chilean Primera División 2023)",86.71762392554598
"C. Sapong (34, Toronto, MLS 2023)",86.51030729498184
"C. Sapong (34, Toronto, MLS 2023)",86.12301254046793
"Matheus Araújo (21, Dainava, Lithuanian A Lyga 2023)",85.2857460110802
"I. Anderson (30, Annan Athletic, Scottish League Two 22-23)",84.75574436453779
"S. Bagaskara (25, Rans Nusantara, BRI Liga 1 22-23)",82.75674965902644
"C. Sapong (34, Toronto, MLS 2023)",82.3299189536535
"C. Sapong (34, Toronto, MLS 2023)",82.30965185388794
"Dudu (23, Nacional, Portugal Segunda Liga 22-23)",81.96781721860069
"C. Sapong (34, Toronto, MLS 2023)",81.81768427125542
"C. Sapong (34, Toronto, MLS 2023)",81.68445597786341
"C. Sapong (34, Toronto, MLS 2023)",81.3572093943193
"C. Sapong (34, Toronto, MLS 2023)",81.35469782745427
"E. Aguirre (24, Santos Laguna, Liga MX 22-23)",81.01661602062681
"C. Sapong (34, Toronto, MLS 2023)",80.90664049158674
"C. Sapong (34, Toronto, MLS 2023)",80.69809668615218
"C. Sapong (34, Toronto, MLS 2023)",80.3593555306002
"C. Sapong (34, Toronto, MLS 2023)",80.15114652811762
"C. Sapong (34, Toronto, MLS 2023)",79.8077944013242
"C. Sapong (34, Toronto, MLS 2023)",79.75076873520591
"B. Guillaume (27, Guingamp, Ligue 2 22-23)",79.6500652409159
"C. Sapong (34, Toronto, MLS 2023)",79.60887981364255
"C. Sapong (34, Toronto, MLS 2023)",79.392205357087
