Player 1,Similarity
"C. Traoré (28, Dijon, Ligue 2 22-23)",83.35545353900675
"C. Traoré (28, Dijon, Ligue 2 22-23)",79.06516818616001
"C. Traoré (28, Dijon, Ligue 2 22-23)",77.68483474033668
"D. Ali (28, Arda, Bulgarian First League 22-23)",76.37565291369118
"L. Lučić (28, Posušje, Bosnian Premier League 22-23)",75.93329739213681
"C. Traoré (28, Dijon, Ligue 2 22-23)",75.61001611830652
"B. Rosenberger (26, Grazer AK, Austrian 2. Liga 22-23)",75.51661432704844
"C. Traoré (28, Dijon, Ligue 2 22-23)",75.02930730432057
"C. Traoré (28, Dijon, Ligue 2 22-23)",74.54909887431029
"C. Traoré (28, Dijon, Ligue 2 22-23)",74.38419079925643
"C. Traoré (28, Dijon, Ligue 2 22-23)",73.68923129074575
"L. Grube (20, Sturm Graz II, Austrian 2. Liga 22-23)",73.39039543833482
"C. Traoré (28, Dijon, Ligue 2 22-23)",73.01637700372187
"C. Traoré (28, Dijon, Ligue 2 22-23)",72.23550964045477
"C. Traoré (28, Dijon, Ligue 2 22-23)",72.16435056488382
"C. Traoré (28, Dijon, Ligue 2 22-23)",71.94958879306773
"C. Traoré (28, Dijon, Ligue 2 22-23)",71.88403415832242
"Léo Borges (22, Pogoń Szczecin, Ekstraklasa 22-23)",71.76581014002484
"C. Traoré (28, Dijon, Ligue 2 22-23)",71.6881881137232
"C. Traoré (28, Dijon, Ligue 2 22-23)",71.47182090086805
"C. Traoré (28, Dijon, Ligue 2 22-23)",71.45565728543343
"E. Tapalov (29, Kyzyl-Zhar, Kazakh Premier League 2023)",71.28285465991013
"C. Traoré (28, Dijon, Ligue 2 22-23)",71.06624452696872
"L. Ibertsberger (19, Liefering, Austrian 2. Liga 22-23)",70.92583900273858
"A. Fofana (23, Dijon, Ligue 2 22-23)",70.78835929849315
