Player 1,Similarity
"C. Tabó (29, Cruz Azul, Liga MX 22-23)",80.76292886915856
"C. Tabó (29, Cruz Azul, Liga MX 22-23)",78.93545545268272
"C. Tabó (29, Cruz Azul, Liga MX 22-23)",76.8801940117024
"C. Tabó (29, Cruz Azul, Liga MX 22-23)",76.08048321250557
"C. Tabó (29, Cruz Azul, Liga MX 22-23)",75.09337850511767
"C. Tabó (29, Cruz Azul, Liga MX 22-23)",73.84774175968575
"C. Tabó (29, Cruz Azul, Liga MX 22-23)",73.54199512145968
"C. Tabó (29, Cruz Azul, Liga MX 22-23)",72.80495623894085
"C. Tabó (29, Cruz Azul, Liga MX 22-23)",72.42515954204337
"P. Jager (19, Grazer AK, Austrian 2. Liga 22-23)",72.04989288479138
"C. Tabó (29, Cruz Azul, Liga MX 22-23)",71.55864372211256
"L. Angol (28, Sutton United, League Two 22-23)",71.45058902198612
"C. Tabó (29, Cruz Azul, Liga MX 22-23)",71.2231869611192
"C. Tabó (29, Cruz Azul, Liga MX 22-23)",71.12430840721345
"C. Tabó (29, Cruz Azul, Liga MX 22-23)",70.21851261493607
"C. Tabó (29, Cruz Azul, Liga MX 22-23)",70.20941814399228
"H. Sawyer (26, Jamshedpur, Indian Super League 22-23)",69.89399017099254
"C. Tabó (29, Cruz Azul, Liga MX 22-23)",69.444857708896
"C. Tabó (29, Cruz Azul, Liga MX 22-23)",69.43386614315575
"N. Cambiaghi (22, Empoli, Serie A 22-23)",69.32063358161388
"Paollo Madeira (26, Hoang Anh Gia Lai, V League 1 2023)",69.06456822024447
"C. Tabó (29, Cruz Azul, Liga MX 22-23)",68.85116931208621
"C. Tabó (29, Cruz Azul, Liga MX 22-23)",68.72822093928448
"Steven Cárdenas (31, Sporting San José, Costa Rica Primera División 22-23)",68.67017770511956
"C. Tabó (29, Cruz Azul, Liga MX 22-23)",68.64578322789748
