Player 1,Similarity
"D. Angga (33, Dewa United, BRI Liga 1 22-23)",82.86489506670972
"D. Angga (33, Dewa United, BRI Liga 1 22-23)",81.53512429516634
"D. Angga (33, Dewa United, BRI Liga 1 22-23)",80.42480330034785
"D. Angga (33, Dewa United, BRI Liga 1 22-23)",80.37947994722371
"D. Angga (33, Dewa United, BRI Liga 1 22-23)",79.3487317326525
"D. Angga (33, Dewa United, BRI Liga 1 22-23)",78.40086966935314
"D. Angga (33, Dewa United, BRI Liga 1 22-23)",78.38520249911026
"D. Angga (33, Dewa United, BRI Liga 1 22-23)",78.00767163135092
"A. Vukčević (26, Rijeka, 1. HNL 22-23)",77.98717125375929
"L. Guwara (26, Jahn Regensburg, 2. Bundesliga 22-23)",77.71698229163535
"D. Angga (33, Dewa United, BRI Liga 1 22-23)",77.59273389685413
"D. Angga (33, Dewa United, BRI Liga 1 22-23)",77.48387884347125
"D. Angga (33, Dewa United, BRI Liga 1 22-23)",77.46021664925621
"D. Angga (33, Dewa United, BRI Liga 1 22-23)",76.87669369218992
"L. Arce (25, Godoy Cruz, Argentinian Primera División 2023)",76.75899889730927
"D. Angga (33, Dewa United, BRI Liga 1 22-23)",76.57848267602047
"D. Angga (33, Dewa United, BRI Liga 1 22-23)",76.48006534424808
"D. Angga (33, Dewa United, BRI Liga 1 22-23)",76.30893025903246
"D. Angga (33, Dewa United, BRI Liga 1 22-23)",76.09054914624824
"D. Angga (33, Dewa United, BRI Liga 1 22-23)",75.92711146988394
"D. Angga (33, Dewa United, BRI Liga 1 22-23)",75.76304942891662
"D. Angga (33, Dewa United, BRI Liga 1 22-23)",75.4549882160815
"D. Angga (33, Dewa United, BRI Liga 1 22-23)",75.28533126598346
"A. Žinič (24, Maribor, 1. SNL 22-23)",75.26815481927184
"D. Mikanović (29, Hajduk Split, 1. HNL 22-23)",74.99831930816991
