Player 1,Similarity
"D. Beljo (21, Osijek, 1. HNL 22-23)",79.156169329163
"D. Beljo (21, Osijek, 1. HNL 22-23)",79.13488497488464
"Y. Ezzejjari (29, Bhayangkara F.C., BRI Liga 1 22-23)",79.06494417037207
"D. Beljo (21, Osijek, 1. HNL 22-23)",78.85515319272575
"D. Beljo (21, Osijek, 1. HNL 22-23)",78.77786803867755
"D. Beljo (21, Osijek, 1. HNL 22-23)",78.50641711667859
"D. Beljo (21, Osijek, 1. HNL 22-23)",78.2292566187391
"D. Beljo (21, Osijek, 1. HNL 22-23)",77.74911362356146
"D. Beljo (21, Osijek, 1. HNL 22-23)",77.10841248658146
"Z. Brincat (24, Mosta, Malta Premier League 22-23)",76.94651173404719
"D. Beljo (21, Osijek, 1. HNL 22-23)",76.80274469129326
"D. Beljo (21, Osijek, 1. HNL 22-23)",76.72342183718526
"D. Beljo (21, Osijek, 1. HNL 22-23)",76.49537432013685
"D. Beljo (21, Osijek, 1. HNL 22-23)",76.31600093603136
"K. Havertz (23, Chelsea, Premier League 22-23)",75.75087560112235
"D. Beljo (21, Osijek, 1. HNL 22-23)",75.5420784809847
"E. Mashike (28, Hamrun Spartans, Malta Premier League 22-23)",75.5380792274992
"D. Beljo (21, Osijek, 1. HNL 22-23)",75.50320826770933
"D. Beljo (21, Osijek, 1. HNL 22-23)",75.47395249917443
"L. Landín (37, Comunicaciones, Guatemala Liga Nacional 22-23)",74.8625303371666
"D. Beljo (21, Osijek, 1. HNL 22-23)",74.81882124487323
"D. Beljo (21, Osijek, 1. HNL 22-23)",74.73379192400917
"J. Obregón (26, Rijeka, 1. HNL 22-23)",74.61821525839511
"D. Beljo (21, Osijek, 1. HNL 22-23)",74.56601780251421
"D. Beljo (21, Osijek, 1. HNL 22-23)",74.49909281382271
