Player 1,Similarity
"D. de Wit (25, AZ, Eredivisie 22-23)",73.53803156746966
"D. de Wit (25, AZ, Eredivisie 22-23)",72.67377927110027
"G. Til (25, PSV, Eredivisie 22-23)",72.19797879733764
"D. de Wit (25, AZ, Eredivisie 22-23)",69.70854908347131
"D. de Wit (25, AZ, Eredivisie 22-23)",68.18385382377022
"H. Nielsen (29, Hannover 96, 2. Bundesliga 22-23)",67.80835925002009
"D. de Wit (25, AZ, Eredivisie 22-23)",67.73586499113912
"D. de Wit (25, AZ, Eredivisie 22-23)",66.68389932924445
"D. de Wit (25, AZ, Eredivisie 22-23)",66.38831675080779
"D. de Wit (25, AZ, Eredivisie 22-23)",65.82699581757032
"D. de Wit (25, AZ, Eredivisie 22-23)",65.43805858191685
"D. de Wit (25, AZ, Eredivisie 22-23)",64.23432678196967
"D. de Wit (25, AZ, Eredivisie 22-23)",64.05707866780497
"D. de Wit (25, AZ, Eredivisie 22-23)",64.04343195212007
"D. de Wit (25, AZ, Eredivisie 22-23)",62.825198723391416
"D. de Wit (25, AZ, Eredivisie 22-23)",62.80264758956973
"I. Tuci (22, Lokomotiva Zagreb, 1. HNL 22-23)",61.48803645205738
"D. de Wit (25, AZ, Eredivisie 22-23)",61.12785937733892
"D. Thomalla (30, Heidenheim, 2. Bundesliga 22-23)",60.46461308556461
"D. de Wit (25, AZ, Eredivisie 22-23)",59.48158731104999
"D. de Wit (25, AZ, Eredivisie 22-23)",58.95652746313157
"D. de Wit (25, AZ, Eredivisie 22-23)",58.41563424527213
