Player 1,Similarity
"D. Ernst (32, Saarbrücken, 3. Liga 22-23)",91.04706623116424
"T. Goppel (26, Wehen Wiesbaden, 3. Liga 22-23)",89.84930232569205
"P. Koronkiewicz (32, Viktoria Köln, 3. Liga 22-23)",88.83956522724017
"D. Ernst (32, Saarbrücken, 3. Liga 22-23)",88.4817397628006
"D. Ernst (32, Saarbrücken, 3. Liga 22-23)",87.34901158487874
"D. Ernst (32, Saarbrücken, 3. Liga 22-23)",87.11760733588227
"D. Ernst (32, Saarbrücken, 3. Liga 22-23)",87.10224568318708
"D. Ernst (32, Saarbrücken, 3. Liga 22-23)",86.90379735714896
"D. Ernst (32, Saarbrücken, 3. Liga 22-23)",86.73408559339971
"D. Ernst (32, Saarbrücken, 3. Liga 22-23)",86.47801290187446
"D. Ernst (32, Saarbrücken, 3. Liga 22-23)",86.1837555196468
"D. Ernst (32, Saarbrücken, 3. Liga 22-23)",85.96927183931818
"D. Ernst (32, Saarbrücken, 3. Liga 22-23)",85.9265583639832
"D. Ernst (32, Saarbrücken, 3. Liga 22-23)",85.89221627007853
"D. Ernst (32, Saarbrücken, 3. Liga 22-23)",85.84169702407112
"D. Ernst (32, Saarbrücken, 3. Liga 22-23)",85.75685987376693
"D. Ernst (32, Saarbrücken, 3. Liga 22-23)",85.68885283416635
"D. Ernst (32, Saarbrücken, 3. Liga 22-23)",85.56597671833005
"D. Ernst (32, Saarbrücken, 3. Liga 22-23)",85.25310980831455
"D. Ernst (32, Saarbrücken, 3. Liga 22-23)",85.24471365448613
"D. Ernst (32, Saarbrücken, 3. Liga 22-23)",85.20939022166588
"D. Ernst (32, Saarbrücken, 3. Liga 22-23)",85.04009916950541
"D. Ernst (32, Saarbrücken, 3. Liga 22-23)",84.9775974294813
"D. Ernst (32, Saarbrücken, 3. Liga 22-23)",84.95221968461841
"D. Ernst (32, Saarbrücken, 3. Liga 22-23)",84.88528580171675
