Player 1,Similarity
"D. Fukazawa (24, Tokyo Verdy, J2 2023)",77.10886251746693
"S. Thandi (23, Karmiotissa, Cyprus 1. Division 22-23)",75.73126185785401
"R. Darbinyan (27, Shirak, Armenian Premier League 22-23)",75.04791232244392
"D. Fukazawa (24, Tokyo Verdy, J2 2023)",73.97260940952911
"D. Fukazawa (24, Tokyo Verdy, J2 2023)",71.71855616823521
"E. Boakye (23, Aris, Cyprus 1. Division 22-23)",71.67647437005124
"J. Jacobs (23, Almere City, Eerste Divisie 22-23)",71.3537075336572
"D. Fukazawa (24, Tokyo Verdy, J2 2023)",71.06250536068237
"D. Fukazawa (24, Tokyo Verdy, J2 2023)",70.78760053779318
"D. Fukazawa (24, Tokyo Verdy, J2 2023)",70.16262793261664
"D. Fukazawa (24, Tokyo Verdy, J2 2023)",69.75955389055835
"D. Fukazawa (24, Tokyo Verdy, J2 2023)",68.8932731730543
"N. Breitenbruch (27, Arsenal de Srandí, Argentinian Primera División 2023)",68.38049443202297
"D. Fukazawa (24, Tokyo Verdy, J2 2023)",68.1622209056338
"D. Fukazawa (24, Tokyo Verdy, J2 2023)",67.78534547839891
"D. Fukazawa (24, Tokyo Verdy, J2 2023)",67.75242562703608
"D. Fukazawa (24, Tokyo Verdy, J2 2023)",67.31609196021964
"D. Fukazawa (24, Tokyo Verdy, J2 2023)",66.93414918906544
"D. Fukazawa (24, Tokyo Verdy, J2 2023)",66.93382603238852
"D. Fukazawa (24, Tokyo Verdy, J2 2023)",66.92903138054874
"V. Jemelka (27, Viktoria Plzeň, Czech Fortuna Liga 22-23)",66.7626527798932
"D. Fukazawa (24, Tokyo Verdy, J2 2023)",66.67570894567983
"D. Fukazawa (24, Tokyo Verdy, J2 2023)",66.6325041188081
"D. Fukazawa (24, Tokyo Verdy, J2 2023)",66.14846680652488
"D. Fukazawa (24, Tokyo Verdy, J2 2023)",66.09561189906925
