Player 1,Similarity
"D. Franke (24, Ingolstadt, 3. Liga 22-23)",80.04958254456605
"D. Franke (24, Ingolstadt, 3. Liga 22-23)",79.64293661480555
"D. Franke (24, Ingolstadt, 3. Liga 22-23)",79.44959688773595
"D. Franke (24, Ingolstadt, 3. Liga 22-23)",78.07217399315857
"D. Franke (24, Ingolstadt, 3. Liga 22-23)",77.13197793565581
"D. Franke (24, Ingolstadt, 3. Liga 22-23)",76.98041458924018
"D. Franke (24, Ingolstadt, 3. Liga 22-23)",76.7287422328513
"D. Franke (24, Ingolstadt, 3. Liga 22-23)",76.62363353850009
"D. Franke (24, Ingolstadt, 3. Liga 22-23)",76.41052053138476
"A. Sicker (26, Sandhausen, 2. Bundesliga 22-23)",76.22712034549235
"D. Franke (24, Ingolstadt, 3. Liga 22-23)",76.12816623725645
"D. Franke (24, Ingolstadt, 3. Liga 22-23)",76.11254867774853
"D. Franke (24, Ingolstadt, 3. Liga 22-23)",75.93438227505594
"D. Franke (24, Ingolstadt, 3. Liga 22-23)",75.47144314956212
"D. Franke (24, Ingolstadt, 3. Liga 22-23)",75.41201212435875
"D. Franke (24, Ingolstadt, 3. Liga 22-23)",75.29428640894041
"D. Franke (24, Ingolstadt, 3. Liga 22-23)",74.99398556711819
"D. Franke (24, Ingolstadt, 3. Liga 22-23)",74.82835569638951
"D. Franke (24, Ingolstadt, 3. Liga 22-23)",74.76763793804598
"D. Franke (24, Ingolstadt, 3. Liga 22-23)",74.12750276845863
"D. Franke (24, Ingolstadt, 3. Liga 22-23)",73.98392421218034
"D. Franke (24, Ingolstadt, 3. Liga 22-23)",73.20305572862533
"D. Franke (24, Ingolstadt, 3. Liga 22-23)",72.899942386968
"D. Franke (24, Ingolstadt, 3. Liga 22-23)",72.83990789707383
"D. Franke (24, Ingolstadt, 3. Liga 22-23)",72.819653488193
