Player 1,Similarity
"D. Gnaase (26, Saarbrücken, 3. Liga 22-23)",79.95070103623677
"D. Gnaase (26, Saarbrücken, 3. Liga 22-23)",79.70381117134993
"D. Gnaase (26, Saarbrücken, 3. Liga 22-23)",79.38437844582764
"D. Gnaase (26, Saarbrücken, 3. Liga 22-23)",79.18114399309714
"D. Gnaase (26, Saarbrücken, 3. Liga 22-23)",79.1578843174023
"D. Gnaase (26, Saarbrücken, 3. Liga 22-23)",78.46980370828229
"D. Puclin (30, Varaždin, 1. HNL 22-23)",78.44526600077072
"D. Gnaase (26, Saarbrücken, 3. Liga 22-23)",78.33051195676141
"D. Gnaase (26, Saarbrücken, 3. Liga 22-23)",78.29995918023923
"D. Gnaase (26, Saarbrücken, 3. Liga 22-23)",78.15703728783011
"D. Gnaase (26, Saarbrücken, 3. Liga 22-23)",77.81307984988021
"D. Gnaase (26, Saarbrücken, 3. Liga 22-23)",77.6695954815822
"D. Gnaase (26, Saarbrücken, 3. Liga 22-23)",77.65420160133473
"D. Gnaase (26, Saarbrücken, 3. Liga 22-23)",77.59937001980536
"D. Gnaase (26, Saarbrücken, 3. Liga 22-23)",77.2334375045004
"D. Gnaase (26, Saarbrücken, 3. Liga 22-23)",77.12066580765861
"D. Gnaase (26, Saarbrücken, 3. Liga 22-23)",76.68192798006767
"D. Gnaase (26, Saarbrücken, 3. Liga 22-23)",76.44753646092771
"D. Gnaase (26, Saarbrücken, 3. Liga 22-23)",76.16007210678401
"A. Ankrah (21, Gorica, 1. SNL 22-23)",75.82413506156686
"D. Gnaase (26, Saarbrücken, 3. Liga 22-23)",75.71916026362273
"D. Gnaase (26, Saarbrücken, 3. Liga 22-23)",75.65052507201985
"D. Gnaase (26, Saarbrücken, 3. Liga 22-23)",75.38440969702123
"D. Gnaase (26, Saarbrücken, 3. Liga 22-23)",75.07274827668034
"D. Gnaase (26, Saarbrücken, 3. Liga 22-23)",74.91005846759906
