Player 1,Similarity
"D. Hrka (23, Gorica, 1. SNL 22-23)",87.77076855786139
"D. Hrka (23, Gorica, 1. SNL 22-23)",80.26253079001891
"D. Hrka (23, Gorica, 1. SNL 22-23)",78.06121889296632
"D. Hrka (23, Gorica, 1. SNL 22-23)",77.8427198283701
"D. Hrka (23, Gorica, 1. SNL 22-23)",75.70445165863514
"D. Hrka (23, Gorica, 1. SNL 22-23)",74.58653398266894
"D. Hrka (23, Gorica, 1. SNL 22-23)",74.42294498771447
"D. Hrka (23, Gorica, 1. SNL 22-23)",73.75075763647338
"D. Hrka (23, Gorica, 1. SNL 22-23)",73.18620669412972
"D. Hrka (23, Gorica, 1. SNL 22-23)",72.60642652392373
"D. Hrka (23, Gorica, 1. SNL 22-23)",72.41248168646713
"D. Hrka (23, Gorica, 1. SNL 22-23)",72.2791348090694
"D. Hrka (23, Gorica, 1. SNL 22-23)",71.95556534588171
"D. Hrka (23, Gorica, 1. SNL 22-23)",71.90015205274422
"D. Hrka (23, Gorica, 1. SNL 22-23)",71.86804853969568
"D. Hrka (23, Gorica, 1. SNL 22-23)",71.74229973645325
"D. Hrka (23, Gorica, 1. SNL 22-23)",71.65766079058005
"D. Hrka (23, Gorica, 1. SNL 22-23)",71.55337897482816
"D. Hrka (23, Gorica, 1. SNL 22-23)",71.51701565919144
"D. Hrka (23, Gorica, 1. SNL 22-23)",71.44565597377188
"D. Hrka (23, Gorica, 1. SNL 22-23)",71.35838346201938
"D. Hrka (23, Gorica, 1. SNL 22-23)",70.91892424422404
"D. Hrka (23, Gorica, 1. SNL 22-23)",70.79408725416933
"D. Hrka (23, Gorica, 1. SNL 22-23)",70.76935702914376
"D. Hrka (23, Gorica, 1. SNL 22-23)",70.73759154944774
