Player 1,Similarity
"J. Gómez (21, Zwickau, 3. Liga 22-23)",87.13438852019031
"D. Iacoponi (21, Foggia, Serie C 22-23)",86.77203152415917
"D. Iacoponi (21, Foggia, Serie C 22-23)",86.6162110358507
"D. Iacoponi (21, Foggia, Serie C 22-23)",83.97106691101308
"D. Iacoponi (21, Foggia, Serie C 22-23)",83.35104424736855
"D. Iacoponi (21, Foggia, Serie C 22-23)",81.89737833684654
"D. Iacoponi (21, Foggia, Serie C 22-23)",81.85626733987209
"D. Iacoponi (21, Foggia, Serie C 22-23)",81.39484899067163
"D. Iacoponi (21, Foggia, Serie C 22-23)",80.55128367509461
"D. Iacoponi (21, Foggia, Serie C 22-23)",80.47214450962828
"G. Laura (27, Samsunspor, Turkish 1. Lig 22-23)",80.28902216731439
"D. Iacoponi (21, Foggia, Serie C 22-23)",80.18310705984977
"Seok-Hwan Hong (20, Gangwon II, K4 League 2023)",80.13033419460932
"D. Iacoponi (21, Foggia, Serie C 22-23)",80.0323808257902
"D. Iacoponi (21, Foggia, Serie C 22-23)",79.94291914113904
"D. Iacoponi (21, Foggia, Serie C 22-23)",79.7235110602177
"D. Iacoponi (21, Foggia, Serie C 22-23)",79.66193683180805
"D. Iacoponi (21, Foggia, Serie C 22-23)",78.73000306324725
"D. Iacoponi (21, Foggia, Serie C 22-23)",78.72356481339853
"D. Iacoponi (21, Foggia, Serie C 22-23)",78.4190299746826
"I. Ndiaye (23, Sheffield United, Championship 22-23)",78.40851589009105
"S. Saporetti (25, Renate, Serie C 22-23)",78.14984322153286
"D. Iacoponi (21, Foggia, Serie C 22-23)",78.11863130245528
"D. Iacoponi (21, Foggia, Serie C 22-23)",78.00801982371262
"D. Iacoponi (21, Foggia, Serie C 22-23)",77.94297061894756
