Player 1,Similarity
"D. Köhn (24, Hannover 96, 2. Bundesliga 22-23)",91.97790016012276
"D. Köhn (24, Hannover 96, 2. Bundesliga 22-23)",91.70863946188884
"D. Köhn (24, Hannover 96, 2. Bundesliga 22-23)",90.3490640720746
"D. Köhn (24, Hannover 96, 2. Bundesliga 22-23)",89.83128128753594
"D. Köhn (24, Hannover 96, 2. Bundesliga 22-23)",89.59285342164739
"D. Köhn (24, Hannover 96, 2. Bundesliga 22-23)",89.47129532984258
"D. Köhn (24, Hannover 96, 2. Bundesliga 22-23)",89.22660589326024
"D. Köhn (24, Hannover 96, 2. Bundesliga 22-23)",88.23092153400319
"D. Köhn (24, Hannover 96, 2. Bundesliga 22-23)",88.11130623344727
"D. Köhn (24, Hannover 96, 2. Bundesliga 22-23)",88.07818784868641
"D. Köhn (24, Hannover 96, 2. Bundesliga 22-23)",87.49188044453936
"D. Köhn (24, Hannover 96, 2. Bundesliga 22-23)",87.45574006429338
"D. Köhn (24, Hannover 96, 2. Bundesliga 22-23)",86.96249319077738
"D. Köhn (24, Hannover 96, 2. Bundesliga 22-23)",86.88796280868041
"D. Köhn (24, Hannover 96, 2. Bundesliga 22-23)",86.53118470648762
"D. Köhn (24, Hannover 96, 2. Bundesliga 22-23)",86.28344454530566
"D. Köhn (24, Hannover 96, 2. Bundesliga 22-23)",86.20688877661605
"D. Köhn (24, Hannover 96, 2. Bundesliga 22-23)",85.55441156851663
"D. Köhn (24, Hannover 96, 2. Bundesliga 22-23)",85.4904393965813
"D. Köhn (24, Hannover 96, 2. Bundesliga 22-23)",85.29892310943279
"D. Köhn (24, Hannover 96, 2. Bundesliga 22-23)",85.01017476145556
"D. Köhn (24, Hannover 96, 2. Bundesliga 22-23)",84.87200797588531
"D. Köhn (24, Hannover 96, 2. Bundesliga 22-23)",84.53925032523259
"D. Köhn (24, Hannover 96, 2. Bundesliga 22-23)",84.51936070116368
"D. Köhn (24, Hannover 96, 2. Bundesliga 22-23)",84.48226807116806
