Player 1,Similarity
"D. Kohr (29, Mainz 05, Bundesliga 22-23)",80.40892089026069
"D. Kohr (29, Mainz 05, Bundesliga 22-23)",80.16453183866818
"D. Kohr (29, Mainz 05, Bundesliga 22-23)",79.89926422721379
"Ž. Benedičič (27, Koper, 1. SNL 22-23)",79.00814459942154
"D. Kohr (29, Mainz 05, Bundesliga 22-23)",78.74496849036315
"D. Kohr (29, Mainz 05, Bundesliga 22-23)",78.48515376137519
"D. Kohr (29, Mainz 05, Bundesliga 22-23)",78.30043760494448
"D. Kohr (29, Mainz 05, Bundesliga 22-23)",78.10808076196982
"D. Kohr (29, Mainz 05, Bundesliga 22-23)",77.80730910902517
"D. Kohr (29, Mainz 05, Bundesliga 22-23)",77.6197732437211
"D. Kohr (29, Mainz 05, Bundesliga 22-23)",76.97475439710759
"D. Kohr (29, Mainz 05, Bundesliga 22-23)",76.93995095450849
"D. Kohr (29, Mainz 05, Bundesliga 22-23)",76.55725947281867
"D. Kohr (29, Mainz 05, Bundesliga 22-23)",75.88456321263011
"D. Kohr (29, Mainz 05, Bundesliga 22-23)",75.60820759185343
"K. Conté (23, St. Pölten, Austrian 2. Liga 22-23)",75.55345527763681
"D. Kohr (29, Mainz 05, Bundesliga 22-23)",75.13829078036869
"D. Kohr (29, Mainz 05, Bundesliga 22-23)",75.01694004131794
"D. Kohr (29, Mainz 05, Bundesliga 22-23)",74.38703166221794
"D. Kohr (29, Mainz 05, Bundesliga 22-23)",73.87221870095479
"D. Kohr (29, Mainz 05, Bundesliga 22-23)",73.38557367343715
"D. Kohr (29, Mainz 05, Bundesliga 22-23)",73.36968166775425
"D. Kohr (29, Mainz 05, Bundesliga 22-23)",73.2574470163321
"Pedro Naressi (25, Ludogorets, Bulgarian First League 22-23)",73.14731909783279
"D. Kohr (29, Mainz 05, Bundesliga 22-23)",72.88373611644359
