Player 1,Similarity
"D. Kouao (26, Tabor Sežana, 1. SNL 22-23)",86.04199969484574
"D. Kouao (26, Tabor Sežana, 1. SNL 22-23)",84.86907094795548
"D. Kouao (26, Tabor Sežana, 1. SNL 22-23)",84.60242405964998
"D. Kouao (26, Tabor Sežana, 1. SNL 22-23)",84.44622002053453
"D. Kouao (26, Tabor Sežana, 1. SNL 22-23)",84.11366290680014
"D. Kouao (26, Tabor Sežana, 1. SNL 22-23)",83.1682551774677
"D. Kouao (26, Tabor Sežana, 1. SNL 22-23)",81.94953769204031
"D. Kouao (26, Tabor Sežana, 1. SNL 22-23)",81.89099400660422
"D. Kouao (26, Tabor Sežana, 1. SNL 22-23)",81.81084523145446
"D. Kouao (26, Tabor Sežana, 1. SNL 22-23)",81.27451605958515
"D. Kouao (26, Tabor Sežana, 1. SNL 22-23)",81.14663982759977
"A. Bosec (25, Slaven Belupo, 1. HNL 22-23)",81.08286001730788
"D. Kouao (26, Tabor Sežana, 1. SNL 22-23)",80.97967818325283
"D. Kouao (26, Tabor Sežana, 1. SNL 22-23)",80.02995564509798
"D. Kouao (26, Tabor Sežana, 1. SNL 22-23)",79.93506958332271
"D. Kouao (26, Tabor Sežana, 1. SNL 22-23)",79.12843714230763
"D. Kouao (26, Tabor Sežana, 1. SNL 22-23)",78.86376716616626
"D. Kouao (26, Tabor Sežana, 1. SNL 22-23)",78.77938286810054
"D. Kouao (26, Tabor Sežana, 1. SNL 22-23)",78.33287714872246
"D. Kouao (26, Tabor Sežana, 1. SNL 22-23)",77.8079218583068
"D. Kouao (26, Tabor Sežana, 1. SNL 22-23)",77.5750615429792
"D. Kouao (26, Tabor Sežana, 1. SNL 22-23)",77.5504556103822
"D. Kouao (26, Tabor Sežana, 1. SNL 22-23)",77.34528797723199
"D. Kouao (26, Tabor Sežana, 1. SNL 22-23)",76.99492851360984
"D. Kouao (26, Tabor Sežana, 1. SNL 22-23)",76.70130613832139
