Player 1,Similarity
"D. Lippert (27, Bayreuth, 3. Liga 22-23)",87.7179155343715
"D. Lippert (27, Bayreuth, 3. Liga 22-23)",86.48180227146173
"D. Lippert (27, Bayreuth, 3. Liga 22-23)",84.69262397749281
"D. Lippert (27, Bayreuth, 3. Liga 22-23)",84.63985832506017
"D. Lippert (27, Bayreuth, 3. Liga 22-23)",84.62314039079526
"D. Lippert (27, Bayreuth, 3. Liga 22-23)",84.58621571586801
"D. Lippert (27, Bayreuth, 3. Liga 22-23)",84.09779887128286
"D. Lippert (27, Bayreuth, 3. Liga 22-23)",83.99075635319497
"D. Lippert (27, Bayreuth, 3. Liga 22-23)",82.89644022474624
"D. Lippert (27, Bayreuth, 3. Liga 22-23)",82.87033832245186
"D. Lippert (27, Bayreuth, 3. Liga 22-23)",82.62672137120401
"D. Lippert (27, Bayreuth, 3. Liga 22-23)",82.29187952465557
"D. Lippert (27, Bayreuth, 3. Liga 22-23)",81.86818922034466
"D. Lippert (27, Bayreuth, 3. Liga 22-23)",81.82515946477503
"D. Lippert (27, Bayreuth, 3. Liga 22-23)",81.50542044133809
"D. Lippert (27, Bayreuth, 3. Liga 22-23)",81.42548995084833
"D. Lippert (27, Bayreuth, 3. Liga 22-23)",81.22544472515366
"D. Lippert (27, Bayreuth, 3. Liga 22-23)",81.17183292599483
"D. Lippert (27, Bayreuth, 3. Liga 22-23)",81.00926726910926
"D. Lippert (27, Bayreuth, 3. Liga 22-23)",80.99775511232411
"D. Lippert (27, Bayreuth, 3. Liga 22-23)",80.72793592550317
"D. Lippert (27, Bayreuth, 3. Liga 22-23)",80.58971940693198
"D. Lippert (27, Bayreuth, 3. Liga 22-23)",80.3812987762235
"D. Lippert (27, Bayreuth, 3. Liga 22-23)",80.31686075635916
"D. Lippert (27, Bayreuth, 3. Liga 22-23)",79.91123754026293
