Player 1,Similarity
"M. Kané (26, Pafos, Cyprus 1. Division 22-23)",66.55855801116334
"D. Márkvárt (28, Vasas, NB I 22-23)",64.62490886784194
"D. Samurkasovi (25, Torpedo Kutaisi, Erovnuli Liga 2023)",64.39282357074968
"Iván Morante (22, Ibiza, La Liga 2 22-23)",63.887129729026725
"D. Bejarano (29, Lamia, Greek Super League 22-23)",61.6779479655022
"V. Wanyama (31, CF Montréal, MLS 2023)",61.44896888208613
"José Ángel Jurado (30, Tenerife, La Liga 2 22-23)",61.37640661824645
"D. Márkvárt (28, Vasas, NB I 22-23)",61.053970523048086
"D. Márkvárt (28, Vasas, NB I 22-23)",60.595208856761886
"G. Manjgaladze (30, Torpedo Kutaisi, Erovnuli Liga 2023)",59.9209910556317
"D. Márkvárt (28, Vasas, NB I 22-23)",59.25247975050482
"G. Triaji (29, Persikabo 1973, BRI Liga 1 22-23)",58.11727898367919
"K. Baccus (31, Macarthur, A-League Men 22-23)",57.2882217132897
"D. Márkvárt (28, Vasas, NB I 22-23)",57.09861667532764
"Lee Seul-Chan (29, Geoje Citizen, K4 League 2023)",56.89566383614662
"D. Márkvárt (28, Vasas, NB I 22-23)",56.592805465324325
"D. Márkvárt (28, Vasas, NB I 22-23)",56.36253210718962
"K. Malinov (29, OH Leuven, Belgian Pro League 22-23)",55.62778342183684
"D. Márkvárt (28, Vasas, NB I 22-23)",55.47395676980156
"D. Márkvárt (28, Vasas, NB I 22-23)",55.250790574226194
"Pape Diop (37, Ibiza, La Liga 2 22-23)",55.02781425648799
"D. Márkvárt (28, Vasas, NB I 22-23)",54.99418408017491
"Luis Muñoz (26, Málaga, La Liga 2 22-23)",54.95298881420455
"D. Márkvárt (28, Vasas, NB I 22-23)",54.48334620453672
"D. Márkvárt (28, Vasas, NB I 22-23)",54.40701565592919
