Player 1,Similarity
"D. Melnjak (30, Hajduk Split, 1. HNL 22-23)",83.37558502232947
"D. Melnjak (30, Hajduk Split, 1. HNL 22-23)",81.2109600334528
"D. Melnjak (30, Hajduk Split, 1. HNL 22-23)",80.1913085745636
"D. Melnjak (30, Hajduk Split, 1. HNL 22-23)",79.60505686396489
"D. Melnjak (30, Hajduk Split, 1. HNL 22-23)",79.37543790289394
"D. Melnjak (30, Hajduk Split, 1. HNL 22-23)",77.37579484956679
"D. Melnjak (30, Hajduk Split, 1. HNL 22-23)",77.36896838711857
"D. Melnjak (30, Hajduk Split, 1. HNL 22-23)",77.12272788484292
"D. Melnjak (30, Hajduk Split, 1. HNL 22-23)",77.081948986212
"D. Melnjak (30, Hajduk Split, 1. HNL 22-23)",76.72741945031785
"D. Melnjak (30, Hajduk Split, 1. HNL 22-23)",76.51078894077938
"D. Melnjak (30, Hajduk Split, 1. HNL 22-23)",76.31970630560193
"D. Melnjak (30, Hajduk Split, 1. HNL 22-23)",76.14411132155004
"D. Melnjak (30, Hajduk Split, 1. HNL 22-23)",76.09476702177055
"D. Melnjak (30, Hajduk Split, 1. HNL 22-23)",75.8156368710504
"D. Melnjak (30, Hajduk Split, 1. HNL 22-23)",75.13068763532748
"D. Melnjak (30, Hajduk Split, 1. HNL 22-23)",75.09996987588922
"D. Melnjak (30, Hajduk Split, 1. HNL 22-23)",75.07107384185807
"D. Melnjak (30, Hajduk Split, 1. HNL 22-23)",75.0629963488899
"D. Melnjak (30, Hajduk Split, 1. HNL 22-23)",75.0279540046681
"D. Melnjak (30, Hajduk Split, 1. HNL 22-23)",74.9744637803027
"D. Melnjak (30, Hajduk Split, 1. HNL 22-23)",74.8230224523483
"D. Melnjak (30, Hajduk Split, 1. HNL 22-23)",74.19111774716397
"D. Melnjak (30, Hajduk Split, 1. HNL 22-23)",74.02185536274611
"D. Melnjak (30, Hajduk Split, 1. HNL 22-23)",74.01931192824115
