Player 1,Similarity
"D. Nejašmić (24, Osijek, 1. HNL 22-23)",82.1876965706007
"D. Nejašmić (24, Osijek, 1. HNL 22-23)",80.5228235041843
"D. Nejašmić (24, Osijek, 1. HNL 22-23)",78.1487247893912
"D. Nejašmić (24, Osijek, 1. HNL 22-23)",76.91374589809396
"D. Nejašmić (24, Osijek, 1. HNL 22-23)",76.85749806130733
"D. Nejašmić (24, Osijek, 1. HNL 22-23)",76.77612762009402
"D. Nejašmić (24, Osijek, 1. HNL 22-23)",75.7855573679932
"D. Nejašmić (24, Osijek, 1. HNL 22-23)",75.16498050402701
"D. Nejašmić (24, Osijek, 1. HNL 22-23)",75.15868612121463
"D. Nejašmić (24, Osijek, 1. HNL 22-23)",73.45918828748879
"D. Nejašmić (24, Osijek, 1. HNL 22-23)",72.15607837148853
"D. Nejašmić (24, Osijek, 1. HNL 22-23)",71.06327283983151
"D. Nejašmić (24, Osijek, 1. HNL 22-23)",70.90241049272556
"D. Nejašmić (24, Osijek, 1. HNL 22-23)",70.33474211272576
"D. Nejašmić (24, Osijek, 1. HNL 22-23)",69.5964658744956
"D. Nejašmić (24, Osijek, 1. HNL 22-23)",69.55017118290871
"D. Nejašmić (24, Osijek, 1. HNL 22-23)",68.14307998146583
"D. Nejašmić (24, Osijek, 1. HNL 22-23)",68.12191751768813
"D. Nejašmić (24, Osijek, 1. HNL 22-23)",67.88093368239421
"D. Nejašmić (24, Osijek, 1. HNL 22-23)",66.91909035189917
"D. Nejašmić (24, Osijek, 1. HNL 22-23)",66.86178184455326
"D. Nejašmić (24, Osijek, 1. HNL 22-23)",66.66689866584935
"D. Nejašmić (24, Osijek, 1. HNL 22-23)",66.41483153124325
"D. Nejašmić (24, Osijek, 1. HNL 22-23)",66.17254970440845
"D. Nejašmić (24, Osijek, 1. HNL 22-23)",65.97016180560699
