Player 1,Similarity
"D. N'Landu (22, Radomlje, 1. SNL 22-23)",79.03862998667996
"D. N'Landu (22, Radomlje, 1. SNL 22-23)",73.98890429302793
"D. N'Landu (22, Radomlje, 1. SNL 22-23)",73.66181255129928
"D. N'Landu (22, Radomlje, 1. SNL 22-23)",73.41867309628431
"D. N'Landu (22, Radomlje, 1. SNL 22-23)",73.39084323186533
"D. N'Landu (22, Radomlje, 1. SNL 22-23)",70.96723124181678
"D. N'Landu (22, Radomlje, 1. SNL 22-23)",70.43595582528242
"D. N'Landu (22, Radomlje, 1. SNL 22-23)",70.00384981352272
"D. N'Landu (22, Radomlje, 1. SNL 22-23)",67.93522617152803
"D. N'Landu (22, Radomlje, 1. SNL 22-23)",67.90877427228837
"D. N'Landu (22, Radomlje, 1. SNL 22-23)",67.907558608196
"D. N'Landu (22, Radomlje, 1. SNL 22-23)",67.81770528738996
"D. N'Landu (22, Radomlje, 1. SNL 22-23)",67.61905403716942
"D. N'Landu (22, Radomlje, 1. SNL 22-23)",67.34313481697932
"D. N'Landu (22, Radomlje, 1. SNL 22-23)",66.81132335242147
"D. N'Landu (22, Radomlje, 1. SNL 22-23)",66.23936684463986
"D. N'Landu (22, Radomlje, 1. SNL 22-23)",65.77325488153838
"D. N'Landu (22, Radomlje, 1. SNL 22-23)",65.7236940638798
"D. N'Landu (22, Radomlje, 1. SNL 22-23)",65.38169541110943
"D. N'Landu (22, Radomlje, 1. SNL 22-23)",65.1334113679928
"D. N'Landu (22, Radomlje, 1. SNL 22-23)",64.92728286651015
"D. N'Landu (22, Radomlje, 1. SNL 22-23)",64.52131502738413
"D. N'Landu (22, Radomlje, 1. SNL 22-23)",63.95486176198675
"D. N'Landu (22, Radomlje, 1. SNL 22-23)",63.64182618385288
"D. N'Landu (22, Radomlje, 1. SNL 22-23)",63.40228466168828
