Player 1,Similarity
"D. Ndure (23, VfB Oldenburg, 3. Liga 22-23)",80.63680476257994
"D. Ndure (23, VfB Oldenburg, 3. Liga 22-23)",80.06606502760205
"D. Ndure (23, VfB Oldenburg, 3. Liga 22-23)",78.72443190786404
"D. Ndure (23, VfB Oldenburg, 3. Liga 22-23)",78.60109087175957
"D. Ndure (23, VfB Oldenburg, 3. Liga 22-23)",78.51356233187865
"D. Ndure (23, VfB Oldenburg, 3. Liga 22-23)",77.67159029575718
"D. Ndure (23, VfB Oldenburg, 3. Liga 22-23)",77.06913597347642
"D. Ndure (23, VfB Oldenburg, 3. Liga 22-23)",76.78433283637662
"D. Ndure (23, VfB Oldenburg, 3. Liga 22-23)",76.48575002950247
"D. Ndure (23, VfB Oldenburg, 3. Liga 22-23)",76.17938413387958
"D. Ndure (23, VfB Oldenburg, 3. Liga 22-23)",75.9234785658533
"D. Ndure (23, VfB Oldenburg, 3. Liga 22-23)",74.80709085348734
"D. Ndure (23, VfB Oldenburg, 3. Liga 22-23)",74.6111119078835
"D. Ndure (23, VfB Oldenburg, 3. Liga 22-23)",74.25498428950561
"D. Ndure (23, VfB Oldenburg, 3. Liga 22-23)",73.89944687236571
"D. Ndure (23, VfB Oldenburg, 3. Liga 22-23)",73.85246617420613
"D. Ndure (23, VfB Oldenburg, 3. Liga 22-23)",73.67074972236107
"D. Ndure (23, VfB Oldenburg, 3. Liga 22-23)",73.45541061737568
"D. Ndure (23, VfB Oldenburg, 3. Liga 22-23)",73.3674588036606
"D. Ndure (23, VfB Oldenburg, 3. Liga 22-23)",73.34168718174995
"D. Ndure (23, VfB Oldenburg, 3. Liga 22-23)",73.32020311612722
"D. Ndure (23, VfB Oldenburg, 3. Liga 22-23)",73.30847935342777
"D. Ndure (23, VfB Oldenburg, 3. Liga 22-23)",72.83436223037599
"D. Ndure (23, VfB Oldenburg, 3. Liga 22-23)",72.79348164014064
"D. Ndure (23, VfB Oldenburg, 3. Liga 22-23)",72.7821652970469
