Player 1,Similarity
"D. Puclin (30, Varaždin, 1. HNL 22-23)",79.73894796690423
"D. Puclin (30, Varaždin, 1. HNL 22-23)",79.65004575175395
"D. Puclin (30, Varaždin, 1. HNL 22-23)",79.45811073912145
"D. Puclin (30, Varaždin, 1. HNL 22-23)",78.44526600077072
"D. Puclin (30, Varaždin, 1. HNL 22-23)",77.70105780835239
"D. Puclin (30, Varaždin, 1. HNL 22-23)",76.42169163877443
"D. Puclin (30, Varaždin, 1. HNL 22-23)",75.99691945762524
"D. Puclin (30, Varaždin, 1. HNL 22-23)",75.38441140588178
"D. Puclin (30, Varaždin, 1. HNL 22-23)",75.22559707145672
"D. Puclin (30, Varaždin, 1. HNL 22-23)",75.13694231721988
"D. Puclin (30, Varaždin, 1. HNL 22-23)",74.46615746742064
"D. Puclin (30, Varaždin, 1. HNL 22-23)",73.3986667859076
"D. Puclin (30, Varaždin, 1. HNL 22-23)",73.22032384607569
"D. Puclin (30, Varaždin, 1. HNL 22-23)",72.90766606813159
"D. Puclin (30, Varaždin, 1. HNL 22-23)",72.8221229453696
"D. Puclin (30, Varaždin, 1. HNL 22-23)",72.65253551616073
"D. Puclin (30, Varaždin, 1. HNL 22-23)",72.53602761539494
"D. Puclin (30, Varaždin, 1. HNL 22-23)",72.22700244590224
"D. Puclin (30, Varaždin, 1. HNL 22-23)",72.03092850578568
"D. Puclin (30, Varaždin, 1. HNL 22-23)",71.97534683644771
"D. Puclin (30, Varaždin, 1. HNL 22-23)",71.76447422041448
"D. Puclin (30, Varaždin, 1. HNL 22-23)",71.63258193492318
"D. Puclin (30, Varaždin, 1. HNL 22-23)",71.56839896781484
"D. Puclin (30, Varaždin, 1. HNL 22-23)",71.49146892425384
"D. Puclin (30, Varaždin, 1. HNL 22-23)",70.71859772637292
