Player 1,Similarity
"D. Popovič (33, Celje, 1. SNL 22-23)",90.45062090472744
"D. Popovič (33, Celje, 1. SNL 22-23)",90.39622569433662
"D. Popovič (33, Celje, 1. SNL 22-23)",89.40334130611484
"D. Popovič (33, Celje, 1. SNL 22-23)",88.96501028378172
"D. Popovič (33, Celje, 1. SNL 22-23)",88.76684780635487
"D. Popovič (33, Celje, 1. SNL 22-23)",88.27379737259749
"D. Popovič (33, Celje, 1. SNL 22-23)",88.25528077331003
"D. Popovič (33, Celje, 1. SNL 22-23)",87.76744229737004
"D. Popovič (33, Celje, 1. SNL 22-23)",87.75952746847592
"D. Popovič (33, Celje, 1. SNL 22-23)",87.20629270720322
"D. Popovič (33, Celje, 1. SNL 22-23)",86.84982172577776
"F. Krovinović (27, Hajduk Split, 1. HNL 22-23)",86.80501697924302
"D. Popovič (33, Celje, 1. SNL 22-23)",86.02372830479302
"D. Popovič (33, Celje, 1. SNL 22-23)",85.97370614940245
"D. Popovič (33, Celje, 1. SNL 22-23)",85.73519378233104
"D. Popovič (33, Celje, 1. SNL 22-23)",85.71072582886579
"D. Popovič (33, Celje, 1. SNL 22-23)",85.48712425797142
"D. Popovič (33, Celje, 1. SNL 22-23)",85.44481235860188
"D. Popovič (33, Celje, 1. SNL 22-23)",85.24879481620016
"D. Popovič (33, Celje, 1. SNL 22-23)",85.1932471168907
"D. Popovič (33, Celje, 1. SNL 22-23)",85.00155253629984
"D. Popovič (33, Celje, 1. SNL 22-23)",84.72650376566338
