Player 1,Similarity
"M. van der Maarel (33, Utrecht, Eredivisie 22-23)",76.14401309779491
"Antonio Luna (32, Volos NFC, Greek Super League 22-23)",70.59928482499964
"D. Steć (29, Lechia Gdańsk, Ekstraklasa 22-23)",70.35178223513498
"M. Bard (22, Nice, Ligue 1 22-23)",69.52612564952602
"D. Yedlin (29, Inter Miami, MLS 2023)",69.19879497773752
"D. Yedlin (29, Inter Miami, MLS 2023)",68.77560522175703
"D. Yedlin (29, Inter Miami, MLS 2023)",68.27155694117567
"D. Yedlin (29, Inter Miami, MLS 2023)",68.21232194437138
"D. Yedlin (29, Inter Miami, MLS 2023)",67.76354974679955
"Yeong-gyu Lee (25, Sejong Vanesse, K4 League 2023)",67.70780755812804
"D. Yedlin (29, Inter Miami, MLS 2023)",67.70374385563439
"D. Yedlin (29, Inter Miami, MLS 2023)",67.64715512606294
"D. Yedlin (29, Inter Miami, MLS 2023)",67.1072981557014
"D. Yedlin (29, Inter Miami, MLS 2023)",67.02896000742875
"D. Yedlin (29, Inter Miami, MLS 2023)",66.94323862431217
"L. De Bock (30, Atromitos, Greek Super League 22-23)",66.81360331944487
"D. Yedlin (29, Inter Miami, MLS 2023)",66.3778237208451
"G. Ginarsa (34, Persikabo 1973, BRI Liga 1 22-23)",66.33550209752013
"J. Tello (20, Deportivo Cali, Colombian Primera Division 22-23)",66.30410169686476
"D. Yedlin (29, Inter Miami, MLS 2023)",66.19640150339798
"D. Yedlin (29, Inter Miami, MLS 2023)",66.02304416735933
"L. Rodríguez (32, Juárez, Liga MX 22-23)",65.99389018373401
"I. Diallo (26, Ajaccio, Ligue 1 22-23)",65.94100195824072
"D. Yedlin (29, Inter Miami, MLS 2023)",65.91103478305655
"F. Sokoy (25, Barito Putera, BRI Liga 1 22-23)",65.6733257219049
