Player 1,Similarity
"D. Čanađija (29, Šibenik, 1. HNL 22-23)",74.21150070004418
"D. Čanađija (29, Šibenik, 1. HNL 22-23)",63.92838676728015
"D. Čanađija (29, Šibenik, 1. HNL 22-23)",63.35809177722255
"D. Čanađija (29, Šibenik, 1. HNL 22-23)",63.13175489941699
"D. Čanađija (29, Šibenik, 1. HNL 22-23)",62.98409750928159
"D. Čanađija (29, Šibenik, 1. HNL 22-23)",62.40498085005965
"D. Čanađija (29, Šibenik, 1. HNL 22-23)",61.7014447431397
"D. Čanađija (29, Šibenik, 1. HNL 22-23)",61.04567320674354
"D. Čanađija (29, Šibenik, 1. HNL 22-23)",60.657327585285415
"D. Čanađija (29, Šibenik, 1. HNL 22-23)",58.54941069267565
"D. Čanađija (29, Šibenik, 1. HNL 22-23)",57.01773768998658
"D. Čanađija (29, Šibenik, 1. HNL 22-23)",55.85360583267232
"D. Čanađija (29, Šibenik, 1. HNL 22-23)",55.77630682130429
"D. Čanađija (29, Šibenik, 1. HNL 22-23)",55.5219175235908
"D. Čanađija (29, Šibenik, 1. HNL 22-23)",54.78210732191737
"D. Čanađija (29, Šibenik, 1. HNL 22-23)",54.476780294261815
"D. Čanađija (29, Šibenik, 1. HNL 22-23)",54.29881689286091
"D. Čanađija (29, Šibenik, 1. HNL 22-23)",53.98899893744781
"D. Čanađija (29, Šibenik, 1. HNL 22-23)",53.72829100876001
"D. Čanađija (29, Šibenik, 1. HNL 22-23)",52.45871013086425
"D. Čanađija (29, Šibenik, 1. HNL 22-23)",52.11443565729949
"D. Čanađija (29, Šibenik, 1. HNL 22-23)",51.96422546117078
"D. Čanađija (29, Šibenik, 1. HNL 22-23)",51.68381088386745
"D. Čanađija (29, Šibenik, 1. HNL 22-23)",51.62246267831006
"D. Čanađija (29, Šibenik, 1. HNL 22-23)",51.61332371015672
