Player 1,Similarity
"D. Štiglec (32, Gorica, 1. HNL 22-23)",81.43528732631331
"D. Štiglec (32, Gorica, 1. HNL 22-23)",75.7310591619806
"D. Štiglec (32, Gorica, 1. HNL 22-23)",74.97768629536853
"D. Štiglec (32, Gorica, 1. HNL 22-23)",71.62986746224085
"D. Štiglec (32, Gorica, 1. HNL 22-23)",70.8082606537775
"D. Štiglec (32, Gorica, 1. HNL 22-23)",70.22972325993125
"D. Štiglec (32, Gorica, 1. HNL 22-23)",69.0319657755372
"D. Štiglec (32, Gorica, 1. HNL 22-23)",68.93659430519956
"D. Štiglec (32, Gorica, 1. HNL 22-23)",68.40721390444453
"D. Štiglec (32, Gorica, 1. HNL 22-23)",68.38058813016517
"D. Štiglec (32, Gorica, 1. HNL 22-23)",68.36965503160437
"D. Štiglec (32, Gorica, 1. HNL 22-23)",68.05695541122064
"D. Štiglec (32, Gorica, 1. HNL 22-23)",68.00815158578324
"D. Štiglec (32, Gorica, 1. HNL 22-23)",67.5402669713956
"D. Štiglec (32, Gorica, 1. HNL 22-23)",67.27641439643625
"D. Štiglec (32, Gorica, 1. HNL 22-23)",66.77358992380505
"D. Štiglec (32, Gorica, 1. HNL 22-23)",66.67499855263301
"D. Štiglec (32, Gorica, 1. HNL 22-23)",66.56175296508142
"D. Štiglec (32, Gorica, 1. HNL 22-23)",66.53229963846915
"D. Štiglec (32, Gorica, 1. HNL 22-23)",66.37662131043852
"D. Štiglec (32, Gorica, 1. HNL 22-23)",65.78000799556281
"D. Štiglec (32, Gorica, 1. HNL 22-23)",65.42424236542196
"I. Urata (26, Varaždin, 1. HNL 22-23)",65.42062497146041
"D. Štiglec (32, Gorica, 1. HNL 22-23)",64.82652769501728
"D. Štiglec (32, Gorica, 1. HNL 22-23)",64.80959201434354
