Player 1,Similarity
"Danilo Veiga (20, Rijeka, 1. HNL 22-23)",85.69990067495988
"Danilo Veiga (20, Rijeka, 1. HNL 22-23)",85.17987265379065
"Danilo Veiga (20, Rijeka, 1. HNL 22-23)",83.41587088845968
"Danilo Veiga (20, Rijeka, 1. HNL 22-23)",81.29043986667138
"Danilo Veiga (20, Rijeka, 1. HNL 22-23)",79.16212683185505
"Danilo Veiga (20, Rijeka, 1. HNL 22-23)",79.11637515168883
"Danilo Veiga (20, Rijeka, 1. HNL 22-23)",79.00289835498056
"Danilo Veiga (20, Rijeka, 1. HNL 22-23)",78.74524935062155
"Danilo Veiga (20, Rijeka, 1. HNL 22-23)",78.32320718639734
"Danilo Veiga (20, Rijeka, 1. HNL 22-23)",77.7949097532477
"Danilo Veiga (20, Rijeka, 1. HNL 22-23)",77.63199060233435
"Danilo Veiga (20, Rijeka, 1. HNL 22-23)",77.40943195670773
"Danilo Veiga (20, Rijeka, 1. HNL 22-23)",77.16601745208686
"Danilo Veiga (20, Rijeka, 1. HNL 22-23)",77.01628293865195
"Danilo Veiga (20, Rijeka, 1. HNL 22-23)",77.00216011364734
"Danilo Veiga (20, Rijeka, 1. HNL 22-23)",76.54643404400319
"Danilo Veiga (20, Rijeka, 1. HNL 22-23)",76.49799275998936
"Danilo Veiga (20, Rijeka, 1. HNL 22-23)",76.49681630362625
"Danilo Veiga (20, Rijeka, 1. HNL 22-23)",76.45927288591892
"Danilo Veiga (20, Rijeka, 1. HNL 22-23)",76.24047265609161
"Danilo Veiga (20, Rijeka, 1. HNL 22-23)",75.90517497614523
"Danilo Veiga (20, Rijeka, 1. HNL 22-23)",75.86542506389638
"Danilo Veiga (20, Rijeka, 1. HNL 22-23)",75.70230691257352
"Danilo Veiga (20, Rijeka, 1. HNL 22-23)",75.5850618417205
"Danilo Veiga (20, Rijeka, 1. HNL 22-23)",75.57840450769615
