Player 1,Similarity
"David Sualehe (26, Olimpija, 1. SNL 22-23)",87.13468426159368
"David Sualehe (26, Olimpija, 1. SNL 22-23)",85.56060409412027
"David Sualehe (26, Olimpija, 1. SNL 22-23)",84.57875943484144
"David Sualehe (26, Olimpija, 1. SNL 22-23)",83.94291949710309
"David Sualehe (26, Olimpija, 1. SNL 22-23)",83.3426892108295
"David Sualehe (26, Olimpija, 1. SNL 22-23)",83.31153981180353
"David Sualehe (26, Olimpija, 1. SNL 22-23)",82.85262669873859
"David Sualehe (26, Olimpija, 1. SNL 22-23)",82.82924750021488
"David Sualehe (26, Olimpija, 1. SNL 22-23)",82.79286346357088
"David Sualehe (26, Olimpija, 1. SNL 22-23)",82.6416497272716
"David Sualehe (26, Olimpija, 1. SNL 22-23)",81.95507401373446
"S. Moharrami (27, Dinamo Zagreb, 1. HNL 22-23)",81.71342473862452
"David Sualehe (26, Olimpija, 1. SNL 22-23)",81.58247820758977
"David Sualehe (26, Olimpija, 1. SNL 22-23)",81.1563572593965
"David Sualehe (26, Olimpija, 1. SNL 22-23)",80.57601831370275
"David Sualehe (26, Olimpija, 1. SNL 22-23)",80.08688075580783
"David Sualehe (26, Olimpija, 1. SNL 22-23)",80.07073111066211
"David Sualehe (26, Olimpija, 1. SNL 22-23)",79.66848792999693
"David Sualehe (26, Olimpija, 1. SNL 22-23)",79.62595392584758
"David Sualehe (26, Olimpija, 1. SNL 22-23)",79.56059146857267
"David Sualehe (26, Olimpija, 1. SNL 22-23)",79.22359646183064
"David Sualehe (26, Olimpija, 1. SNL 22-23)",79.1063668295001
"David Sualehe (26, Olimpija, 1. SNL 22-23)",79.08087399717819
"David Sualehe (26, Olimpija, 1. SNL 22-23)",79.02064234264753
"David Sualehe (26, Olimpija, 1. SNL 22-23)",78.96269500851464
