Player 1,Similarity
"Eloy Gila (34, FC Santa Coloma, Andorra Primera Divisió 22-23)",86.17332654815374
"A. Onaiwu (27, Toulouse, Ligue 1 22-23)",84.32190369252365
"K. Koné (33, Yverdon Sport, Swiss Challenge League 22-23)",83.68143149268266
"Diego Oliveira (32, Tokyo, J1 2023)",83.30918107370594
"M. Kuzma (34, Podbrezová, Slovak Super Liga 22-23)",83.14704806020387
"Diego Oliveira (32, Tokyo, J1 2023)",82.68290719515612
"Diego Oliveira (32, Tokyo, J1 2023)",82.21359703384725
"Diego Oliveira (32, Tokyo, J1 2023)",82.0022133851412
"Diego Oliveira (32, Tokyo, J1 2023)",81.94093661426403
"C. Rojas (24, San Francisco, Panama LPF 2023)",81.64056539378082
"T. Thomsen (30, Hvidovre, Danish 1. Division 22-23)",81.38709657113986
"Diego Oliveira (32, Tokyo, J1 2023)",81.15163463813406
"Diego Oliveira (32, Tokyo, J1 2023)",80.73027514209265
"I. Trickovski (36, AEK Larnaca , Cyprus 1. Division 22-23)",80.64163842935285
"E. Lutsenko (36, Arsenal Tula, Russian FNL 2 22-23)",80.62482443898841
"Beto Goncalves (42, Madura United, BRI Liga 1 22-23)",80.62478981422043
"Diego Oliveira (32, Tokyo, J1 2023)",80.60212366761725
"Diego Oliveira (32, Tokyo, J1 2023)",80.12467002586494
"J. Wind (24, Wolfsburg, Bundesliga 22-23)",80.02255656654982
"Diego Oliveira (32, Tokyo, J1 2023)",79.96553904960398
"Diego Oliveira (32, Tokyo, J1 2023)",79.95149114757871
"Diego Oliveira (32, Tokyo, J1 2023)",79.58759998326312
"Diego Oliveira (32, Tokyo, J1 2023)",79.57412611594567
"A. Sowe (28, Ankaragücü, Süper Lig 22-23)",79.55691708593181
"D. Welbeck (32, Brighton, Premier League 22-23)",79.38904303361181
