Player 1,Similarity
"E. Banda (25, Rijeka, 1. HNL 22-23)",88.77401771501067
"E. Banda (25, Rijeka, 1. HNL 22-23)",88.37719317923609
"E. Banda (25, Rijeka, 1. HNL 22-23)",88.18516557091061
"E. Banda (25, Rijeka, 1. HNL 22-23)",87.3847135752369
"E. Banda (25, Rijeka, 1. HNL 22-23)",87.35676429715255
"E. Banda (25, Rijeka, 1. HNL 22-23)",87.34627190608974
"E. Banda (25, Rijeka, 1. HNL 22-23)",86.85428824771097
"E. Banda (25, Rijeka, 1. HNL 22-23)",86.7658708060075
"E. Banda (25, Rijeka, 1. HNL 22-23)",86.47915000604743
"E. Banda (25, Rijeka, 1. HNL 22-23)",86.33797509978744
"E. Banda (25, Rijeka, 1. HNL 22-23)",86.23748218406612
"E. Banda (25, Rijeka, 1. HNL 22-23)",86.14678887900469
"E. Banda (25, Rijeka, 1. HNL 22-23)",85.71535314415117
"E. Banda (25, Rijeka, 1. HNL 22-23)",85.28174975261578
"E. Banda (25, Rijeka, 1. HNL 22-23)",85.1790627357657
"E. Banda (25, Rijeka, 1. HNL 22-23)",85.17860415470379
"E. Banda (25, Rijeka, 1. HNL 22-23)",84.70183570089043
"E. Banda (25, Rijeka, 1. HNL 22-23)",84.58788748144494
"E. Banda (25, Rijeka, 1. HNL 22-23)",84.55923904363534
"E. Banda (25, Rijeka, 1. HNL 22-23)",84.41372370003631
"E. Banda (25, Rijeka, 1. HNL 22-23)",84.16043309971731
"E. Banda (25, Rijeka, 1. HNL 22-23)",83.5297596301033
"E. Banda (25, Rijeka, 1. HNL 22-23)",83.44740701552675
"E. Banda (25, Rijeka, 1. HNL 22-23)",83.39251088206338
"E. Banda (25, Rijeka, 1. HNL 22-23)",83.34539555920763
