Player 1,Similarity
"E. Dimas (28, Arema, BRI Liga 1 22-23)",68.388068784278
"E. Dimas (28, Arema, BRI Liga 1 22-23)",67.55377434666595
"E. Dimas (28, Arema, BRI Liga 1 22-23)",67.07799198839638
"E. Dimas (28, Arema, BRI Liga 1 22-23)",66.99683443815086
"E. Dimas (28, Arema, BRI Liga 1 22-23)",65.89570527219361
"E. Dimas (28, Arema, BRI Liga 1 22-23)",65.80276022638401
"E. Dimas (28, Arema, BRI Liga 1 22-23)",65.03017913079829
"E. Dimas (28, Arema, BRI Liga 1 22-23)",64.88795031286023
"E. Dimas (28, Arema, BRI Liga 1 22-23)",63.961352564736
"E. Dimas (28, Arema, BRI Liga 1 22-23)",63.499331186775855
"F. Krovinović (27, Hajduk Split, 1. HNL 22-23)",63.18885072773222
"E. Dimas (28, Arema, BRI Liga 1 22-23)",62.912690906230665
"E. Dimas (28, Arema, BRI Liga 1 22-23)",62.75691206270038
"E. Dimas (28, Arema, BRI Liga 1 22-23)",62.54102264033692
"E. Dimas (28, Arema, BRI Liga 1 22-23)",62.26350123367753
"E. Dimas (28, Arema, BRI Liga 1 22-23)",61.731306939882536
"D. Popovič (33, Celje, 1. SNL 22-23)",61.392976302243405
"E. Dimas (28, Arema, BRI Liga 1 22-23)",60.68024018919198
"E. Dimas (28, Arema, BRI Liga 1 22-23)",60.41697691689114
"E. Dimas (28, Arema, BRI Liga 1 22-23)",60.170071217118526
"E. Dimas (28, Arema, BRI Liga 1 22-23)",59.13728060943616
"E. Dimas (28, Arema, BRI Liga 1 22-23)",59.104635979335896
