Player 1,Similarity
"E. D'Ursi (28, Crotone, Serie C 22-23)",90.04632064301634
"A. Limbombe (28, Almere City, Eerste Divisie 22-23)",88.950168176171
"F. Sakala (26, Rangers, Scottish Premiership 22-23)",87.65182735647541
"E. D'Ursi (28, Crotone, Serie C 22-23)",87.06552877177049
"E. D'Ursi (28, Crotone, Serie C 22-23)",86.32000184324097
"E. D'Ursi (28, Crotone, Serie C 22-23)",85.68355974072955
"E. D'Ursi (28, Crotone, Serie C 22-23)",85.5631758916732
"E. D'Ursi (28, Crotone, Serie C 22-23)",85.24829880433744
"C. Brym (24, Eindhoven, Eerste Divisie 22-23)",84.8660854817309
"F. Reese (25, Holstein Kiel, 2. Bundesliga 22-23)",84.46546492762054
"E. D'Ursi (28, Crotone, Serie C 22-23)",84.43185417982689
"Rodrygo (22, Real Madrid, La Liga 22-23)",83.95904408086591
"E. D'Ursi (28, Crotone, Serie C 22-23)",83.69422262411808
"E. D'Ursi (28, Crotone, Serie C 22-23)",83.65365943384104
"E. D'Ursi (28, Crotone, Serie C 22-23)",83.63268025467103
"E. D'Ursi (28, Crotone, Serie C 22-23)",83.37712315177497
"E. D'Ursi (28, Crotone, Serie C 22-23)",83.34564601375772
"E. D'Ursi (28, Crotone, Serie C 22-23)",82.96014259056224
"E. D'Ursi (28, Crotone, Serie C 22-23)",82.56214313561013
"G. Mikautadze (22, Metz, Ligue 2 22-23)",82.4120658386551
"E. D'Ursi (28, Crotone, Serie C 22-23)",82.37372979839898
"E. D'Ursi (28, Crotone, Serie C 22-23)",82.23539755945768
"E. D'Ursi (28, Crotone, Serie C 22-23)",82.23358628890422
"E. D'Ursi (28, Crotone, Serie C 22-23)",82.13469465786216
"K. Mbappé (24, PSG, Ligue 1 22-23)",81.93070874355574
