Player 1,Similarity
"E. Gyasi (29, Spezia, Serie A 22-23)",84.8291649194033
"E. Gyasi (29, Spezia, Serie A 22-23)",82.56773888008198
"S. Okaka (33, İstanbul Başakşehir, Süper Lig 22-23)",78.26728340585504
"M. Nzola (26, Spezia, Serie A 22-23)",78.189397801985
"D. Hilson (30, Arbroath, Scottish Championship 22-23)",77.32305810357755
"F. Macheda (31, APOEL, Cyprus 1. Division 22-23)",77.25220108090224
"C. Rojas (24, San Francisco, Panama LPF 2023)",77.24061341181496
"E. Gyasi (29, Spezia, Serie A 22-23)",77.10694879270878
"E. Gyasi (29, Spezia, Serie A 22-23)",76.88344548055301
"E. Gyasi (29, Spezia, Serie A 22-23)",75.29587248560205
"E. Gyasi (29, Spezia, Serie A 22-23)",74.59692328366447
"F. Lakenmacher (23, 1860 München, 3. Liga 22-23)",74.58165200300027
"E. Gyasi (29, Spezia, Serie A 22-23)",74.50132374927198
"E. Gyasi (29, Spezia, Serie A 22-23)",73.95783382207381
"E. Gyasi (29, Spezia, Serie A 22-23)",73.7614922849702
"E. Gyasi (29, Spezia, Serie A 22-23)",73.65564575321743
"E. Gyasi (29, Spezia, Serie A 22-23)",73.17259443119275
"E. Gyasi (29, Spezia, Serie A 22-23)",72.42028905644715
"E. Gyasi (29, Spezia, Serie A 22-23)",72.07577745327455
"Yuri (40, Ponferradina, La Liga 2 22-23)",72.07010068154993
"E. Gyasi (29, Spezia, Serie A 22-23)",71.96444549990943
"E. Gyasi (29, Spezia, Serie A 22-23)",71.81820987458643
"Jeong-Wan Yu (27, Seoul E-Land, K League 2 2023)",71.79398408771041
"E. Gyasi (29, Spezia, Serie A 22-23)",71.30775527352175
"E. Gyasi (29, Spezia, Serie A 22-23)",71.27304749056428
