Player 1,Similarity
"E. Karic (25, Darmstadt 98, 2. Bundesliga 22-23)",92.22418454993824
"E. Karic (25, Darmstadt 98, 2. Bundesliga 22-23)",91.2599094841406
"M. Saliakas (26, St. Pauli, 2. Bundesliga 22-23)",90.8591891824936
"E. Karic (25, Darmstadt 98, 2. Bundesliga 22-23)",90.43750662549137
"E. Karic (25, Darmstadt 98, 2. Bundesliga 22-23)",89.66526143325255
"E. Karic (25, Darmstadt 98, 2. Bundesliga 22-23)",89.382949646646
"E. Karic (25, Darmstadt 98, 2. Bundesliga 22-23)",89.34846767926912
"E. Karic (25, Darmstadt 98, 2. Bundesliga 22-23)",89.18010377712503
"E. Karic (25, Darmstadt 98, 2. Bundesliga 22-23)",89.15855062851595
"E. Karic (25, Darmstadt 98, 2. Bundesliga 22-23)",89.11781824048794
"E. Karic (25, Darmstadt 98, 2. Bundesliga 22-23)",89.04457106983847
"B. Cipetić (28, Lokomotiva Zagreb, 1. HNL 22-23)",89.02811401328225
"E. Karic (25, Darmstadt 98, 2. Bundesliga 22-23)",88.82655170731547
"E. Karic (25, Darmstadt 98, 2. Bundesliga 22-23)",88.82425369885583
"E. Karic (25, Darmstadt 98, 2. Bundesliga 22-23)",88.78263450903854
"E. Karic (25, Darmstadt 98, 2. Bundesliga 22-23)",88.5969170050807
"E. Karic (25, Darmstadt 98, 2. Bundesliga 22-23)",88.53167805028102
"E. Karic (25, Darmstadt 98, 2. Bundesliga 22-23)",88.42450923387439
"E. Karic (25, Darmstadt 98, 2. Bundesliga 22-23)",88.31720127197136
"E. Karic (25, Darmstadt 98, 2. Bundesliga 22-23)",88.26165582761699
"E. Karic (25, Darmstadt 98, 2. Bundesliga 22-23)",88.19782102492778
"E. Karic (25, Darmstadt 98, 2. Bundesliga 22-23)",88.06393859020424
"E. Karic (25, Darmstadt 98, 2. Bundesliga 22-23)",87.97799717331685
"E. Karic (25, Darmstadt 98, 2. Bundesliga 22-23)",87.86151835254299
"E. Karic (25, Darmstadt 98, 2. Bundesliga 22-23)",87.83256299281922
