Player 1,Similarity
"E. Matazo (21, Monaco, Ligue 1 22-23)",84.60338277518018
"H. Sharma (25, Hyderabad FC, Indian Super League 22-23)",81.42500660309888
"E. Matazo (21, Monaco, Ligue 1 22-23)",80.11981108945425
"E. Matazo (21, Monaco, Ligue 1 22-23)",78.65327731812314
"R. Villagra (22, Talleres Córdoba, Argentinian Primera División 2023)",77.5900591397647
"E. Matazo (21, Monaco, Ligue 1 22-23)",77.18460963764736
"B. Touré (30, Auxerre, Ligue 1 22-23)",75.75576595662201
"E. Matazo (21, Monaco, Ligue 1 22-23)",75.0696147426615
"E. Matazo (21, Monaco, Ligue 1 22-23)",75.04406531627991
"E. Matazo (21, Monaco, Ligue 1 22-23)",74.53975655422578
"E. Matazo (21, Monaco, Ligue 1 22-23)",73.62359559142548
"E. Matazo (21, Monaco, Ligue 1 22-23)",73.60846920127926
"D. Hočko (29, Pafos, Cyprus 1. Division 22-23)",73.4558297435199
"Javi Serrano (20, Ibiza, La Liga 2 22-23)",73.17766803578346
"E. Matazo (21, Monaco, Ligue 1 22-23)",71.93406157738164
"E. Matazo (21, Monaco, Ligue 1 22-23)",71.82486767717698
"N. Linares (27, Instituto, Argentinian Primera División 2023)",71.57295233439358
"O. Olatunji (25, Samtredia, Erovnuli Liga 2023)",71.54792675496749
"S. Tanaka (20, Kortrijk, Belgian Pro League 22-23)",71.28517139411423
"H. Belkebla (29, Brest, Ligue 1 22-23)",71.20251664640914
"E. Matazo (21, Monaco, Ligue 1 22-23)",71.16803961494524
"E. Matazo (21, Monaco, Ligue 1 22-23)",71.06259403875114
"E. Matazo (21, Monaco, Ligue 1 22-23)",70.96439944797511
"C. Stanko (29, Lamia, Greek Super League 22-23)",70.90367008759307
"E. Matazo (21, Monaco, Ligue 1 22-23)",70.45841947433198
