Player 1,Similarity
"E. Skhiri (28, Köln, Bundesliga 22-23)",81.70453711820149
"E. Skhiri (28, Köln, Bundesliga 22-23)",79.0115116241239
"E. Skhiri (28, Köln, Bundesliga 22-23)",78.77781526099858
"E. Skhiri (28, Köln, Bundesliga 22-23)",78.63363206723913
"E. Skhiri (28, Köln, Bundesliga 22-23)",76.21548871202874
"E. Skhiri (28, Köln, Bundesliga 22-23)",76.05857455549345
"E. Skhiri (28, Köln, Bundesliga 22-23)",75.96919916031135
"M. Zabukovnik (22, Celje, 1. SNL 22-23)",75.79403602373162
"M. Marić (25, Lokomotiva Zagreb, 1. HNL 22-23)",75.77402803698727
"J. Meffert (28, Hamburger SV, 2. Bundesliga 22-23)",75.69864596358923
"E. Skhiri (28, Köln, Bundesliga 22-23)",75.59054997830185
"E. Skhiri (28, Köln, Bundesliga 22-23)",75.58977065676802
"E. Skhiri (28, Köln, Bundesliga 22-23)",75.12669613958293
"E. Skhiri (28, Köln, Bundesliga 22-23)",75.09270239947085
"E. Skhiri (28, Köln, Bundesliga 22-23)",75.04680641751847
"E. Skhiri (28, Köln, Bundesliga 22-23)",74.714755661534
"E. Skhiri (28, Köln, Bundesliga 22-23)",74.16420283399025
"E. Skhiri (28, Köln, Bundesliga 22-23)",73.51107715030382
"E. Skhiri (28, Köln, Bundesliga 22-23)",72.49650537002394
"E. Skhiri (28, Köln, Bundesliga 22-23)",72.47271883275617
"E. Skhiri (28, Köln, Bundesliga 22-23)",72.20346221109483
"E. Skhiri (28, Köln, Bundesliga 22-23)",72.15265703036208
"E. Skhiri (28, Köln, Bundesliga 22-23)",71.54657154087387
"E. Skhiri (28, Köln, Bundesliga 22-23)",71.29200373059801
"E. Skhiri (28, Köln, Bundesliga 22-23)",70.89745625217789
