Player 1,Similarity
"F. Andika (23, Persija, BRI Liga 1 22-23)",91.6170110581351
"F. Andika (23, Persija, BRI Liga 1 22-23)",88.41505784668632
"F. Andika (23, Persija, BRI Liga 1 22-23)",88.04013934956508
"F. Andika (23, Persija, BRI Liga 1 22-23)",87.77434967958901
"F. Andika (23, Persija, BRI Liga 1 22-23)",87.71107946206801
"F. Andika (23, Persija, BRI Liga 1 22-23)",87.45526811360034
"F. Andika (23, Persija, BRI Liga 1 22-23)",86.54802719061382
"F. Andika (23, Persija, BRI Liga 1 22-23)",86.49561325939898
"F. Andika (23, Persija, BRI Liga 1 22-23)",86.32768927572452
"F. Andika (23, Persija, BRI Liga 1 22-23)",86.29293324919247
"A. Beganović (23, Mura, 1. SNL 22-23)",86.19146696811461
"F. Andika (23, Persija, BRI Liga 1 22-23)",86.17056365356184
"F. Andika (23, Persija, BRI Liga 1 22-23)",86.10897406397756
"F. Andika (23, Persija, BRI Liga 1 22-23)",85.91844690970625
"F. Andika (23, Persija, BRI Liga 1 22-23)",85.89583583369672
"F. Andika (23, Persija, BRI Liga 1 22-23)",85.88670054775304
"F. Andika (23, Persija, BRI Liga 1 22-23)",85.81863805472764
"F. Andika (23, Persija, BRI Liga 1 22-23)",85.60115742208485
"F. Andika (23, Persija, BRI Liga 1 22-23)",85.58802323259037
"F. Andika (23, Persija, BRI Liga 1 22-23)",85.52059818423795
"F. Andika (23, Persija, BRI Liga 1 22-23)",85.47717985940848
"F. Andika (23, Persija, BRI Liga 1 22-23)",85.42690506984421
"F. Andika (23, Persija, BRI Liga 1 22-23)",85.37513553235758
"D. Ćorić (32, Tuzla City, Bosnian Premier League 22-23)",85.22692268572145
"F. Andika (23, Persija, BRI Liga 1 22-23)",85.13537150559122
