Player 1,Similarity
"F. Cáseres (22, Istra 1961, 1. HNL 22-23)",91.39802412505612
"F. Cáseres (22, Istra 1961, 1. HNL 22-23)",86.94547489005959
"F. Cáseres (22, Istra 1961, 1. HNL 22-23)",85.13159286837111
"F. Cáseres (22, Istra 1961, 1. HNL 22-23)",85.07548285768958
"F. Cáseres (22, Istra 1961, 1. HNL 22-23)",84.93975016335445
"F. Cáseres (22, Istra 1961, 1. HNL 22-23)",84.72576174539395
"F. Cáseres (22, Istra 1961, 1. HNL 22-23)",84.09572334736517
"F. Cáseres (22, Istra 1961, 1. HNL 22-23)",83.04997039879068
"F. Cáseres (22, Istra 1961, 1. HNL 22-23)",82.70279376833778
"F. Cáseres (22, Istra 1961, 1. HNL 22-23)",82.55130017493732
"F. Cáseres (22, Istra 1961, 1. HNL 22-23)",82.04213978969305
"F. Cáseres (22, Istra 1961, 1. HNL 22-23)",82.0158661357324
"F. Cáseres (22, Istra 1961, 1. HNL 22-23)",81.72466043550826
"F. Cáseres (22, Istra 1961, 1. HNL 22-23)",81.41670461440852
"F. Cáseres (22, Istra 1961, 1. HNL 22-23)",81.3955173917648
"F. Cáseres (22, Istra 1961, 1. HNL 22-23)",81.34304174217057
"F. Cáseres (22, Istra 1961, 1. HNL 22-23)",81.33837563838611
"F. Cáseres (22, Istra 1961, 1. HNL 22-23)",81.2340377358097
"F. Cáseres (22, Istra 1961, 1. HNL 22-23)",80.48190647450684
"F. Cáseres (22, Istra 1961, 1. HNL 22-23)",80.34035924115362
"F. Cáseres (22, Istra 1961, 1. HNL 22-23)",80.28365700090812
"F. Cáseres (22, Istra 1961, 1. HNL 22-23)",80.09458115530722
"F. Cáseres (22, Istra 1961, 1. HNL 22-23)",79.90055089827052
"F. Cáseres (22, Istra 1961, 1. HNL 22-23)",79.75342664315845
"F. Cáseres (22, Istra 1961, 1. HNL 22-23)",79.71346693048305
