Player 1,Similarity
"F. Fathur (20, Borneo FC, BRI Liga 1 22-23)",87.36694266144337
"F. Fathur (20, Borneo FC, BRI Liga 1 22-23)",86.24170765286465
"F. Fathur (20, Borneo FC, BRI Liga 1 22-23)",84.92994624745775
"F. Fathur (20, Borneo FC, BRI Liga 1 22-23)",84.05799898208026
"F. Fathur (20, Borneo FC, BRI Liga 1 22-23)",83.74292781737658
"I. Fahmi (21, Persija, BRI Liga 1 22-23)",83.07750533626263
"F. Fathur (20, Borneo FC, BRI Liga 1 22-23)",82.49818236474222
"F. Fathur (20, Borneo FC, BRI Liga 1 22-23)",82.49582262653597
"F. Fathur (20, Borneo FC, BRI Liga 1 22-23)",82.43405177987087
"F. Fathur (20, Borneo FC, BRI Liga 1 22-23)",81.36429193930623
"F. Fathur (20, Borneo FC, BRI Liga 1 22-23)",80.75496386204107
"F. Fathur (20, Borneo FC, BRI Liga 1 22-23)",79.90237378627424
"F. Fathur (20, Borneo FC, BRI Liga 1 22-23)",79.74526398758954
"F. Fathur (20, Borneo FC, BRI Liga 1 22-23)",79.72538944620361
"C. Lannert (24, 1860 München, 3. Liga 22-23)",79.6099250035536
"F. Fathur (20, Borneo FC, BRI Liga 1 22-23)",79.50451242546326
"F. Fathur (20, Borneo FC, BRI Liga 1 22-23)",79.47734230319705
"F. Fathur (20, Borneo FC, BRI Liga 1 22-23)",79.45436585564941
"F. Fathur (20, Borneo FC, BRI Liga 1 22-23)",79.44163298627001
"F. Fathur (20, Borneo FC, BRI Liga 1 22-23)",79.4311534557756
"F. Fathur (20, Borneo FC, BRI Liga 1 22-23)",79.41865863791074
"A. Hadroj (24, Partizani Tirana, Albanian Premier League 22-23)",79.29973324149938
"F. Fathur (20, Borneo FC, BRI Liga 1 22-23)",79.21048415016132
"F. Fathur (20, Borneo FC, BRI Liga 1 22-23)",79.16343052200583
"F. Fathur (20, Borneo FC, BRI Liga 1 22-23)",79.14853684115059
