Player 1,Similarity
"F. Honda (22, Sagan Tosu, J1 2023)",74.46107645924322
"F. Honda (22, Sagan Tosu, J1 2023)",70.26199436176522
"F. Honda (22, Sagan Tosu, J1 2023)",69.21250942611667
"F. Honda (22, Sagan Tosu, J1 2023)",68.8507374490635
"F. Honda (22, Sagan Tosu, J1 2023)",68.78473665128706
"F. Honda (22, Sagan Tosu, J1 2023)",67.28748728159766
"F. Honda (22, Sagan Tosu, J1 2023)",66.44852012223672
"F. Honda (22, Sagan Tosu, J1 2023)",66.29532731064344
"G. Marcussen (24, Fremad Amager, Danish 1. Division 22-23)",65.08234315070459
"F. Honda (22, Sagan Tosu, J1 2023)",64.96855688193513
"F. Honda (22, Sagan Tosu, J1 2023)",64.79440136345838
"F. Honda (22, Sagan Tosu, J1 2023)",63.97207255788223
"J. Ekkelenkamp (23, Antwerp, Belgian Pro League 22-23)",63.25321806270486
"F. Honda (22, Sagan Tosu, J1 2023)",63.12937788354588
"F. Honda (22, Sagan Tosu, J1 2023)",63.05210204852418
"F. Honda (22, Sagan Tosu, J1 2023)",62.53327415901513
"O. Tufan (28, Hull City, Championship 22-23)",61.37325605653162
"F. Honda (22, Sagan Tosu, J1 2023)",60.98084610692898
"F. Honda (22, Sagan Tosu, J1 2023)",60.91359429265528
"F. Honda (22, Sagan Tosu, J1 2023)",60.7632704453113
"F. Honda (22, Sagan Tosu, J1 2023)",60.194122733031584
"F. Honda (22, Sagan Tosu, J1 2023)",60.02418955819887
