Player 1,Similarity
"Myung-Jae Lee (29, Ulsan Hyundai, K League 1 2023)",84.81114420355604
"R. Schouten (25, De Graafschap, Eerste Divisie 22-23)",84.37380661554113
"E. Hajsafi (33, AEK Athens, Greek Super League 22-23)",83.79230008995765
"F. Hanin (33, Paris, Ligue 2 22-23)",83.5779279277168
"F. Hanin (33, Paris, Ligue 2 22-23)",82.66634397174946
"F. Hanin (33, Paris, Ligue 2 22-23)",82.36927256795983
"F. Hanin (33, Paris, Ligue 2 22-23)",81.24717913678455
"M. Chibi (30, Pyramids Al Ahram FC, Egyptian Premier League 22-23)",80.95451382617553
"Q. Merlin (21, Nantes, Ligue 1 22-23)",80.04331744365975
"F. Hanin (33, Paris, Ligue 2 22-23)",79.70695484245107
"F. Hanin (33, Paris, Ligue 2 22-23)",79.57711934887963
"Pedro Rebocho (28, Lech Poznań, Ekstraklasa 22-23)",79.32349909975244
"F. Hanin (33, Paris, Ligue 2 22-23)",79.06267232614074
"Joel Pereira (26, Lech Poznań, Ekstraklasa 22-23)",79.04964580827519
"F. Hanin (33, Paris, Ligue 2 22-23)",78.93682745463418
"Caio Roque (21, Lommel SK, Belgian First Division B 22-23)",78.68599784464236
"F. Hanin (33, Paris, Ligue 2 22-23)",78.66215209455176
"A. Salem (23, Bnei Yehuda, Liga Leumit 22-23)",78.62822579832485
"F. Hanin (33, Paris, Ligue 2 22-23)",78.33663970722529
"F. Hanin (33, Paris, Ligue 2 22-23)",78.00951252030694
"G. Thórarinsson (31, OFI, Greek Super League 22-23)",77.76384460336678
"Min-Seo Park (22, Gyeongnam, K League 2 2023)",77.52002510472342
"F. Hanin (33, Paris, Ligue 2 22-23)",77.38147392972604
"F. Hanin (33, Paris, Ligue 2 22-23)",77.30651482132687
"E. Belilti (29, Ironi Tiberias, Liga Leumit 22-23)",77.03348625596921
