Player 1,Similarity
"F. Kusič (26, Zwickau, 3. Liga 22-23)",83.89368195242606
"F. Kusič (26, Zwickau, 3. Liga 22-23)",80.36583432145605
"F. Kusič (26, Zwickau, 3. Liga 22-23)",76.17606163011848
"F. Kusič (26, Zwickau, 3. Liga 22-23)",75.38517997890158
"F. Kusič (26, Zwickau, 3. Liga 22-23)",73.75757759829987
"F. Kusič (26, Zwickau, 3. Liga 22-23)",73.73453927857176
"F. Kusič (26, Zwickau, 3. Liga 22-23)",73.56453173929421
"F. Kusič (26, Zwickau, 3. Liga 22-23)",73.38753461469545
"F. Kusič (26, Zwickau, 3. Liga 22-23)",72.69081643978751
"F. Kusič (26, Zwickau, 3. Liga 22-23)",72.24237784188449
"F. Greilinger (22, 1860 München, 3. Liga 22-23)",71.98906038210428
"F. Kusič (26, Zwickau, 3. Liga 22-23)",71.81887692885215
"F. Kusič (26, Zwickau, 3. Liga 22-23)",71.58853456729139
"F. Kusič (26, Zwickau, 3. Liga 22-23)",71.46388722577505
"F. Kusič (26, Zwickau, 3. Liga 22-23)",70.58797720362902
"F. Kusič (26, Zwickau, 3. Liga 22-23)",70.21469639087626
"F. Kusič (26, Zwickau, 3. Liga 22-23)",69.34108448853596
"F. Kusič (26, Zwickau, 3. Liga 22-23)",69.18365528294686
"F. Kusič (26, Zwickau, 3. Liga 22-23)",68.75636779378591
"F. Kusič (26, Zwickau, 3. Liga 22-23)",68.47745574100168
"F. Kusič (26, Zwickau, 3. Liga 22-23)",68.3596310800942
"F. Kusič (26, Zwickau, 3. Liga 22-23)",68.20984879090175
"F. Kusič (26, Zwickau, 3. Liga 22-23)",68.1216308254043
"F. Kusič (26, Zwickau, 3. Liga 22-23)",67.09819063972951
"F. Kusič (26, Zwickau, 3. Liga 22-23)",67.0571935890277
