Player 1,Similarity
"F. Keidel (19, Ingolstadt, 3. Liga 22-23)",77.43704296465384
"F. Keidel (19, Ingolstadt, 3. Liga 22-23)",76.37586657766555
"F. Keidel (19, Ingolstadt, 3. Liga 22-23)",74.91754640726042
"F. Keidel (19, Ingolstadt, 3. Liga 22-23)",73.46412441039328
"F. Keidel (19, Ingolstadt, 3. Liga 22-23)",73.33778178665183
"F. Keidel (19, Ingolstadt, 3. Liga 22-23)",72.92091056479357
"F. Keidel (19, Ingolstadt, 3. Liga 22-23)",72.71830403598985
"F. Keidel (19, Ingolstadt, 3. Liga 22-23)",71.58816928106444
"F. Keidel (19, Ingolstadt, 3. Liga 22-23)",71.14344588336002
"F. Keidel (19, Ingolstadt, 3. Liga 22-23)",70.91357119081849
"F. Keidel (19, Ingolstadt, 3. Liga 22-23)",70.73116383615097
"F. Keidel (19, Ingolstadt, 3. Liga 22-23)",70.50866005778398
"F. Keidel (19, Ingolstadt, 3. Liga 22-23)",70.4731253423706
"F. Keidel (19, Ingolstadt, 3. Liga 22-23)",69.45924972625812
"F. Keidel (19, Ingolstadt, 3. Liga 22-23)",69.30456960136482
"F. Keidel (19, Ingolstadt, 3. Liga 22-23)",68.80347180826016
"F. Keidel (19, Ingolstadt, 3. Liga 22-23)",67.95142987046377
"F. Keidel (19, Ingolstadt, 3. Liga 22-23)",67.79781723940224
"F. Keidel (19, Ingolstadt, 3. Liga 22-23)",67.76597233059456
"F. Keidel (19, Ingolstadt, 3. Liga 22-23)",67.15743076975652
"F. Keidel (19, Ingolstadt, 3. Liga 22-23)",66.89004374007614
"F. Keidel (19, Ingolstadt, 3. Liga 22-23)",66.85100021113143
"F. Keidel (19, Ingolstadt, 3. Liga 22-23)",66.51698507155952
"F. Keidel (19, Ingolstadt, 3. Liga 22-23)",65.78691437436822
"F. Keidel (19, Ingolstadt, 3. Liga 22-23)",65.43112569100275
