Player 1,Similarity
"F. Kunze (24, Hannover 96, 2. Bundesliga 22-23)",81.08917181069833
"F. Kunze (24, Hannover 96, 2. Bundesliga 22-23)",80.59838309159136
"F. Kunze (24, Hannover 96, 2. Bundesliga 22-23)",80.56908214566926
"F. Kunze (24, Hannover 96, 2. Bundesliga 22-23)",80.43760807279085
"F. Kunze (24, Hannover 96, 2. Bundesliga 22-23)",80.39681245965593
"F. Kunze (24, Hannover 96, 2. Bundesliga 22-23)",80.32139406063546
"F. Kunze (24, Hannover 96, 2. Bundesliga 22-23)",80.1383491446701
"F. Kunze (24, Hannover 96, 2. Bundesliga 22-23)",80.0250902912038
"F. Kunze (24, Hannover 96, 2. Bundesliga 22-23)",79.92784532122317
"F. Kunze (24, Hannover 96, 2. Bundesliga 22-23)",79.7305176183832
"F. Kunze (24, Hannover 96, 2. Bundesliga 22-23)",79.11626053539442
"F. Kunze (24, Hannover 96, 2. Bundesliga 22-23)",79.09658965412443
"F. Kunze (24, Hannover 96, 2. Bundesliga 22-23)",78.87268679649247
"F. Kunze (24, Hannover 96, 2. Bundesliga 22-23)",78.74227037155758
"F. Kunze (24, Hannover 96, 2. Bundesliga 22-23)",78.38751136463318
"F. Kunze (24, Hannover 96, 2. Bundesliga 22-23)",78.32425051589608
"F. Kunze (24, Hannover 96, 2. Bundesliga 22-23)",77.98629252615969
"F. Kunze (24, Hannover 96, 2. Bundesliga 22-23)",77.97529819484319
"F. Kunze (24, Hannover 96, 2. Bundesliga 22-23)",77.88726787369876
"F. Kunze (24, Hannover 96, 2. Bundesliga 22-23)",77.5354802261549
"F. Kunze (24, Hannover 96, 2. Bundesliga 22-23)",77.31579101311344
"F. Kunze (24, Hannover 96, 2. Bundesliga 22-23)",77.25610813969766
"F. Kunze (24, Hannover 96, 2. Bundesliga 22-23)",77.24772131160577
"F. Kunze (24, Hannover 96, 2. Bundesliga 22-23)",77.06969776452361
"F. Kunze (24, Hannover 96, 2. Bundesliga 22-23)",76.91264592966937
