Player 1,Similarity
"F. Mollet (31, Nantes, Ligue 1 22-23)",84.7031811242495
"F. Mollet (31, Nantes, Ligue 1 22-23)",83.85741119412066
"F. Mollet (31, Nantes, Ligue 1 22-23)",83.81427095978282
"F. Mollet (31, Nantes, Ligue 1 22-23)",83.2414381750102
"F. Mollet (31, Nantes, Ligue 1 22-23)",82.61067578424398
"F. Mollet (31, Nantes, Ligue 1 22-23)",81.29462709593255
"F. Mollet (31, Nantes, Ligue 1 22-23)",80.89950512827706
"F. Mollet (31, Nantes, Ligue 1 22-23)",80.6480506203157
"M. Diemers (29, Emmen, Eredivisie 22-23)",79.82215227678826
"O. Velanas (24, NAC Breda, Eerste Divisie 22-23)",79.46928581301243
"F. Mollet (31, Nantes, Ligue 1 22-23)",78.71142021589165
"F. Mollet (31, Nantes, Ligue 1 22-23)",78.61041546621347
"Kevin Mirallas (35, AEL, Cyprus 1. Division 22-23)",78.31513006403522
"F. Mollet (31, Nantes, Ligue 1 22-23)",78.12293462081573
"J. Nsang (24, UE Santa Coloma, Andorra Primera Divisió 22-23)",77.98439762701625
"F. Mollet (31, Nantes, Ligue 1 22-23)",77.91734906389071
"E. Agyiri (25, Levadia, Estonian Meistriliiga 2023)",77.7604145358594
"F. Mollet (31, Nantes, Ligue 1 22-23)",77.40098801919588
"F. Mollet (31, Nantes, Ligue 1 22-23)",77.36891868955811
"F. Mollet (31, Nantes, Ligue 1 22-23)",77.08861760215406
"T. Eisfeld (30, Rot-Weiss Essen, 3. Liga 22-23)",76.97530843287335
"F. Mollet (31, Nantes, Ligue 1 22-23)",76.94552497526449
