Player 1,Similarity
"F. Mrzljak (30, Gorica, 1. HNL 22-23)",76.73685175263788
"F. Mrzljak (30, Gorica, 1. HNL 22-23)",75.5930470523734
"F. Mrzljak (30, Gorica, 1. HNL 22-23)",73.77260133867564
"F. Mrzljak (30, Gorica, 1. HNL 22-23)",72.6073998653135
"F. Mrzljak (30, Gorica, 1. HNL 22-23)",72.4574627872456
"F. Mrzljak (30, Gorica, 1. HNL 22-23)",72.2767619771203
"F. Mrzljak (30, Gorica, 1. HNL 22-23)",72.01861205427589
"F. Mrzljak (30, Gorica, 1. HNL 22-23)",71.18597585778694
"F. Mrzljak (30, Gorica, 1. HNL 22-23)",70.99487071859673
"F. Mrzljak (30, Gorica, 1. HNL 22-23)",70.81645631975154
"F. Mrzljak (30, Gorica, 1. HNL 22-23)",70.39960973625944
"F. Mrzljak (30, Gorica, 1. HNL 22-23)",70.04507960677492
"F. Mrzljak (30, Gorica, 1. HNL 22-23)",69.95738640877943
"F. Mrzljak (30, Gorica, 1. HNL 22-23)",69.6976647186968
"F. Mrzljak (30, Gorica, 1. HNL 22-23)",69.18160501583556
"F. Mrzljak (30, Gorica, 1. HNL 22-23)",69.16890862930396
"F. Mrzljak (30, Gorica, 1. HNL 22-23)",68.60784806850145
"F. Mrzljak (30, Gorica, 1. HNL 22-23)",68.38471292313535
"F. Mrzljak (30, Gorica, 1. HNL 22-23)",68.10460390573057
"F. Mrzljak (30, Gorica, 1. HNL 22-23)",67.80044596443085
"F. Mrzljak (30, Gorica, 1. HNL 22-23)",67.75966919566821
"F. Mrzljak (30, Gorica, 1. HNL 22-23)",67.6720678125317
"F. Mrzljak (30, Gorica, 1. HNL 22-23)",67.10037142206829
"F. Mrzljak (30, Gorica, 1. HNL 22-23)",66.69951014172973
"F. Mrzljak (30, Gorica, 1. HNL 22-23)",66.66944006394135
