Player 1,Similarity
"F. Mlinar (31, Istra 1961, 1. HNL 22-23)",67.51266058705664
"F. Mlinar (31, Istra 1961, 1. HNL 22-23)",66.92687060251296
"F. Mlinar (31, Istra 1961, 1. HNL 22-23)",60.60782063111092
"F. Mlinar (31, Istra 1961, 1. HNL 22-23)",60.057996941236425
"F. Mlinar (31, Istra 1961, 1. HNL 22-23)",59.898920834977
"F. Mlinar (31, Istra 1961, 1. HNL 22-23)",58.64382064601929
"F. Mlinar (31, Istra 1961, 1. HNL 22-23)",58.18256994327753
"F. Mlinar (31, Istra 1961, 1. HNL 22-23)",56.66481168756938
"F. Mlinar (31, Istra 1961, 1. HNL 22-23)",56.088020342429004
"F. Mlinar (31, Istra 1961, 1. HNL 22-23)",54.385803034034616
"F. Mlinar (31, Istra 1961, 1. HNL 22-23)",52.17339961399799
"F. Mlinar (31, Istra 1961, 1. HNL 22-23)",51.81248611159718
"F. Mlinar (31, Istra 1961, 1. HNL 22-23)",51.7661500607511
"F. Mlinar (31, Istra 1961, 1. HNL 22-23)",51.47771379662653
"F. Mlinar (31, Istra 1961, 1. HNL 22-23)",51.47481342116838
"F. Mlinar (31, Istra 1961, 1. HNL 22-23)",51.46622298731365
"F. Mlinar (31, Istra 1961, 1. HNL 22-23)",51.27778336647205
"F. Mlinar (31, Istra 1961, 1. HNL 22-23)",51.03797832603624
"F. Mlinar (31, Istra 1961, 1. HNL 22-23)",50.65284613057812
"F. Mlinar (31, Istra 1961, 1. HNL 22-23)",50.31985929285506
"F. Mlinar (31, Istra 1961, 1. HNL 22-23)",49.85337076867561
"F. Mlinar (31, Istra 1961, 1. HNL 22-23)",49.33617155242923
