Player 1,Similarity
"F. Sausu (38, Bali United, BRI Liga 1 22-23)",93.14321907200387
"F. Sausu (38, Bali United, BRI Liga 1 22-23)",91.828056329057
"F. Sausu (38, Bali United, BRI Liga 1 22-23)",88.87832637851012
"F. Sausu (38, Bali United, BRI Liga 1 22-23)",88.5279855625204
"F. Sausu (38, Bali United, BRI Liga 1 22-23)",87.90033807150476
"F. Sausu (38, Bali United, BRI Liga 1 22-23)",87.10022007253404
"F. Sausu (38, Bali United, BRI Liga 1 22-23)",86.70432323412022
"F. Sausu (38, Bali United, BRI Liga 1 22-23)",86.51947231017971
"F. Sausu (38, Bali United, BRI Liga 1 22-23)",86.4811831388604
"F. Sausu (38, Bali United, BRI Liga 1 22-23)",86.25521424610612
"F. Sausu (38, Bali United, BRI Liga 1 22-23)",86.17158310419227
"F. Sausu (38, Bali United, BRI Liga 1 22-23)",85.75764754211257
"F. Sausu (38, Bali United, BRI Liga 1 22-23)",85.66447496689041
"F. Sausu (38, Bali United, BRI Liga 1 22-23)",85.6374441520622
"F. Sausu (38, Bali United, BRI Liga 1 22-23)",85.57306109386674
"J. Geis (29, Nürnberg, 2. Bundesliga 22-23)",85.11348025488292
"F. Sausu (38, Bali United, BRI Liga 1 22-23)",84.74526678606259
"F. Sausu (38, Bali United, BRI Liga 1 22-23)",84.47748599797245
"F. Sausu (38, Bali United, BRI Liga 1 22-23)",84.16904160046829
"F. Sausu (38, Bali United, BRI Liga 1 22-23)",83.84383350069025
"F. Sausu (38, Bali United, BRI Liga 1 22-23)",83.1157898801651
"F. Sausu (38, Bali United, BRI Liga 1 22-23)",82.9786201301086
"O. Pršeš (28, Velež, Bosnian Premier League 22-23)",82.88152026974133
"F. Sausu (38, Bali United, BRI Liga 1 22-23)",82.86341981091921
"F. Sausu (38, Bali United, BRI Liga 1 22-23)",82.74118508588604
