Player 1,Similarity
"F. Tripi (21, Mura, 1. SNL 22-23)",73.14113771296536
"F. Tripi (21, Mura, 1. SNL 22-23)",71.6885738649678
"F. Tripi (21, Mura, 1. SNL 22-23)",70.97698989624541
"F. Tripi (21, Mura, 1. SNL 22-23)",70.76341100575758
"F. Tripi (21, Mura, 1. SNL 22-23)",70.07299655776872
"F. Tripi (21, Mura, 1. SNL 22-23)",69.13790056177349
"F. Tripi (21, Mura, 1. SNL 22-23)",67.92467442358294
"F. Tripi (21, Mura, 1. SNL 22-23)",66.86396210559464
"F. Tripi (21, Mura, 1. SNL 22-23)",66.72957960472131
"F. Tripi (21, Mura, 1. SNL 22-23)",66.40565618015745
"F. Tripi (21, Mura, 1. SNL 22-23)",65.98099682561502
"F. Tripi (21, Mura, 1. SNL 22-23)",64.51259575944256
"F. Tripi (21, Mura, 1. SNL 22-23)",64.326139220069
"F. Tripi (21, Mura, 1. SNL 22-23)",64.17210354784503
"F. Tripi (21, Mura, 1. SNL 22-23)",64.03455040576182
"F. Tripi (21, Mura, 1. SNL 22-23)",63.91386534599162
"F. Tripi (21, Mura, 1. SNL 22-23)",63.53114336250783
"F. Tripi (21, Mura, 1. SNL 22-23)",62.80255889293508
"F. Tripi (21, Mura, 1. SNL 22-23)",62.75675941707996
"F. Tripi (21, Mura, 1. SNL 22-23)",62.70701526422469
"F. Tripi (21, Mura, 1. SNL 22-23)",62.4995452299939
"F. Tripi (21, Mura, 1. SNL 22-23)",62.36214450086114
"F. Tripi (21, Mura, 1. SNL 22-23)",61.92994353475461
"F. Tripi (21, Mura, 1. SNL 22-23)",61.84677361356076
"F. Tripi (21, Mura, 1. SNL 22-23)",61.657127972391415
