Player 1,Similarity
"Fran Sol (31, Málaga, La Liga 2 22-23)",90.57536567461504
"Fran Sol (31, Málaga, La Liga 2 22-23)",90.14691926576468
"Fran Sol (31, Málaga, La Liga 2 22-23)",89.7156841788217
"Fran Sol (31, Málaga, La Liga 2 22-23)",89.7070291136319
"S. Mráz (26, Anorthosis, Cyprus 1. Division 22-23)",89.0008138068688
"Fran Sol (31, Málaga, La Liga 2 22-23)",88.90386553322308
"J. Tagueu (29, Marítimo, Primeira Liga 22-23)",88.7741762912701
"Fran Sol (31, Málaga, La Liga 2 22-23)",88.65373865816292
"Fran Sol (31, Málaga, La Liga 2 22-23)",88.47002891497192
"Fran Sol (31, Málaga, La Liga 2 22-23)",88.1463043962365
"Fran Sol (31, Málaga, La Liga 2 22-23)",88.06827102661224
"Fran Sol (31, Málaga, La Liga 2 22-23)",87.68815346256243
"Fran Sol (31, Málaga, La Liga 2 22-23)",87.65360572677565
"Fran Sol (31, Málaga, La Liga 2 22-23)",87.36607937317213
"H. Veerman (32, Volendam, Eredivisie 22-23)",87.08901906253736
"Fran Sol (31, Málaga, La Liga 2 22-23)",87.02894881466639
"Fran Sol (31, Málaga, La Liga 2 22-23)",86.69643172240586
"Fran Sol (31, Málaga, La Liga 2 22-23)",86.44858782630972
"R. Jiménez (32, Wolverhampton Wanderers, Premier League 22-23)",86.10730976047859
"M. Succar (24, Carlos Mannucci, Peruvian Liga 1 2023)",85.91403281091944
"Fran Sol (31, Málaga, La Liga 2 22-23)",85.85895092229411
"Fran Sol (31, Málaga, La Liga 2 22-23)",85.83531479223211
"Fran Sol (31, Málaga, La Liga 2 22-23)",85.74856337696887
"A. Traoré (22, Ararat, Armenian Premier League 22-23)",85.72506561250718
"Z. Gano (29, Zulte-Waregem, Belgian Pro League 22-23)",85.7096890330063
