Player 1,Similarity
"Rodrygo (22, Real Madrid, La Liga 22-23)",90.08658656643384
"G. Mikautadze (22, Metz, Ligue 2 22-23)",89.96536403891704
"A. Sarr (21, Heerenveen, Eredivisie 22-23)",89.9565189282654
"Z. Amdouni (22, Basel, Swiss Super League 22-23)",89.17011564700512
"G. Mikautadze (22, Metz, Ligue 2 22-23)",89.16675129558746
"G. Mikautadze (22, Metz, Ligue 2 22-23)",87.40483355170944
"G. Mikautadze (22, Metz, Ligue 2 22-23)",87.25065155607491
"G. Mikautadze (22, Metz, Ligue 2 22-23)",86.36043145441339
"G. Mikautadze (22, Metz, Ligue 2 22-23)",85.59297599394911
"K. Bayi (26, Neroca, I-League 22-23)",84.73366674570579
"G. Mikautadze (22, Metz, Ligue 2 22-23)",84.643582331316
"G. Mikautadze (22, Metz, Ligue 2 22-23)",84.61078128038078
"P. Dybala (29, Roma, Serie A 22-23)",84.56207738061345
"F. Sakala (26, Rangers, Scottish Premiership 22-23)",84.55831016924186
"G. Mikautadze (22, Metz, Ligue 2 22-23)",84.43967727325489
"G. Mikautadze (22, Metz, Ligue 2 22-23)",84.42499354830285
"G. Mikautadze (22, Metz, Ligue 2 22-23)",84.10012161326215
"Sandro Ramírez (27, Las Palmas, La Liga 2 22-23)",84.02673290844753
"G. Mikautadze (22, Metz, Ligue 2 22-23)",83.87637639029798
"G. Mikautadze (22, Metz, Ligue 2 22-23)",83.6690759751124
"G. Mikautadze (22, Metz, Ligue 2 22-23)",83.6428420415807
"Y. Barasi (20, AZ II, Eerste Divisie 22-23)",83.62749988880023
"G. Mikautadze (22, Metz, Ligue 2 22-23)",83.55527351298954
"G. Mikautadze (22, Metz, Ligue 2 22-23)",83.32632654614584
"G. Mikautadze (22, Metz, Ligue 2 22-23)",83.24925608201552
