Player 1,Similarity
"G. Nugraha (24, Arema, BRI Liga 1 22-23)",81.98277592018334
"G. Nugraha (24, Arema, BRI Liga 1 22-23)",80.07925600210513
"G. Nugraha (24, Arema, BRI Liga 1 22-23)",78.365790473881
"G. Nugraha (24, Arema, BRI Liga 1 22-23)",77.54377563967823
"G. Nugraha (24, Arema, BRI Liga 1 22-23)",77.25479144713209
"G. Nugraha (24, Arema, BRI Liga 1 22-23)",77.0100906458258
"G. Nugraha (24, Arema, BRI Liga 1 22-23)",76.07641326734438
"G. Nugraha (24, Arema, BRI Liga 1 22-23)",76.05864232324545
"G. Nugraha (24, Arema, BRI Liga 1 22-23)",75.80232299317437
"G. Nugraha (24, Arema, BRI Liga 1 22-23)",75.17132794692188
"G. Nugraha (24, Arema, BRI Liga 1 22-23)",74.84112515151297
"G. Nugraha (24, Arema, BRI Liga 1 22-23)",74.7688617713585
"M. Kvesić (31, Olimpija, 1. SNL 22-23)",74.44867757824872
"G. Nugraha (24, Arema, BRI Liga 1 22-23)",73.80499730274694
"G. Nugraha (24, Arema, BRI Liga 1 22-23)",73.57122622697395
"G. Nugraha (24, Arema, BRI Liga 1 22-23)",73.33672818878595
"G. Nugraha (24, Arema, BRI Liga 1 22-23)",73.33066686231456
"G. Nugraha (24, Arema, BRI Liga 1 22-23)",73.14885545543935
"G. Nugraha (24, Arema, BRI Liga 1 22-23)",72.97958911161385
"G. Nugraha (24, Arema, BRI Liga 1 22-23)",72.94642421151394
"G. Nugraha (24, Arema, BRI Liga 1 22-23)",72.7599092707953
"G. Nugraha (24, Arema, BRI Liga 1 22-23)",72.694996735388
