Player 1,Similarity
"A. Kamara (28, Aris, Greek Super League 22-23)",85.77029657432354
"G. Panico (26, Lucchese, Serie C 22-23)",82.32007950205882
"G. Panico (26, Lucchese, Serie C 22-23)",82.18993584711902
"G. Panico (26, Lucchese, Serie C 22-23)",79.61326566416692
"G. Panico (26, Lucchese, Serie C 22-23)",79.58276684016431
"Y. Otto (24, Verl, 3. Liga 22-23)",79.06243905652379
"G. Panico (26, Lucchese, Serie C 22-23)",78.62479013232011
"G. Panico (26, Lucchese, Serie C 22-23)",78.622511145715
"G. Panico (26, Lucchese, Serie C 22-23)",78.5553989266615
"G. Panico (26, Lucchese, Serie C 22-23)",78.54955854506215
"G. Panico (26, Lucchese, Serie C 22-23)",77.87562926480805
"André Pereira (28, Rio Ave, Primeira Liga 22-23)",77.21424876150826
"G. Panico (26, Lucchese, Serie C 22-23)",77.06481792897998
"G. Panico (26, Lucchese, Serie C 22-23)",76.73784943349634
"G. Panico (26, Lucchese, Serie C 22-23)",76.7057561661732
"B. Sangare (23, Vilafranquense, Portugal Segunda Liga 22-23)",76.38153095871152
"G. Panico (26, Lucchese, Serie C 22-23)",76.07699364947774
"G. Panico (26, Lucchese, Serie C 22-23)",75.95825059126994
"G. Panico (26, Lucchese, Serie C 22-23)",75.92086226336619
"G. Panico (26, Lucchese, Serie C 22-23)",75.86857378247309
"G. Panico (26, Lucchese, Serie C 22-23)",75.81284299739787
"G. Panico (26, Lucchese, Serie C 22-23)",75.4402566514618
"G. Panico (26, Lucchese, Serie C 22-23)",75.15616678614263
"G. Panico (26, Lucchese, Serie C 22-23)",75.10962387818381
"G. Panico (26, Lucchese, Serie C 22-23)",75.02632285092871
