Player 1,Similarity
"G. Sikošek (29, Maribor, 1. SNL 22-23)",83.07870319082039
"G. Sikošek (29, Maribor, 1. SNL 22-23)",80.32511955299022
"G. Sikošek (29, Maribor, 1. SNL 22-23)",79.31681005005747
"G. Sikošek (29, Maribor, 1. SNL 22-23)",78.18139241341503
"G. Sikošek (29, Maribor, 1. SNL 22-23)",77.52449721892135
"G. Sikošek (29, Maribor, 1. SNL 22-23)",77.08135138144917
"G. Sikošek (29, Maribor, 1. SNL 22-23)",76.74974550552582
"G. Sikošek (29, Maribor, 1. SNL 22-23)",76.57704345793151
"G. Sikošek (29, Maribor, 1. SNL 22-23)",76.28366243589898
"G. Sikošek (29, Maribor, 1. SNL 22-23)",75.38762695110927
"G. Sikošek (29, Maribor, 1. SNL 22-23)",75.2181396676297
"G. Sikošek (29, Maribor, 1. SNL 22-23)",74.94630850861974
"G. Sikošek (29, Maribor, 1. SNL 22-23)",74.60753157918202
"G. Sikošek (29, Maribor, 1. SNL 22-23)",74.60627423402627
"G. Sikošek (29, Maribor, 1. SNL 22-23)",73.75386242560336
"G. Sikošek (29, Maribor, 1. SNL 22-23)",73.63099999429306
"G. Sikošek (29, Maribor, 1. SNL 22-23)",73.52941921327944
"G. Sikošek (29, Maribor, 1. SNL 22-23)",73.51132863446537
"G. Sikošek (29, Maribor, 1. SNL 22-23)",73.42294561650942
"G. Sikošek (29, Maribor, 1. SNL 22-23)",73.29276665333678
"G. Sikošek (29, Maribor, 1. SNL 22-23)",73.0768693528999
"G. Sikošek (29, Maribor, 1. SNL 22-23)",73.06232559538893
"G. Sikošek (29, Maribor, 1. SNL 22-23)",73.03980343383014
"G. Sikošek (29, Maribor, 1. SNL 22-23)",72.75684630987175
"G. Sikošek (29, Maribor, 1. SNL 22-23)",72.72280710894562
