Player 1,Similarity
"G. Trdin (25, AŠK Bravo, 1. SNL 22-23)",73.08353899035924
"G. Trdin (25, AŠK Bravo, 1. SNL 22-23)",71.28745327179743
"G. Trdin (25, AŠK Bravo, 1. SNL 22-23)",70.36393504224674
"G. Trdin (25, AŠK Bravo, 1. SNL 22-23)",68.58779737187874
"G. Trdin (25, AŠK Bravo, 1. SNL 22-23)",68.11842474465587
"G. Trdin (25, AŠK Bravo, 1. SNL 22-23)",67.22383978324409
"G. Trdin (25, AŠK Bravo, 1. SNL 22-23)",67.18352388775698
"G. Trdin (25, AŠK Bravo, 1. SNL 22-23)",66.70777843641226
"G. Trdin (25, AŠK Bravo, 1. SNL 22-23)",66.658712367733
"G. Trdin (25, AŠK Bravo, 1. SNL 22-23)",66.48380317805686
"G. Trdin (25, AŠK Bravo, 1. SNL 22-23)",66.38036279026434
"G. Trdin (25, AŠK Bravo, 1. SNL 22-23)",65.71713720217939
"G. Trdin (25, AŠK Bravo, 1. SNL 22-23)",65.57372761343386
"G. Trdin (25, AŠK Bravo, 1. SNL 22-23)",63.70013175369333
"G. Trdin (25, AŠK Bravo, 1. SNL 22-23)",63.36696385350605
"G. Trdin (25, AŠK Bravo, 1. SNL 22-23)",63.232804562250266
"G. Trdin (25, AŠK Bravo, 1. SNL 22-23)",63.13501776541528
"G. Trdin (25, AŠK Bravo, 1. SNL 22-23)",62.529125724355474
"G. Trdin (25, AŠK Bravo, 1. SNL 22-23)",62.1087097910689
"G. Trdin (25, AŠK Bravo, 1. SNL 22-23)",62.0895088803726
"G. Trdin (25, AŠK Bravo, 1. SNL 22-23)",61.94195072333471
"G. Trdin (25, AŠK Bravo, 1. SNL 22-23)",61.496045102090825
"G. Trdin (25, AŠK Bravo, 1. SNL 22-23)",61.47708870944357
"G. Trdin (25, AŠK Bravo, 1. SNL 22-23)",61.34080770476034
"G. Trdin (25, AŠK Bravo, 1. SNL 22-23)",61.02776867835221
