Player 1,Similarity
"Gavi (18, Barcelona, La Liga 22-23)",82.25152938441302
"Gavi (18, Barcelona, La Liga 22-23)",80.95871402335835
"S. Altunashvili (26, Dinamo Batumi, Erovnuli Liga 2023)",76.96801937721146
"T. Ballo (21, Wolfsberger AC, Austrian Bundesliga 22-23)",74.91951220418785
"Gavi (18, Barcelona, La Liga 22-23)",74.28080707176726
"Gavi (18, Barcelona, La Liga 22-23)",73.93663882086555
"B. Kapustka (26, Legia Warszawa, Ekstraklasa 22-23)",73.92534016308076
"Gavi (18, Barcelona, La Liga 22-23)",73.85010515417603
"F. Carlsen (21, Hvidovre, Danish 1. Division 22-23)",73.07925694857475
"Gavi (18, Barcelona, La Liga 22-23)",72.83696771196902
"J. Repas (26, Maribor, 1. SNL 22-23)",72.61313481317214
"Gavi (18, Barcelona, La Liga 22-23)",71.83082340653591
"Gavi (18, Barcelona, La Liga 22-23)",71.6469068796874
"Gavi (18, Barcelona, La Liga 22-23)",71.61844432777052
"Gavi (18, Barcelona, La Liga 22-23)",71.38692475835387
"B. Luxbacher (28, First Vienna, Austrian 2. Liga 22-23)",71.15630176405003
"Gavi (18, Barcelona, La Liga 22-23)",70.88898460233226
"S. Cissé (22, Leganés, La Liga 2 22-23)",70.48095545334098
"E. Loiodice (22, Las Palmas, La Liga 2 22-23)",70.30373256467882
"Gavi (18, Barcelona, La Liga 22-23)",70.15330856343147
"Jean Victor (28, Dila, Erovnuli Liga 2023)",69.8881717801354
"Gavi (18, Barcelona, La Liga 22-23)",69.63791968815632
"Gavi (18, Barcelona, La Liga 22-23)",69.46972335261428
"Gavi (18, Barcelona, La Liga 22-23)",69.3526448223749
"Gavi (18, Barcelona, La Liga 22-23)",69.26105481703293
