Player 1,Similarity
"H. Behrens (33, Persija, BRI Liga 1 22-23)",71.59096120913019
"H. Behrens (33, Persija, BRI Liga 1 22-23)",67.94725859680865
"H. Behrens (33, Persija, BRI Liga 1 22-23)",67.02894405858146
"H. Behrens (33, Persija, BRI Liga 1 22-23)",66.49820832127268
"H. Behrens (33, Persija, BRI Liga 1 22-23)",66.06468667287699
"H. Behrens (33, Persija, BRI Liga 1 22-23)",64.8887437691321
"H. Behrens (33, Persija, BRI Liga 1 22-23)",64.34368927967824
"U. Llanez (22, St. Pölten, Austrian 2. Liga 22-23)",62.82100126903229
"H. Behrens (33, Persija, BRI Liga 1 22-23)",62.71966458733574
"H. Behrens (33, Persija, BRI Liga 1 22-23)",62.71512664007668
"H. Behrens (33, Persija, BRI Liga 1 22-23)",62.65921049957209
"H. Behrens (33, Persija, BRI Liga 1 22-23)",62.57732633834975
"H. Behrens (33, Persija, BRI Liga 1 22-23)",62.55205745477754
"H. Behrens (33, Persija, BRI Liga 1 22-23)",62.09730884085586
"H. Behrens (33, Persija, BRI Liga 1 22-23)",61.93003813562796
"H. Behrens (33, Persija, BRI Liga 1 22-23)",61.767729908921744
"H. Behrens (33, Persija, BRI Liga 1 22-23)",61.30909165329472
"H. Behrens (33, Persija, BRI Liga 1 22-23)",61.30870195752651
"H. Behrens (33, Persija, BRI Liga 1 22-23)",60.70169575919231
"H. Behrens (33, Persija, BRI Liga 1 22-23)",60.56714985996522
"H. Behrens (33, Persija, BRI Liga 1 22-23)",59.82063453101563
"H. Behrens (33, Persija, BRI Liga 1 22-23)",59.769689093752255
"H. Behrens (33, Persija, BRI Liga 1 22-23)",59.63595390131151
"H. Vanaken (30, Club Brugge, Belgian Pro League 22-23)",59.26813302543567
"H. Behrens (33, Persija, BRI Liga 1 22-23)",59.24021333838781
