Player 1,Similarity
"H. Ekitike (20, PSG, Ligue 1 22-23)",87.05803293659875
"Y. Fujimoto (29, Montedio Yamagata, J2 2023)",85.85188404593464
"H. Ekitike (20, PSG, Ligue 1 22-23)",85.43669996113033
"P. Keny (24, İstanbul Başakşehir, Süper Lig 22-23)",84.92941933863418
"H. Ekitike (20, PSG, Ligue 1 22-23)",84.8474187987573
"H. Ekitike (20, PSG, Ligue 1 22-23)",84.8051496206536
"C. Archer (21, Middlesbrough, Championship 22-23)",84.7781648291944
"H. Ekitike (20, PSG, Ligue 1 22-23)",84.76254730237557
"H. Ekitike (20, PSG, Ligue 1 22-23)",84.71224063349469
"H. Ekitike (20, PSG, Ligue 1 22-23)",84.1054156936061
"Victo (28, Persebaya Surabaya, BRI Liga 1 22-23)",84.04556630292485
"H. Ekitike (20, PSG, Ligue 1 22-23)",83.5395303300693
"H. Ekitike (20, PSG, Ligue 1 22-23)",83.49529487531153
"Owusu (25, Qarabag, Premyer Liqa 22-23)",83.30622041038795
"H. Ekitike (20, PSG, Ligue 1 22-23)",83.23274041223156
"H. Ekitike (20, PSG, Ligue 1 22-23)",83.10685068116176
"H. Ekitike (20, PSG, Ligue 1 22-23)",82.96356833279216
"J. Correa (28, Internazionale, Serie A 22-23)",82.60465538584185
"H. Ekitike (20, PSG, Ligue 1 22-23)",82.51895232192385
"D. Sikan (22, Shakhtar Donetsk, Ukrainian Premier Liha 22-23)",82.50856567375018
"H. Ekitike (20, PSG, Ligue 1 22-23)",82.24514771287798
"H. Ekitike (20, PSG, Ligue 1 22-23)",81.95229850954398
"H. Ekitike (20, PSG, Ligue 1 22-23)",81.67968462071218
"Y. Boli (29, Al Rayyan, Qatari Stars League 22-23)",81.57918778762763
"H. Ekitike (20, PSG, Ligue 1 22-23)",81.34566543515277
