Player 1,Similarity
"H. Herdiana (27, Persib, BRI Liga 1 22-23)",79.89574352179201
"H. Herdiana (27, Persib, BRI Liga 1 22-23)",76.57893510845307
"H. Herdiana (27, Persib, BRI Liga 1 22-23)",72.46877213150174
"H. Herdiana (27, Persib, BRI Liga 1 22-23)",71.57800381130127
"H. Herdiana (27, Persib, BRI Liga 1 22-23)",71.35823702607519
"H. Herdiana (27, Persib, BRI Liga 1 22-23)",70.85212746518866
"H. Herdiana (27, Persib, BRI Liga 1 22-23)",70.44794556942065
"H. Herdiana (27, Persib, BRI Liga 1 22-23)",70.07971919943404
"H. Herdiana (27, Persib, BRI Liga 1 22-23)",70.0506737045049
"H. Herdiana (27, Persib, BRI Liga 1 22-23)",69.97339828531042
"H. Herdiana (27, Persib, BRI Liga 1 22-23)",69.25261716468225
"H. Herdiana (27, Persib, BRI Liga 1 22-23)",68.94855397647838
"H. Herdiana (27, Persib, BRI Liga 1 22-23)",68.77911477035687
"H. Herdiana (27, Persib, BRI Liga 1 22-23)",68.11265315205043
"H. Herdiana (27, Persib, BRI Liga 1 22-23)",68.07656196698994
"H. Herdiana (27, Persib, BRI Liga 1 22-23)",67.70017024013156
"H. Herdiana (27, Persib, BRI Liga 1 22-23)",67.63922685986692
"H. Herdiana (27, Persib, BRI Liga 1 22-23)",67.29565894099156
"H. Herdiana (27, Persib, BRI Liga 1 22-23)",67.11047802306373
"K. Memija (27, Zrinjski, Bosnian Premier League 22-23)",67.01190892634811
"H. Herdiana (27, Persib, BRI Liga 1 22-23)",66.74183791227878
"H. Herdiana (27, Persib, BRI Liga 1 22-23)",66.4865832104362
"H. Herdiana (27, Persib, BRI Liga 1 22-23)",66.44922132049071
"H. Herdiana (27, Persib, BRI Liga 1 22-23)",66.33016665232529
"H. Herdiana (27, Persib, BRI Liga 1 22-23)",66.3072003011468
