Player 1,Similarity
"H. Horiuchi (26, Nara Club, J3 2023)",86.141068731562
"H. Horiuchi (26, Nara Club, J3 2023)",85.34057907472476
"H. Horiuchi (26, Nara Club, J3 2023)",84.47446397219824
"J. Pereira (30, Millonarios, Colombian Primera Division 22-23)",83.4414582396843
"H. Horiuchi (26, Nara Club, J3 2023)",81.0706099388613
"H. Horiuchi (26, Nara Club, J3 2023)",80.62934452346536
"H. Horiuchi (26, Nara Club, J3 2023)",79.79007721229085
"H. Horiuchi (26, Nara Club, J3 2023)",78.94894223486682
"H. Horiuchi (26, Nara Club, J3 2023)",78.4551548867456
"H. Horiuchi (26, Nara Club, J3 2023)",77.97923497416639
"H. Horiuchi (26, Nara Club, J3 2023)",77.71983412435914
"Show (24, Ludogorets, Bulgarian First League 22-23)",77.41884892830797
"H. Horiuchi (26, Nara Club, J3 2023)",77.26578789032268
"Mohamed Ghanam (26, Future, Egyptian Premier League 22-23)",77.16958725939892
"H. Horiuchi (26, Nara Club, J3 2023)",76.88851516519395
"H. Horiuchi (26, Nara Club, J3 2023)",76.76389989525208
"H. Horiuchi (26, Nara Club, J3 2023)",75.54921972622131
"H. Horiuchi (26, Nara Club, J3 2023)",75.40613571187778
"H. Horiuchi (26, Nara Club, J3 2023)",75.31646725690904
"H. Horiuchi (26, Nara Club, J3 2023)",75.10668717720795
"M. Fossati (30, Hajduk Split, 1. HNL 22-23)",74.47048666089152
"H. Horiuchi (26, Nara Club, J3 2023)",74.25451874071469
"B. Touré (28, Pyramids Al Ahram FC, Egyptian Premier League 22-23)",74.03646437747963
"G. Zelalem (26, Den Bosch, Eerste Divisie 22-23)",73.96753692863365
"M. Zabukovnik (22, Celje, 1. SNL 22-23)",73.9003746512292
