Player 1,Similarity
"H. Jammeh (31, Szeged 2011, NB II 22-23)",89.59658055171136
"H. Jammeh (31, Szeged 2011, NB II 22-23)",89.45265192168783
"D. Mbokani (37, SK Beveren, Belgian First Division B 22-23)",87.94318120937415
"H. Jammeh (31, Szeged 2011, NB II 22-23)",86.62340867175125
"H. Jammeh (31, Szeged 2011, NB II 22-23)",85.97051127652007
"N. Royón (32, La Luz, Uruguay Primera División 2023)",85.89756848808993
"H. Jammeh (31, Szeged 2011, NB II 22-23)",85.44604012452407
"Z. Gano (29, Zulte-Waregem, Belgian Pro League 22-23)",85.22196096317273
"H. Jammeh (31, Szeged 2011, NB II 22-23)",85.1714021062002
"H. Jammeh (31, Szeged 2011, NB II 22-23)",84.85143588060298
"H. Jammeh (31, Szeged 2011, NB II 22-23)",84.79121478248719
"H. Jammeh (31, Szeged 2011, NB II 22-23)",84.66644427826692
"H. Jammeh (31, Szeged 2011, NB II 22-23)",84.61039692843454
"Carlos Silvio (38, Wil, Swiss Challenge League 22-23)",84.44670536621327
"H. Jammeh (31, Szeged 2011, NB II 22-23)",84.40607403257391
"H. Jammeh (31, Szeged 2011, NB II 22-23)",84.35985137837788
"H. Jammeh (31, Szeged 2011, NB II 22-23)",84.24485283763094
"H. Jammeh (31, Szeged 2011, NB II 22-23)",84.24010628930942
"H. Jammeh (31, Szeged 2011, NB II 22-23)",84.16193309262412
"H. Jammeh (31, Szeged 2011, NB II 22-23)",83.95133551980594
"H. Jammeh (31, Szeged 2011, NB II 22-23)",83.90700395987726
"H. Jammeh (31, Szeged 2011, NB II 22-23)",83.87817500543521
"H. Jammeh (31, Szeged 2011, NB II 22-23)",83.81835154443536
"L. Landín (37, Comunicaciones, Guatemala Liga Nacional 22-23)",83.52223241341623
"H. Jammeh (31, Szeged 2011, NB II 22-23)",83.26459494474409
