Player 1,Similarity
"N. Aghasaryan (21, Urartu, Armenian Premier League 22-23)",78.810023199453
"H. Mita (32, Yokohama, J1 2023)",77.8351145111961
"K. Iwao (35, Urawa Reds, J1 2023)",77.54727748521897
"S. Ouro (23, Radomlje, 1. SNL 22-23)",76.89232725809322
"H. Mita (32, Yokohama, J1 2023)",76.40880528404855
"R. Morioka (32, Charleroi, Belgian Pro League 22-23)",74.11296033465113
"Edu Bedia (34, Goa, Indian Super League 22-23)",74.05527268137575
"H. Mita (32, Yokohama, J1 2023)",73.95420619192538
"H. Mita (32, Yokohama, J1 2023)",73.85205092896437
"E. Banda (25, Rijeka, 1. HNL 22-23)",73.7514703130496
"J. Toornstra (34, Utrecht, Eredivisie 22-23)",73.74250305551261
"J. Howson (35, Middlesbrough, Championship 22-23)",73.26500655446436
"H. Mita (32, Yokohama, J1 2023)",73.17893501094042
"H. Mita (32, Yokohama, J1 2023)",72.70747058738884
"H. Mita (32, Yokohama, J1 2023)",72.28250609298603
"H. Mita (32, Yokohama, J1 2023)",72.01147348658704
"H. Mita (32, Yokohama, J1 2023)",72.00330734349087
"H. Mita (32, Yokohama, J1 2023)",71.72874255090625
"H. Mita (32, Yokohama, J1 2023)",71.50794879172729
"H. Mita (32, Yokohama, J1 2023)",71.17981754791025
"H. Mita (32, Yokohama, J1 2023)",70.9384992619401
"O. Norwood (32, Sheffield United, Championship 22-23)",70.71357425767368
"H. Mita (32, Yokohama, J1 2023)",70.4967456861739
"H. Mita (32, Yokohama, J1 2023)",70.42120775409768
"O. Pršeš (28, Velež, Bosnian Premier League 22-23)",70.23901904130916
