Player 1,Similarity
"H. Mendes (25, Almería, La Liga 22-23)",83.74192184850814
"H. Mendes (25, Almería, La Liga 22-23)",80.55324381384274
"E. Alić (23, Domžale, 1. SNL 22-23)",79.07623991946232
"H. Mendes (25, Almería, La Liga 22-23)",78.96113209489181
"N. Kölle (23, MSV Duisburg, 3. Liga 22-23)",78.78290777377667
"H. Mendes (25, Almería, La Liga 22-23)",78.4254990722786
"H. Mendes (25, Almería, La Liga 22-23)",78.03062986662067
"H. Mendes (25, Almería, La Liga 22-23)",77.08936850315914
"H. Mendes (25, Almería, La Liga 22-23)",76.67173007592328
"H. Mendes (25, Almería, La Liga 22-23)",76.13196914444362
"H. Mendes (25, Almería, La Liga 22-23)",75.35137451752308
"H. Mendes (25, Almería, La Liga 22-23)",74.97524931835913
"H. Mendes (25, Almería, La Liga 22-23)",74.9606870811697
"H. Mendes (25, Almería, La Liga 22-23)",74.70590350584881
"M. Taykenov (25, Kaspyi, Kazakh Premier League 2023)",74.64022508685329
"H. Mendes (25, Almería, La Liga 22-23)",74.55549588235526
"K. Ríos (20, Pérez Zeledón, Costa Rica Primera División 22-23)",74.13447587395203
"H. Mendes (25, Almería, La Liga 22-23)",74.07295097127495
"Zhen'ao Wang (23, Dalian Pro, Chinese Super League 2023)",73.78118632443955
"H. Mendes (25, Almería, La Liga 22-23)",73.6441153795978
"H. Mendes (25, Almería, La Liga 22-23)",73.259678189335
"H. Mendes (25, Almería, La Liga 22-23)",73.23166119669598
"H. Mendes (25, Almería, La Liga 22-23)",73.22264199192485
"H. Mendes (25, Almería, La Liga 22-23)",73.19018599660713
"H. Mendes (25, Almería, La Liga 22-23)",73.17661961667726
