Player 1,Similarity
"H. Sarpei (24, Ingolstadt, 3. Liga 22-23)",82.7077844131135
"H. Sarpei (24, Ingolstadt, 3. Liga 22-23)",82.3367757046907
"H. Sarpei (24, Ingolstadt, 3. Liga 22-23)",81.0807277024174
"H. Sarpei (24, Ingolstadt, 3. Liga 22-23)",78.43864207771425
"H. Sarpei (24, Ingolstadt, 3. Liga 22-23)",77.927270500651
"H. Sarpei (24, Ingolstadt, 3. Liga 22-23)",77.54944972291955
"H. Sarpei (24, Ingolstadt, 3. Liga 22-23)",77.31306123055754
"H. Sarpei (24, Ingolstadt, 3. Liga 22-23)",76.51970652304134
"H. Sarpei (24, Ingolstadt, 3. Liga 22-23)",76.35204222054266
"H. Sarpei (24, Ingolstadt, 3. Liga 22-23)",76.27338408832854
"H. Sarpei (24, Ingolstadt, 3. Liga 22-23)",76.24312489650727
"H. Sarpei (24, Ingolstadt, 3. Liga 22-23)",76.11261768579367
"H. Sarpei (24, Ingolstadt, 3. Liga 22-23)",75.42657263137846
"H. Sarpei (24, Ingolstadt, 3. Liga 22-23)",74.982069932665
"H. Sarpei (24, Ingolstadt, 3. Liga 22-23)",74.80444738497819
"H. Sarpei (24, Ingolstadt, 3. Liga 22-23)",74.57442680573439
"H. Sarpei (24, Ingolstadt, 3. Liga 22-23)",74.18192053429989
"H. Sarpei (24, Ingolstadt, 3. Liga 22-23)",74.06821816625927
"H. Sarpei (24, Ingolstadt, 3. Liga 22-23)",73.79948781048186
"H. Sarpei (24, Ingolstadt, 3. Liga 22-23)",73.42578365009874
"H. Sarpei (24, Ingolstadt, 3. Liga 22-23)",73.2607167096367
"H. Sarpei (24, Ingolstadt, 3. Liga 22-23)",73.24431486224509
"H. Sarpei (24, Ingolstadt, 3. Liga 22-23)",73.06519892044487
"H. Sarpei (24, Ingolstadt, 3. Liga 22-23)",72.90044242658847
"H. Sarpei (24, Ingolstadt, 3. Liga 22-23)",72.63589791237999
