Player 1,Similarity
"I. Baldé (24, Messina, Serie C 22-23)",79.88456672102538
"I. Baldé (24, Messina, Serie C 22-23)",79.22984926339606
"L. Boyé (27, Elche, La Liga 22-23)",79.0972853546477
"I. Baldé (24, Messina, Serie C 22-23)",77.84363507701761
"I. Baldé (24, Messina, Serie C 22-23)",76.8503892704256
"P. Jager (19, Grazer AK, Austrian 2. Liga 22-23)",76.21929615806054
"I. Baldé (24, Messina, Serie C 22-23)",76.05566100625855
"I. Baldé (24, Messina, Serie C 22-23)",75.77901571743404
"I. Baldé (24, Messina, Serie C 22-23)",75.719338546783
"E. Vergani (22, Pescara, Serie C 22-23)",75.45101289325794
"I. Baldé (24, Messina, Serie C 22-23)",75.1372014843008
"M. Krstovski (25, Sloga Doboj, Bosnian Premier League 22-23)",74.45536653441023
"L. Angol (28, Sutton United, League Two 22-23)",74.32369981078293
"I. Baldé (24, Messina, Serie C 22-23)",74.22140728979977
"F. Pittarello (26, FeralpiSalò, Serie C 22-23)",74.21503426390193
"I. Baldé (24, Messina, Serie C 22-23)",74.14804002741127
"I. Baldé (24, Messina, Serie C 22-23)",73.81911363564622
"I. Baldé (24, Messina, Serie C 22-23)",73.48295904492122
"I. Baldé (24, Messina, Serie C 22-23)",73.4285933449267
"I. Baldé (24, Messina, Serie C 22-23)",72.83658635688205
"I. Baldé (24, Messina, Serie C 22-23)",72.80902157698374
"Rodrigo Angelotti (25, Omiya Ardija, J2 2023)",72.54949264879053
"I. Baldé (24, Messina, Serie C 22-23)",72.50846170640831
"I. Baldé (24, Messina, Serie C 22-23)",72.47660727372259
"I. Baldé (24, Messina, Serie C 22-23)",72.27492997543577
