Player 1,Similarity
"I. Diallo (26, Ajaccio, Ligue 1 22-23)",81.85203279013501
"I. Diallo (26, Ajaccio, Ligue 1 22-23)",80.95313909720919
"I. Diallo (26, Ajaccio, Ligue 1 22-23)",79.26188318719142
"I. Diallo (26, Ajaccio, Ligue 1 22-23)",76.73493298973577
"I. Diallo (26, Ajaccio, Ligue 1 22-23)",74.41156591899623
"Gustavo Cascardo (26, Beroe, Bulgarian First League 22-23)",73.535385778798
"I. Diallo (26, Ajaccio, Ligue 1 22-23)",73.46219228712306
"I. Diallo (26, Ajaccio, Ligue 1 22-23)",73.33716152659852
"F. Sokoy (25, Barito Putera, BRI Liga 1 22-23)",73.28660516541504
"I. Diallo (26, Ajaccio, Ligue 1 22-23)",72.22328531790592
"J. Tello (20, Deportivo Cali, Colombian Primera Division 22-23)",71.77838755244912
"I. Diallo (26, Ajaccio, Ligue 1 22-23)",71.60824617027058
"I. Diallo (26, Ajaccio, Ligue 1 22-23)",70.89188063466678
"I. Diallo (26, Ajaccio, Ligue 1 22-23)",70.71974006173136
"I. Diallo (26, Ajaccio, Ligue 1 22-23)",70.66378965356878
"N. Landgraf (27, Hallescher FC, 3. Liga 22-23)",70.61461062407675
"I. Diallo (26, Ajaccio, Ligue 1 22-23)",70.37504874285376
"I. Diallo (26, Ajaccio, Ligue 1 22-23)",69.7033759972139
"D. Steć (29, Lechia Gdańsk, Ekstraklasa 22-23)",69.54335205103679
"I. Diallo (26, Ajaccio, Ligue 1 22-23)",69.27070533178762
"I. Diallo (26, Ajaccio, Ligue 1 22-23)",69.26513110315143
"S. Panteli (23, AEL, Cyprus 1. Division 22-23)",68.87387023879828
"I. Diallo (26, Ajaccio, Ligue 1 22-23)",68.70998905864616
"I. Diallo (26, Ajaccio, Ligue 1 22-23)",68.07473839725974
"A. Munawar (27, Persik Kediri, BRI Liga 1 22-23)",68.04691118406038
