Player 1,Similarity
"F. Bianchi (23, Brescia, Serie B 22-23)",90.00279015505348
"I. Durdov (22, Domžale, 1. SNL 22-23)",89.84837276195209
"I. Durdov (22, Domžale, 1. SNL 22-23)",89.7803957079866
"I. Durdov (22, Domžale, 1. SNL 22-23)",88.46510944444664
"I. Durdov (22, Domžale, 1. SNL 22-23)",88.27850177394208
"I. Durdov (22, Domžale, 1. SNL 22-23)",87.87344717544767
"I. Durdov (22, Domžale, 1. SNL 22-23)",87.14843519565039
"N. Milleskog (21, Örebro, Superettan 2023)",86.72026162574983
"E. Mashike (28, Hamrun Spartans, Malta Premier League 22-23)",86.5690784947747
"D. Williams (35, Perth Glory, A-League Men 22-23)",86.47364263000804
"N. Ohio (20, Standard Liège, Belgian Pro League 22-23)",86.26828189271973
"I. Durdov (22, Domžale, 1. SNL 22-23)",86.18826078885766
"I. Durdov (22, Domžale, 1. SNL 22-23)",85.99986598111957
"I. Durdov (22, Domžale, 1. SNL 22-23)",85.9107709751856
"I. Durdov (22, Domžale, 1. SNL 22-23)",85.54654530016292
"I. Durdov (22, Domžale, 1. SNL 22-23)",85.45085948766123
"S. Petrov (24, Radnički Niš, Serbian SuperLiga 22-23)",85.37026880768767
"I. Durdov (22, Domžale, 1. SNL 22-23)",85.25339258738664
"I. Durdov (22, Domžale, 1. SNL 22-23)",85.1971494693915
"I. Durdov (22, Domžale, 1. SNL 22-23)",85.06639287360431
"I. Durdov (22, Domžale, 1. SNL 22-23)",85.04629306870437
"N. Kupusović (22, Trenčín, Slovak Super Liga 22-23)",84.90278075553886
"I. Durdov (22, Domžale, 1. SNL 22-23)",84.9022062388054
"J. Tagueu (29, Marítimo, Primeira Liga 22-23)",84.56476074829877
"I. Durdov (22, Domžale, 1. SNL 22-23)",84.35618425854618
