Player 1,Similarity
"I. Fahmi (21, Persija, BRI Liga 1 22-23)",89.28479378990193
"M. Muhammed (26, Sarajevo, Bosnian Premier League 22-23)",87.01398213512775
"I. Fahmi (21, Persija, BRI Liga 1 22-23)",86.88911580594672
"I. Fahmi (21, Persija, BRI Liga 1 22-23)",86.59677709723519
"I. Fahmi (21, Persija, BRI Liga 1 22-23)",85.7886587917594
"I. Fahmi (21, Persija, BRI Liga 1 22-23)",85.73270944045137
"I. Fahmi (21, Persija, BRI Liga 1 22-23)",85.5490916259568
"I. Fahmi (21, Persija, BRI Liga 1 22-23)",84.43470178898548
"Y. Vorogovskiy (26, RWD Molenbeek, Belgian First Division B 22-23)",84.43305230952755
"I. Fahmi (21, Persija, BRI Liga 1 22-23)",83.6193399862641
"I. Fahmi (21, Persija, BRI Liga 1 22-23)",83.55922635183357
"A. Marku (22, Teuta Durrës, Albanian Premier League 22-23)",83.23543885122864
"I. Fahmi (21, Persija, BRI Liga 1 22-23)",83.07750533626263
"J. Osmić (21, Sloboda Tuzla, Bosnian Premier League 22-23)",82.83303943388577
"I. Fahmi (21, Persija, BRI Liga 1 22-23)",82.82204416887554
"A. Beganović (23, Mura, 1. SNL 22-23)",82.80200552493665
"I. Fahmi (21, Persija, BRI Liga 1 22-23)",82.68173926214898
"I. Fahmi (21, Persija, BRI Liga 1 22-23)",82.59806349481109
"I. Fahmi (21, Persija, BRI Liga 1 22-23)",82.58013295019659
"C. Lannert (24, 1860 München, 3. Liga 22-23)",82.51968483271087
"I. Fahmi (21, Persija, BRI Liga 1 22-23)",82.03715711299256
"I. Fahmi (21, Persija, BRI Liga 1 22-23)",81.96766103140996
"I. Fahmi (21, Persija, BRI Liga 1 22-23)",81.90699133995838
"I. Fahmi (21, Persija, BRI Liga 1 22-23)",81.69348414615347
"I. Fahmi (21, Persija, BRI Liga 1 22-23)",81.4709964934884
