Player 1,Similarity
"I. Fujita (23, Roasso Kumamoto, J2 2023)",73.31716782221056
"D. Kobouri (25, Dinamo Tbilisi, Erovnuli Liga 2023)",72.26218907951278
"Wanderson (31, Dila, Erovnuli Liga 2023)",71.99179365486339
"I. Fujita (23, Roasso Kumamoto, J2 2023)",69.88957870804701
"I. Fujita (23, Roasso Kumamoto, J2 2023)",69.22702669091811
"J. Hato (17, Ajax II, Eerste Divisie 22-23)",68.45706159360414
"I. Fujita (23, Roasso Kumamoto, J2 2023)",67.36209214779933
"I. Fujita (23, Roasso Kumamoto, J2 2023)",67.14140036387361
"I. Fujita (23, Roasso Kumamoto, J2 2023)",66.10804364442184
"I. Fujita (23, Roasso Kumamoto, J2 2023)",66.04645488220655
"D. Nakashio (25, ThespaKusatsu Gunma, J2 2023)",65.31905527403893
"I. Fujita (23, Roasso Kumamoto, J2 2023)",63.93387018827207
"I. Fujita (23, Roasso Kumamoto, J2 2023)",62.8808767773897
"I. Fujita (23, Roasso Kumamoto, J2 2023)",62.782558120931306
"J. Geria (30, Melbourne Victory, A-League Men 22-23)",62.2567677604742
"I. Fujita (23, Roasso Kumamoto, J2 2023)",62.11423525748728
"K. Veendorp (26, Emmen, Eredivisie 22-23)",61.94903837629088
"A. Kawai (23, Montedio Yamagata, J2 2023)",61.7987982647073
"I. Fujita (23, Roasso Kumamoto, J2 2023)",61.77926742345798
"I. Fujita (23, Roasso Kumamoto, J2 2023)",61.66249928389883
"I. Fujita (23, Roasso Kumamoto, J2 2023)",61.20714542389648
"I. Fujita (23, Roasso Kumamoto, J2 2023)",61.137952466349766
"I. Fujita (23, Roasso Kumamoto, J2 2023)",61.05394916956664
"J. Campusano (30, Ñublense, Chilean Primera División 2023)",61.0356203161597
"I. Fujita (23, Roasso Kumamoto, J2 2023)",60.94085379577498
