Player 1,Similarity
"I. Gomis (23, Amiens SC, Ligue 2 22-23)",74.13435846580295
"F. Gerbowski (20, Stal Mielec, Ekstraklasa 22-23)",71.66475870757145
"I. Gomis (23, Amiens SC, Ligue 2 22-23)",64.90824864435893
"C. Wallem (23, Odds, Eliteserien 2023)",64.23992087123878
"T. Ballo (21, Wolfsberger AC, Austrian Bundesliga 22-23)",64.160131411372
"I. Gomis (23, Amiens SC, Ligue 2 22-23)",64.15189057768613
"K. Monzialo (22, St. Pölten, Austrian 2. Liga 22-23)",63.67852314079142
"Iván Sánchez (30, Real Valladolid, La Liga 22-23)",63.17092496690928
"I. Gomis (23, Amiens SC, Ligue 2 22-23)",62.844867113024826
"I. Gomis (23, Amiens SC, Ligue 2 22-23)",62.81393119510446
"I. Gomis (23, Amiens SC, Ligue 2 22-23)",62.40219871922549
"I. Gomis (23, Amiens SC, Ligue 2 22-23)",62.34746721852693
"I. Gomis (23, Amiens SC, Ligue 2 22-23)",61.91480666109474
"L. Reis (22, Hamburger SV, 2. Bundesliga 22-23)",61.844350400393
"I. Gomis (23, Amiens SC, Ligue 2 22-23)",61.614488511446
"I. Gomis (23, Amiens SC, Ligue 2 22-23)",61.544807518069945
"L. Amani (25, Union Saint-Gilloise, Belgian Pro League 22-23)",61.5079150540758
"I. Gomis (23, Amiens SC, Ligue 2 22-23)",61.45380529671284
"L. Bittencourt (29, Werder Bremen, Bundesliga 22-23)",61.13566421438368
"I. Gomis (23, Amiens SC, Ligue 2 22-23)",60.97772674243064
"I. Gomis (23, Amiens SC, Ligue 2 22-23)",60.91444207231943
"I. Gomis (23, Amiens SC, Ligue 2 22-23)",60.773779420570186
"I. Gomis (23, Amiens SC, Ligue 2 22-23)",60.2547689231992
"I. Gomis (23, Amiens SC, Ligue 2 22-23)",60.06502192230202
"I. Gomis (23, Amiens SC, Ligue 2 22-23)",59.7571119539786
