Player 1,Similarity
"I. Guerrico (24, Maribor, 1. SNL 22-23)",79.09288469717255
"I. Guerrico (24, Maribor, 1. SNL 22-23)",77.40696354599604
"I. Guerrico (24, Maribor, 1. SNL 22-23)",71.63406126576054
"I. Guerrico (24, Maribor, 1. SNL 22-23)",71.58382557868515
"I. Guerrico (24, Maribor, 1. SNL 22-23)",71.3061005068876
"I. Guerrico (24, Maribor, 1. SNL 22-23)",70.42692577978487
"I. Guerrico (24, Maribor, 1. SNL 22-23)",69.70435829179415
"I. Guerrico (24, Maribor, 1. SNL 22-23)",69.38945743070796
"I. Guerrico (24, Maribor, 1. SNL 22-23)",68.77291535922885
"I. Guerrico (24, Maribor, 1. SNL 22-23)",68.7459175059959
"I. Guerrico (24, Maribor, 1. SNL 22-23)",68.57502430517401
"I. Guerrico (24, Maribor, 1. SNL 22-23)",68.26177934446099
"I. Guerrico (24, Maribor, 1. SNL 22-23)",68.21848515244008
"I. Guerrico (24, Maribor, 1. SNL 22-23)",67.61770920697536
"I. Guerrico (24, Maribor, 1. SNL 22-23)",67.59370159132683
"I. Guerrico (24, Maribor, 1. SNL 22-23)",67.20397921501704
"I. Guerrico (24, Maribor, 1. SNL 22-23)",65.97504093924587
"I. Guerrico (24, Maribor, 1. SNL 22-23)",65.84510409134005
"I. Guerrico (24, Maribor, 1. SNL 22-23)",65.72909650973912
"I. Guerrico (24, Maribor, 1. SNL 22-23)",65.53027902576532
"I. Guerrico (24, Maribor, 1. SNL 22-23)",65.35650751425884
"I. Guerrico (24, Maribor, 1. SNL 22-23)",65.04015712600719
"I. Guerrico (24, Maribor, 1. SNL 22-23)",64.83594848006463
"I. Guerrico (24, Maribor, 1. SNL 22-23)",64.72705922157316
"I. Guerrico (24, Maribor, 1. SNL 22-23)",64.66193092702038
