Player 1,Similarity
"J. Kalabiška (36, Slovácko, Czech Fortuna Liga 22-23)",80.33545975911827
"I. Oda (24, Avispa Fukuoka, J1 2023)",70.93358676524893
"I. Oda (24, Avispa Fukuoka, J1 2023)",70.57528071760342
"I. Oda (24, Avispa Fukuoka, J1 2023)",70.18687957796179
"M. Raspopović (29, Gorica, 1. HNL 22-23)",69.8545721285325
"I. Oda (24, Avispa Fukuoka, J1 2023)",64.63438509381045
"I. Oda (24, Avispa Fukuoka, J1 2023)",64.13525718092174
"J. Bravo (33, Pyunik, Armenian Premier League 22-23)",63.58933758077481
"W. Tebalán (22, Xelajú, Guatemala Liga Nacional 22-23)",62.56189989485965
"I. Oda (24, Avispa Fukuoka, J1 2023)",62.18577949308058
"I. Oda (24, Avispa Fukuoka, J1 2023)",62.128649050644526
"D. Santis (20, Comunicaciones, Guatemala Liga Nacional 22-23)",61.97077858634415
"I. Oda (24, Avispa Fukuoka, J1 2023)",61.56415398721913
"I. Oda (24, Avispa Fukuoka, J1 2023)",61.51970314890745
"I. Oda (24, Avispa Fukuoka, J1 2023)",61.43751814559474
"I. Oda (24, Avispa Fukuoka, J1 2023)",61.42167537957226
"I. Oda (24, Avispa Fukuoka, J1 2023)",61.28103622867224
"I. Oda (24, Avispa Fukuoka, J1 2023)",61.10654527018794
"I. Oda (24, Avispa Fukuoka, J1 2023)",61.05667025811591
"I. Oda (24, Avispa Fukuoka, J1 2023)",60.93372868671572
"I. Oda (24, Avispa Fukuoka, J1 2023)",60.629881051689885
"I. Oda (24, Avispa Fukuoka, J1 2023)",60.61124186308477
"I. Oda (24, Avispa Fukuoka, J1 2023)",60.16832449327474
"I. Oda (24, Avispa Fukuoka, J1 2023)",60.14790957649495
"I. Oda (24, Avispa Fukuoka, J1 2023)",60.13373712387215
