Player 1,Similarity
"I. Tomečak (33, Gorica, 1. HNL 22-23)",90.06376476775877
"I. Tomečak (33, Gorica, 1. HNL 22-23)",89.86119054255076
"I. Tomečak (33, Gorica, 1. HNL 22-23)",89.32857876170854
"I. Tomečak (33, Gorica, 1. HNL 22-23)",89.09035405085255
"I. Tomečak (33, Gorica, 1. HNL 22-23)",88.65321593428229
"I. Tomečak (33, Gorica, 1. HNL 22-23)",87.82700570968427
"I. Tomečak (33, Gorica, 1. HNL 22-23)",87.64488169089675
"I. Tomečak (33, Gorica, 1. HNL 22-23)",87.28492433091935
"I. Tomečak (33, Gorica, 1. HNL 22-23)",87.23960037277809
"I. Tomečak (33, Gorica, 1. HNL 22-23)",87.22655692553704
"I. Tomečak (33, Gorica, 1. HNL 22-23)",87.03553200825976
"I. Tomečak (33, Gorica, 1. HNL 22-23)",86.92653027422261
"I. Tomečak (33, Gorica, 1. HNL 22-23)",86.5099778897905
"I. Tomečak (33, Gorica, 1. HNL 22-23)",86.47030585040004
"I. Tomečak (33, Gorica, 1. HNL 22-23)",86.44939743274614
"I. Tomečak (33, Gorica, 1. HNL 22-23)",86.29423055583526
"I. Tomečak (33, Gorica, 1. HNL 22-23)",86.14410479705667
"I. Tomečak (33, Gorica, 1. HNL 22-23)",86.07661542647404
"I. Tomečak (33, Gorica, 1. HNL 22-23)",86.03173545731117
"I. Tomečak (33, Gorica, 1. HNL 22-23)",85.95251025364799
"I. Tomečak (33, Gorica, 1. HNL 22-23)",85.87088404229215
"I. Tomečak (33, Gorica, 1. HNL 22-23)",85.86547598147799
"I. Tomečak (33, Gorica, 1. HNL 22-23)",85.8427480159163
"I. Tomečak (33, Gorica, 1. HNL 22-23)",85.67732604250585
"B. Cipetić (28, Lokomotiva Zagreb, 1. HNL 22-23)",85.43686768280891
