Player 1,Similarity
"Iago (26, Augsburg, Bundesliga 22-23)",80.97856448911999
"Iago (26, Augsburg, Bundesliga 22-23)",79.6209886526497
"Iago (26, Augsburg, Bundesliga 22-23)",78.56693909081419
"Iago (26, Augsburg, Bundesliga 22-23)",77.97591488255884
"Iago (26, Augsburg, Bundesliga 22-23)",76.82244149949548
"Iago (26, Augsburg, Bundesliga 22-23)",76.00169774920559
"Iago (26, Augsburg, Bundesliga 22-23)",75.9394186183863
"Iago (26, Augsburg, Bundesliga 22-23)",75.64284543172403
"Iago (26, Augsburg, Bundesliga 22-23)",75.61156979797144
"Iago (26, Augsburg, Bundesliga 22-23)",75.5753680978289
"Iago (26, Augsburg, Bundesliga 22-23)",75.57399130439214
"Iago (26, Augsburg, Bundesliga 22-23)",75.19574893576137
"Iago (26, Augsburg, Bundesliga 22-23)",74.50758817363278
"Iago (26, Augsburg, Bundesliga 22-23)",74.09991258727571
"Iago (26, Augsburg, Bundesliga 22-23)",73.90162883260555
"Iago (26, Augsburg, Bundesliga 22-23)",73.40065866516848
"Iago (26, Augsburg, Bundesliga 22-23)",73.2414170163054
"Iago (26, Augsburg, Bundesliga 22-23)",72.75873629930983
"Iago (26, Augsburg, Bundesliga 22-23)",72.68964860593984
"Iago (26, Augsburg, Bundesliga 22-23)",72.63849493175324
"G. Cerato (24, Instituto, Argentinian Primera División 2023)",72.59786888878061
"N. Knystock (27, VfB Oldenburg, 3. Liga 22-23)",72.52109969666482
"Iago (26, Augsburg, Bundesliga 22-23)",72.2179415154998
"Iago (26, Augsburg, Bundesliga 22-23)",71.92585831229529
"Iago (26, Augsburg, Bundesliga 22-23)",71.70908016941577
