Player 1,Similarity
"J. Bitter (26, MSV Duisburg, 3. Liga 22-23)",85.94295895390783
"J. Bitter (26, MSV Duisburg, 3. Liga 22-23)",84.76540637090856
"J. Bitter (26, MSV Duisburg, 3. Liga 22-23)",84.68314830587506
"J. Bitter (26, MSV Duisburg, 3. Liga 22-23)",82.83228124053875
"J. Bitter (26, MSV Duisburg, 3. Liga 22-23)",82.05639002539543
"J. Bitter (26, MSV Duisburg, 3. Liga 22-23)",82.01352544199635
"J. Bitter (26, MSV Duisburg, 3. Liga 22-23)",81.4823429861366
"J. Bitter (26, MSV Duisburg, 3. Liga 22-23)",81.04750804305996
"J. Bitter (26, MSV Duisburg, 3. Liga 22-23)",80.95189702781497
"M. Raspopović (29, Gorica, 1. HNL 22-23)",79.86837012735275
"J. Bitter (26, MSV Duisburg, 3. Liga 22-23)",79.72875185086565
"J. Bitter (26, MSV Duisburg, 3. Liga 22-23)",79.49990846079902
"J. Bitter (26, MSV Duisburg, 3. Liga 22-23)",79.40461151476077
"J. Bitter (26, MSV Duisburg, 3. Liga 22-23)",79.33881071720891
"J. Bitter (26, MSV Duisburg, 3. Liga 22-23)",79.24016539465346
"J. Bitter (26, MSV Duisburg, 3. Liga 22-23)",79.20350459982211
"J. Bitter (26, MSV Duisburg, 3. Liga 22-23)",78.81695550894624
"J. Bitter (26, MSV Duisburg, 3. Liga 22-23)",78.75822941360249
"J. Bitter (26, MSV Duisburg, 3. Liga 22-23)",78.67678818279371
"J. Bitter (26, MSV Duisburg, 3. Liga 22-23)",78.16834236039374
"J. Bitter (26, MSV Duisburg, 3. Liga 22-23)",78.03849271979574
"A. Bosec (25, Slaven Belupo, 1. HNL 22-23)",77.9153433704873
"J. Bitter (26, MSV Duisburg, 3. Liga 22-23)",77.69630338005281
"J. Bitter (26, MSV Duisburg, 3. Liga 22-23)",77.69413728763324
"D. Kouao (26, Tabor Sežana, 1. SNL 22-23)",77.5504556103822
