Player 1,Similarity
"J. Bustos (28, Borneo FC, BRI Liga 1 22-23)",94.38923090482282
"J. Bustos (28, Borneo FC, BRI Liga 1 22-23)",93.1769999248308
"J. Bustos (28, Borneo FC, BRI Liga 1 22-23)",92.77419246378172
"J. Bustos (28, Borneo FC, BRI Liga 1 22-23)",92.59990835608208
"J. Bustos (28, Borneo FC, BRI Liga 1 22-23)",92.13578192572017
"J. Bustos (28, Borneo FC, BRI Liga 1 22-23)",91.68251893947097
"J. Bustos (28, Borneo FC, BRI Liga 1 22-23)",91.64993727568714
"J. Bustos (28, Borneo FC, BRI Liga 1 22-23)",91.39740177389228
"J. Bustos (28, Borneo FC, BRI Liga 1 22-23)",91.20210328252864
"J. Bustos (28, Borneo FC, BRI Liga 1 22-23)",91.09966450365133
"J. Bustos (28, Borneo FC, BRI Liga 1 22-23)",90.89377323093022
"J. Bustos (28, Borneo FC, BRI Liga 1 22-23)",90.81467925079268
"J. Bustos (28, Borneo FC, BRI Liga 1 22-23)",90.633095397419
"J. Bustos (28, Borneo FC, BRI Liga 1 22-23)",89.87555045749528
"J. Bustos (28, Borneo FC, BRI Liga 1 22-23)",89.63066614164784
"J. Bustos (28, Borneo FC, BRI Liga 1 22-23)",89.57743382963407
"F. Muslija (24, Paderborn, 2. Bundesliga 22-23)",89.56338048078781
"J. Bustos (28, Borneo FC, BRI Liga 1 22-23)",89.45014893726982
"J. Bustos (28, Borneo FC, BRI Liga 1 22-23)",89.36249853255123
"J. Bustos (28, Borneo FC, BRI Liga 1 22-23)",89.31687739976059
"J. Bustos (28, Borneo FC, BRI Liga 1 22-23)",89.25185850334364
"J. Bustos (28, Borneo FC, BRI Liga 1 22-23)",89.24647088701849
