Player 1,Similarity
"J. Clasie (31, AZ, Eredivisie 22-23)",92.13039624313964
"J. Clasie (31, AZ, Eredivisie 22-23)",91.58098299810544
"J. Clasie (31, AZ, Eredivisie 22-23)",91.24942741086932
"M. Fossati (30, Hajduk Split, 1. HNL 22-23)",88.2858075320287
"J. Clasie (31, AZ, Eredivisie 22-23)",87.41979412582889
"J. Clasie (31, AZ, Eredivisie 22-23)",87.18698907499515
"J. Clasie (31, AZ, Eredivisie 22-23)",87.12523703927576
"J. Clasie (31, AZ, Eredivisie 22-23)",86.94379108717781
"J. Mišić (28, Dinamo Zagreb, 1. HNL 22-23)",86.30951813942204
"J. Clasie (31, AZ, Eredivisie 22-23)",86.06303136031875
"J. Clasie (31, AZ, Eredivisie 22-23)",85.76425826614191
"J. Clasie (31, AZ, Eredivisie 22-23)",85.53228804891079
"Mohamed Ashraf Roqa (27, Zamalek, Egyptian Premier League 22-23)",85.52015209440282
"J. Clasie (31, AZ, Eredivisie 22-23)",85.36291760705856
"J. Clasie (31, AZ, Eredivisie 22-23)",85.05214083396669
"R. Murawski (29, Lech Poznań, Ekstraklasa 22-23)",84.81900520589589
"J. Clasie (31, AZ, Eredivisie 22-23)",84.73964685082385
"J. Kubicki (27, Lechia Gdańsk, Ekstraklasa 22-23)",84.52981956279024
"J. Clasie (31, AZ, Eredivisie 22-23)",84.50343074470025
"J. Clasie (31, AZ, Eredivisie 22-23)",84.38859581133812
"L. Brattan (33, Sydney, A-League Men 22-23)",84.29678125274901
"J. Clasie (31, AZ, Eredivisie 22-23)",84.19361798546842
"J. Clasie (31, AZ, Eredivisie 22-23)",83.94404764567257
"E. Pavez (33, Colo Colo, Chilean Primera División 2023)",83.9311654233533
"J. Clasie (31, AZ, Eredivisie 22-23)",83.767165900579
