Player 1,Similarity
"J. David (23, Lille, Ligue 1 22-23)",93.41082120663104
"J. David (23, Lille, Ligue 1 22-23)",92.6615666097802
"C. Nkunku (25, RB Leipzig, Bundesliga 22-23)",92.37268247933658
"E. Haaland (22, Manchester City, Premier League 22-23)",92.24425750645617
"J. David (23, Lille, Ligue 1 22-23)",91.68573208712075
"J. David (23, Lille, Ligue 1 22-23)",91.2534063885686
"J. David (23, Lille, Ligue 1 22-23)",90.7692872557083
"J. David (23, Lille, Ligue 1 22-23)",90.49726770723184
"M. Qurbanly (21, Qarabag, Premyer Liqa 22-23)",90.38481038785972
"J. David (23, Lille, Ligue 1 22-23)",90.19757618417562
"J. David (23, Lille, Ligue 1 22-23)",90.11945869949813
"Gabriel Jesus (26, Arsenal, Premier League 22-23)",90.11803407237838
"J. David (23, Lille, Ligue 1 22-23)",90.04026544138492
"J. David (23, Lille, Ligue 1 22-23)",89.94620241478361
"J. David (23, Lille, Ligue 1 22-23)",89.92368949041195
"J. David (23, Lille, Ligue 1 22-23)",89.51662333207304
"J. East (28, Deportivo Saprissa, Costa Rica Primera División 22-23)",89.43987792696856
"J. David (23, Lille, Ligue 1 22-23)",89.36521042944838
"A. Morelos (26, Rangers, Scottish Premiership 22-23)",89.19953623377528
"J. David (23, Lille, Ligue 1 22-23)",89.16833471026754
"A. Gouiri (23, Rennes, Ligue 1 22-23)",88.96113651232734
"J. David (23, Lille, Ligue 1 22-23)",88.37447878535117
"J. David (23, Lille, Ligue 1 22-23)",88.31374643367992
"J. David (23, Lille, Ligue 1 22-23)",88.22268598498006
"J. David (23, Lille, Ligue 1 22-23)",88.15466802030775
