Player 1,Similarity
"J. Hahn (28, Paksi SE, NB I 22-23)",89.99268940394256
"J. Hahn (28, Paksi SE, NB I 22-23)",87.43380014876422
"J. Hahn (28, Paksi SE, NB I 22-23)",86.79648427458794
"J. Hahn (28, Paksi SE, NB I 22-23)",86.07249419984811
"J. Hahn (28, Paksi SE, NB I 22-23)",84.11330667766693
"J. Hahn (28, Paksi SE, NB I 22-23)",83.87865743278948
"Pablo Valcarce (30, Burgos, La Liga 2 22-23)",83.75440856703959
"J. Hahn (28, Paksi SE, NB I 22-23)",83.65184716247863
"J. Hahn (28, Paksi SE, NB I 22-23)",83.3951350671202
"J. Hahn (28, Paksi SE, NB I 22-23)",83.39205647851554
"J. Hahn (28, Paksi SE, NB I 22-23)",82.87325090314191
"S. Sobczak (30, Zagłębie Sosnowiec, Polish I Liga 22-23)",82.65221068181552
"S. Longo (31, Dordrecht, Eerste Divisie 22-23)",82.60215834704644
"J. Hahn (28, Paksi SE, NB I 22-23)",82.16434768668834
"J. Hahn (28, Paksi SE, NB I 22-23)",82.04729475865982
"C. Santini (31, Rimini, Serie C 22-23)",81.92924821732419
"R. Germain (28, Júbilo Iwata, J2 2023)",81.9233681692249
"L. Pandolfi (25, Juve Stabia, Serie C 22-23)",81.55856498256189
"J. Hahn (28, Paksi SE, NB I 22-23)",81.55824723222442
"J. Hahn (28, Paksi SE, NB I 22-23)",81.43938650995347
"J. Hahn (28, Paksi SE, NB I 22-23)",81.34119387232886
"J. Hahn (28, Paksi SE, NB I 22-23)",81.25910555961617
"Rodrigo Piloto (21, Penya Encarnada, Andorra Primera Divisió 22-23)",81.20892475881939
"D. Abiama (24, Greuther Fürth, 2. Bundesliga 22-23)",81.19448388982018
"J. Hahn (28, Paksi SE, NB I 22-23)",81.11219282513139
