Player 1,Similarity
"J. Hariono (26, Arema, BRI Liga 1 22-23)",93.64669313592148
"J. Hariono (26, Arema, BRI Liga 1 22-23)",84.46049021602889
"J. Hariono (26, Arema, BRI Liga 1 22-23)",82.00351267303108
"J. Hariono (26, Arema, BRI Liga 1 22-23)",81.09714179696383
"J. Hariono (26, Arema, BRI Liga 1 22-23)",81.02886853728485
"J. Hariono (26, Arema, BRI Liga 1 22-23)",79.06111213091675
"J. Hariono (26, Arema, BRI Liga 1 22-23)",78.29989712208403
"J. Hariono (26, Arema, BRI Liga 1 22-23)",78.21221244034956
"J. Hariono (26, Arema, BRI Liga 1 22-23)",77.76140041958229
"J. Hariono (26, Arema, BRI Liga 1 22-23)",77.02484659936611
"J. Hariono (26, Arema, BRI Liga 1 22-23)",76.58076064433388
"J. Hariono (26, Arema, BRI Liga 1 22-23)",76.49656132695137
"J. Hariono (26, Arema, BRI Liga 1 22-23)",76.33573164515286
"J. Hariono (26, Arema, BRI Liga 1 22-23)",76.09366698665883
"J. Hariono (26, Arema, BRI Liga 1 22-23)",76.08098099593106
"J. Hariono (26, Arema, BRI Liga 1 22-23)",75.87547364490189
"K. Conté (23, St. Pölten, Austrian 2. Liga 22-23)",75.48598446508201
"J. Hariono (26, Arema, BRI Liga 1 22-23)",75.16681354400687
"A. Doffo (28, Olimpija, 1. SNL 22-23)",75.1237271792286
"J. Hariono (26, Arema, BRI Liga 1 22-23)",74.65966907515006
"R. Onyedika (22, Club Brugge, Belgian Pro League 22-23)",74.38406355354971
"L. Gourna-Douath (19, Salzburg, Austrian Bundesliga 22-23)",73.82713247852438
"D. Zlomislić (31, Zrinjski, Bosnian Premier League 22-23)",73.78659645672813
"J. Hariono (26, Arema, BRI Liga 1 22-23)",73.64968344870655
"J. Hariono (26, Arema, BRI Liga 1 22-23)",73.12383034876895
