Player 1,Similarity
"J. Iglesias (34, Paris, Ligue 2 22-23)",82.4330559187233
"H. Magnetti (25, Brest, Ligue 1 22-23)",82.41855269128732
"J. Iglesias (34, Paris, Ligue 2 22-23)",80.77775124855759
"J. Iglesias (34, Paris, Ligue 2 22-23)",80.53418438493144
"J. Iglesias (34, Paris, Ligue 2 22-23)",80.2053418810735
"J. Iglesias (34, Paris, Ligue 2 22-23)",78.60527195359624
"J. Iglesias (34, Paris, Ligue 2 22-23)",78.559981160478
"J. Iglesias (34, Paris, Ligue 2 22-23)",77.96237556562062
"H. Belkebla (29, Brest, Ligue 1 22-23)",75.793328687039
"J. Iglesias (34, Paris, Ligue 2 22-23)",75.50194410922128
"Z. Derrag (24, FAR Rabat, Botola Pro 22-23)",75.3371915731608
"Gonzalo Melero (29, Almería, La Liga 22-23)",74.78705384819435
"J. Iglesias (34, Paris, Ligue 2 22-23)",74.62009293037917
"J. Iglesias (34, Paris, Ligue 2 22-23)",74.23902242135479
"J. Iglesias (34, Paris, Ligue 2 22-23)",74.07208805400191
"J. Iglesias (34, Paris, Ligue 2 22-23)",74.03262972716047
"J. Iglesias (34, Paris, Ligue 2 22-23)",73.30296922073664
"J. Iglesias (34, Paris, Ligue 2 22-23)",73.24621494828286
"A. López (22, Santos Laguna, Liga MX 22-23)",73.03455822158361
"P. Hellebrand (23, České Budějovice, Czech Fortuna Liga 22-23)",72.98192726495255
"J. Iglesias (34, Paris, Ligue 2 22-23)",72.42658142212383
"A. Cervantes (25, Santos Laguna, Liga MX 22-23)",72.15237379793571
"Adam Najem (28, Bhayangkara F.C., BRI Liga 1 22-23)",71.8415993843069
"Fran Beltrán (24, Celta de Vigo, La Liga 22-23)",71.39332738405265
"J. Iglesias (34, Paris, Ligue 2 22-23)",71.30122842039358
