Player 1,Similarity
"J. Levi (27, Puskás FC, NB I 22-23)",89.89300240004154
"B. Soumaré (24, Dijon, Ligue 2 22-23)",88.95840944984911
"J. Levi (27, Puskás FC, NB I 22-23)",88.30826660373205
"J. Levi (27, Puskás FC, NB I 22-23)",86.85628675461604
"I. Chair (25, Queens Park Rangers, Championship 22-23)",86.06906649873602
"J. Nsang (24, UE Santa Coloma, Andorra Primera Divisió 22-23)",86.06905534128677
"J. Levi (27, Puskás FC, NB I 22-23)",86.00866252798194
"Higor Vidal (26, Persebaya Surabaya, BRI Liga 1 22-23)",85.77373131821452
"J. Levi (27, Puskás FC, NB I 22-23)",85.14136834415153
"J. Levi (27, Puskás FC, NB I 22-23)",85.10977749148437
"V. Taborda (21, Platense, Argentinian Primera División 2023)",84.89195902830282
"J. Levi (27, Puskás FC, NB I 22-23)",84.75907365790184
"Javi Hernández (33, Bengaluru, Indian Super League 22-23)",84.74643765121817
"D. Beširović (29, Mezőkövesd-Zsóry, NB I 22-23)",84.65232213053594
"J. Levi (27, Puskás FC, NB I 22-23)",84.59869252073217
"J. Levi (27, Puskás FC, NB I 22-23)",84.2239393454992
"J. Levi (27, Puskás FC, NB I 22-23)",84.1066968476572
"J. Levi (27, Puskás FC, NB I 22-23)",83.90113154848812
"J. Levi (27, Puskás FC, NB I 22-23)",83.85913092213664
"J. Levi (27, Puskás FC, NB I 22-23)",83.84540544779406
"J. Levi (27, Puskás FC, NB I 22-23)",83.80357273385638
"L. Fernández (24, Toluca, Liga MX 22-23)",83.7448685947713
