Player 1,Similarity
"A. Özgün (33, Altınordu, Turkish 1. Lig 22-23)",83.37206193571896
"J. Martínez (30, Inter Miami, MLS 2023)",83.07285865705077
"J. Martínez (30, Inter Miami, MLS 2023)",80.00030753572894
"J. Martínez (30, Inter Miami, MLS 2023)",78.2140168066197
"J. Martínez (30, Inter Miami, MLS 2023)",78.15640832722704
"J. Obregón (26, Rijeka, 1. HNL 22-23)",77.018605582017
"J. Martínez (30, Inter Miami, MLS 2023)",76.82561458937246
"Danilo (24, Feyenoord, Eredivisie 22-23)",76.81599882274915
"J. Martínez (30, Inter Miami, MLS 2023)",75.96009060307381
"J. Martínez (30, Inter Miami, MLS 2023)",75.88244119573969
"J. Martínez (30, Inter Miami, MLS 2023)",75.85246841726835
"J. Martínez (30, Inter Miami, MLS 2023)",75.80161785509787
"J. Martínez (30, Inter Miami, MLS 2023)",75.51785837055432
"J. Martínez (30, Inter Miami, MLS 2023)",75.19914740028507
"J. Martínez (30, Inter Miami, MLS 2023)",75.01777629386649
"J. Martínez (30, Inter Miami, MLS 2023)",74.67707533026054
"J. Martínez (30, Inter Miami, MLS 2023)",74.51069388465218
"J. Martínez (30, Inter Miami, MLS 2023)",74.37344613945987
"J. Martínez (30, Inter Miami, MLS 2023)",74.25284888692289
"J. Martínez (30, Inter Miami, MLS 2023)",74.13631997830079
"J. Martínez (30, Inter Miami, MLS 2023)",73.9336925394586
"J. Martínez (30, Inter Miami, MLS 2023)",73.72047792923712
"J. Martínez (30, Inter Miami, MLS 2023)",73.40428540062864
"J. Martínez (30, Inter Miami, MLS 2023)",73.25008572975905
"J. Martínez (30, Inter Miami, MLS 2023)",73.20621132157046
