Player 1,Similarity
"J. Mendes (32, Rodez , Ligue 2 22-23)",85.77233337045448
"J. Posito (33, ADT, Peruvian Liga 1 2023)",85.24408620507768
"O. See (28, Edinburgh City, Scottish League Two 22-23)",85.06328286631178
"J. Mendes (32, Rodez , Ligue 2 22-23)",84.54564201178691
"J. Mendes (32, Rodez , Ligue 2 22-23)",84.13702428018706
"J. Mendes (32, Rodez , Ligue 2 22-23)",83.64204658949676
"J. Mendes (32, Rodez , Ligue 2 22-23)",82.88110586996191
"J. Mendes (32, Rodez , Ligue 2 22-23)",82.68761832461482
"J. Mendes (32, Rodez , Ligue 2 22-23)",82.36566815617164
"E. Aguirre (24, Santos Laguna, Liga MX 22-23)",81.9502246147965
"J. Mendes (32, Rodez , Ligue 2 22-23)",81.45050586767391
"J. Mendes (32, Rodez , Ligue 2 22-23)",81.27654067599562
"A. Samatta (30, Genk, Belgian Pro League 22-23)",81.02147176795785
"J. Mendes (32, Rodez , Ligue 2 22-23)",80.95074989375567
"J. Mendes (32, Rodez , Ligue 2 22-23)",80.88077934199586
"J. Mendes (32, Rodez , Ligue 2 22-23)",80.8348321863978
"J. Mendes (32, Rodez , Ligue 2 22-23)",80.58992753777484
"B. Burmaz (22, Voždovac, Serbian SuperLiga 22-23)",80.48010817524907
"M. de Jesús (31, Unión Comercio, Peruvian Liga 1 2023)",80.28259890289394
"João Figueiredo (27, İstanbul Başakşehir, Süper Lig 22-23)",80.25233234841626
"J. Mendes (32, Rodez , Ligue 2 22-23)",80.2131435745902
"J. Mendes (32, Rodez , Ligue 2 22-23)",80.00349875471355
"J. Mendes (32, Rodez , Ligue 2 22-23)",79.8014652850338
"J. Mendes (32, Rodez , Ligue 2 22-23)",79.76343150232839
"J. Mendes (32, Rodez , Ligue 2 22-23)",79.70917913210639
