Player 1,Similarity
"J. Mellot (29, Tenerife, La Liga 2 22-23)",88.46352281326476
"J. Mellot (29, Tenerife, La Liga 2 22-23)",87.72074271014392
"M. Zimmermann (30, Fortuna Düsseldorf, 2. Bundesliga 22-23)",86.30527658695567
"J. Mellot (29, Tenerife, La Liga 2 22-23)",85.71551329897866
"J. Mellot (29, Tenerife, La Liga 2 22-23)",85.52183325349051
"E. Hakaj (26, Vllaznia Shkodër, Albanian Premier League 22-23)",85.2955623647633
"I. Tomečak (33, Gorica, 1. HNL 22-23)",85.20332354715691
"J. Mellot (29, Tenerife, La Liga 2 22-23)",85.15922016233914
"J. Mellot (29, Tenerife, La Liga 2 22-23)",84.97957958365002
"J. Mellot (29, Tenerife, La Liga 2 22-23)",84.0268289208522
"J. Mellot (29, Tenerife, La Liga 2 22-23)",83.97110304475946
"J. Mellot (29, Tenerife, La Liga 2 22-23)",83.90221242496084
"J. Mellot (29, Tenerife, La Liga 2 22-23)",83.66438686736957
"J. Mellot (29, Tenerife, La Liga 2 22-23)",83.59512824138052
"M. Busch (28, Heidenheim, 2. Bundesliga 22-23)",83.26568481108751
"J. Mellot (29, Tenerife, La Liga 2 22-23)",83.03999602997659
"L. Coyle (27, Hull City, Championship 22-23)",82.98904695452151
"M. Neubauer (27, Elversberg, 3. Liga 22-23)",82.88711213352909
"T. Yamaguchi (23, Ehime, J3 2023)",82.87117388530434
"C. Lannert (24, 1860 München, 3. Liga 22-23)",82.39098178846488
"J. Mellot (29, Tenerife, La Liga 2 22-23)",82.33967013409172
"J. Mellot (29, Tenerife, La Liga 2 22-23)",82.2622491481757
"J. Mellot (29, Tenerife, La Liga 2 22-23)",82.17954436655302
"J. Mellot (29, Tenerife, La Liga 2 22-23)",82.07020525345466
"J. Mellot (29, Tenerife, La Liga 2 22-23)",81.98833349588996
