Player 1,Similarity
"J. Mišić (28, Dinamo Zagreb, 1. HNL 22-23)",91.74437369563866
"J. Mišić (28, Dinamo Zagreb, 1. HNL 22-23)",89.96532549315639
"J. Mišić (28, Dinamo Zagreb, 1. HNL 22-23)",89.29513847495697
"J. Mišić (28, Dinamo Zagreb, 1. HNL 22-23)",89.07835947133154
"J. Mišić (28, Dinamo Zagreb, 1. HNL 22-23)",88.73786074964126
"J. Mišić (28, Dinamo Zagreb, 1. HNL 22-23)",88.17480204318738
"J. Mišić (28, Dinamo Zagreb, 1. HNL 22-23)",87.79664708728846
"J. Mišić (28, Dinamo Zagreb, 1. HNL 22-23)",87.7210034232105
"J. Mišić (28, Dinamo Zagreb, 1. HNL 22-23)",87.28359223509527
"J. Mišić (28, Dinamo Zagreb, 1. HNL 22-23)",87.10701172851155
"J. Mišić (28, Dinamo Zagreb, 1. HNL 22-23)",87.0053603342672
"J. Mišić (28, Dinamo Zagreb, 1. HNL 22-23)",86.70755444962012
"J. Mišić (28, Dinamo Zagreb, 1. HNL 22-23)",86.42732989966136
"J. Mišić (28, Dinamo Zagreb, 1. HNL 22-23)",86.41432932299637
"J. Mišić (28, Dinamo Zagreb, 1. HNL 22-23)",86.35677337928102
"J. Mišić (28, Dinamo Zagreb, 1. HNL 22-23)",86.30951813942204
"J. Mišić (28, Dinamo Zagreb, 1. HNL 22-23)",86.2959074940788
"J. Mišić (28, Dinamo Zagreb, 1. HNL 22-23)",86.01962826561558
"J. Mišić (28, Dinamo Zagreb, 1. HNL 22-23)",85.42813252678992
"J. Mišić (28, Dinamo Zagreb, 1. HNL 22-23)",85.34473967780185
"J. Mišić (28, Dinamo Zagreb, 1. HNL 22-23)",85.22075332967125
"J. Mišić (28, Dinamo Zagreb, 1. HNL 22-23)",85.05752157467701
"J. Mišić (28, Dinamo Zagreb, 1. HNL 22-23)",85.05227061986146
"J. Mišić (28, Dinamo Zagreb, 1. HNL 22-23)",85.04532850967323
"J. Mišić (28, Dinamo Zagreb, 1. HNL 22-23)",84.7667336378412
