Player 1,Similarity
"J. Posito (33, ADT, Peruvian Liga 1 2023)",92.6969129761553
"J. Posito (33, ADT, Peruvian Liga 1 2023)",92.5727866516236
"D. Chima (32, Jamshedpur, Indian Super League 22-23)",91.64223099097808
"J. Posito (33, ADT, Peruvian Liga 1 2023)",89.77580151740626
"J. Posito (33, ADT, Peruvian Liga 1 2023)",89.39399858446275
"J. Posito (33, ADT, Peruvian Liga 1 2023)",88.79909650943712
"J. Posito (33, ADT, Peruvian Liga 1 2023)",88.41998082225724
"J. Posito (33, ADT, Peruvian Liga 1 2023)",88.36419518723689
"A. Özgün (33, Altınordu, Turkish 1. Lig 22-23)",88.31367174627708
"J. Posito (33, ADT, Peruvian Liga 1 2023)",88.08143878373524
"J. Posito (33, ADT, Peruvian Liga 1 2023)",87.71130978834366
"L. de Jong (32, PSV, Eredivisie 22-23)",86.83348796138772
"J. Posito (33, ADT, Peruvian Liga 1 2023)",86.7765930437326
"J. Posito (33, ADT, Peruvian Liga 1 2023)",86.66423524545728
"J. Posito (33, ADT, Peruvian Liga 1 2023)",86.63196033640223
"J. Posito (33, ADT, Peruvian Liga 1 2023)",86.56516368269799
"J. Posito (33, ADT, Peruvian Liga 1 2023)",86.17756268877014
"J. Dinenno (28, Pumas UNAM, Liga MX 22-23)",86.14438442472365
"J. Posito (33, ADT, Peruvian Liga 1 2023)",86.0399781300575
"K. Bazelyuk (30, Neftekhimik, Russian FNL 2 22-23)",86.00818417426899
"J. Posito (33, ADT, Peruvian Liga 1 2023)",85.97733216388065
"J. Posito (33, ADT, Peruvian Liga 1 2023)",85.80858641117437
"L. Norris (29, Stevenage, League Two 22-23)",85.6212240827909
"Adrián Butzke (24, Paços de Ferreira, Primeira Liga 22-23)",85.58751167727804
"J. Posito (33, ADT, Peruvian Liga 1 2023)",85.49839900838472
