Player 1,Similarity
"J. Pišek (25, Domžale, 1. SNL 22-23)",86.4917896614564
"J. Pišek (25, Domžale, 1. SNL 22-23)",82.78784311750825
"J. Pišek (25, Domžale, 1. SNL 22-23)",82.37251036599157
"J. Pišek (25, Domžale, 1. SNL 22-23)",81.88587468744443
"J. Pišek (25, Domžale, 1. SNL 22-23)",80.80156660714994
"J. Pišek (25, Domžale, 1. SNL 22-23)",78.83967627368627
"J. Pišek (25, Domžale, 1. SNL 22-23)",76.60712087489107
"J. Pišek (25, Domžale, 1. SNL 22-23)",76.43962663859915
"J. Pišek (25, Domžale, 1. SNL 22-23)",76.1202439542399
"J. Pišek (25, Domžale, 1. SNL 22-23)",75.64996095746858
"M. Fossati (30, Hajduk Split, 1. HNL 22-23)",75.62712441845653
"J. Pišek (25, Domžale, 1. SNL 22-23)",75.6060621832091
"J. Pišek (25, Domžale, 1. SNL 22-23)",75.48643455945773
"J. Pišek (25, Domžale, 1. SNL 22-23)",74.81074521392223
"J. Pišek (25, Domžale, 1. SNL 22-23)",74.67926860101029
"J. Pišek (25, Domžale, 1. SNL 22-23)",74.58892840027065
"J. Pišek (25, Domžale, 1. SNL 22-23)",74.41606388995184
"J. Pišek (25, Domžale, 1. SNL 22-23)",74.22656305265136
"J. Pišek (25, Domžale, 1. SNL 22-23)",73.7294483402532
"J. Pišek (25, Domžale, 1. SNL 22-23)",73.48840985648856
"J. Pišek (25, Domžale, 1. SNL 22-23)",73.25074573081565
"J. Pišek (25, Domžale, 1. SNL 22-23)",73.23152905391596
"J. Pišek (25, Domžale, 1. SNL 22-23)",73.01925441952227
"J. Pišek (25, Domžale, 1. SNL 22-23)",72.98131833422507
"J. Pišek (25, Domžale, 1. SNL 22-23)",72.97053952455063
