Player 1,Similarity
"J. Repas (26, Maribor, 1. SNL 22-23)",90.19547482402992
"J. Repas (26, Maribor, 1. SNL 22-23)",85.30236713152966
"J. Repas (26, Maribor, 1. SNL 22-23)",84.75328689108238
"J. Repas (26, Maribor, 1. SNL 22-23)",82.20715615924544
"J. Repas (26, Maribor, 1. SNL 22-23)",82.18991074757166
"J. Repas (26, Maribor, 1. SNL 22-23)",81.46914626389335
"J. Repas (26, Maribor, 1. SNL 22-23)",81.43270697046702
"J. Repas (26, Maribor, 1. SNL 22-23)",81.1668683035697
"J. Repas (26, Maribor, 1. SNL 22-23)",81.14054632818781
"J. Repas (26, Maribor, 1. SNL 22-23)",81.00120502416253
"J. Repas (26, Maribor, 1. SNL 22-23)",80.85872784096392
"J. Repas (26, Maribor, 1. SNL 22-23)",80.60086787424284
"J. Repas (26, Maribor, 1. SNL 22-23)",80.52229483954567
"J. Repas (26, Maribor, 1. SNL 22-23)",79.98951989616134
"J. Repas (26, Maribor, 1. SNL 22-23)",79.97114479159767
"J. Repas (26, Maribor, 1. SNL 22-23)",79.87288706833684
"J. Repas (26, Maribor, 1. SNL 22-23)",79.59404717744447
"J. Repas (26, Maribor, 1. SNL 22-23)",79.52861434454775
"J. Repas (26, Maribor, 1. SNL 22-23)",79.44037130681953
"J. Repas (26, Maribor, 1. SNL 22-23)",79.33089874536495
"J. Repas (26, Maribor, 1. SNL 22-23)",79.18263177677383
"J. Repas (26, Maribor, 1. SNL 22-23)",79.14342263674479
"J. Repas (26, Maribor, 1. SNL 22-23)",79.02377120468036
"J. Repas (26, Maribor, 1. SNL 22-23)",78.212349746386
"J. Repas (26, Maribor, 1. SNL 22-23)",77.8596290405947
