Player 1,Similarity
"J. Suk (33, Gorica, 1. HNL 22-23)",81.83259983110592
"J. Suk (33, Gorica, 1. HNL 22-23)",80.61800092720888
"J. Suk (33, Gorica, 1. HNL 22-23)",80.14559485108805
"J. Suk (33, Gorica, 1. HNL 22-23)",78.46093977276598
"J. Suk (33, Gorica, 1. HNL 22-23)",75.92353553698831
"J. Suk (33, Gorica, 1. HNL 22-23)",75.42357477884396
"J. Suk (33, Gorica, 1. HNL 22-23)",73.27728554523898
"J. Suk (33, Gorica, 1. HNL 22-23)",72.25160957731704
"J. Suk (33, Gorica, 1. HNL 22-23)",72.16272680508109
"J. Suk (33, Gorica, 1. HNL 22-23)",71.36903770364363
"J. Suk (33, Gorica, 1. HNL 22-23)",70.9638513842233
"J. Suk (33, Gorica, 1. HNL 22-23)",70.44600027311608
"J. Suk (33, Gorica, 1. HNL 22-23)",70.18844649700947
"J. Suk (33, Gorica, 1. HNL 22-23)",69.88923725631085
"J. Suk (33, Gorica, 1. HNL 22-23)",69.6963303988702
"J. Suk (33, Gorica, 1. HNL 22-23)",69.37689664649686
"J. Suk (33, Gorica, 1. HNL 22-23)",68.42674886846474
"J. Suk (33, Gorica, 1. HNL 22-23)",68.13859509226295
"J. Suk (33, Gorica, 1. HNL 22-23)",67.23334898859544
"J. Suk (33, Gorica, 1. HNL 22-23)",67.10113710570525
"J. Suk (33, Gorica, 1. HNL 22-23)",66.6786646287253
"J. Suk (33, Gorica, 1. HNL 22-23)",66.47251050507072
"J. Suk (33, Gorica, 1. HNL 22-23)",66.42462151366686
"J. Suk (33, Gorica, 1. HNL 22-23)",66.41621630119442
"J. Suk (33, Gorica, 1. HNL 22-23)",66.40781183992132
