Player 1,Similarity
"J. Stanić (24, Varaždin, 1. HNL 22-23)",84.07906679893082
"J. Stanić (24, Varaždin, 1. HNL 22-23)",80.82982770256801
"J. Stanić (24, Varaždin, 1. HNL 22-23)",80.09658009436093
"J. Stanić (24, Varaždin, 1. HNL 22-23)",79.98939666187522
"J. Stanić (24, Varaždin, 1. HNL 22-23)",79.55661610394675
"J. Stanić (24, Varaždin, 1. HNL 22-23)",79.316232943925
"J. Stanić (24, Varaždin, 1. HNL 22-23)",79.24358339693993
"J. Stanić (24, Varaždin, 1. HNL 22-23)",79.04807082724847
"J. Stanić (24, Varaždin, 1. HNL 22-23)",78.8537447428837
"J. Stanić (24, Varaždin, 1. HNL 22-23)",78.51375509954947
"J. Stanić (24, Varaždin, 1. HNL 22-23)",78.43767671542004
"J. Stanić (24, Varaždin, 1. HNL 22-23)",77.86989427857944
"J. Stanić (24, Varaždin, 1. HNL 22-23)",77.70618386014657
"J. Stanić (24, Varaždin, 1. HNL 22-23)",77.5206070656764
"J. Stanić (24, Varaždin, 1. HNL 22-23)",77.47559018502332
"J. Stanić (24, Varaždin, 1. HNL 22-23)",77.31958977590779
"J. Stanić (24, Varaždin, 1. HNL 22-23)",77.19232269498642
"J. Stanić (24, Varaždin, 1. HNL 22-23)",77.11123296180692
"J. Stanić (24, Varaždin, 1. HNL 22-23)",77.09308684021771
"J. Stanić (24, Varaždin, 1. HNL 22-23)",76.74047971973474
"J. Stanić (24, Varaždin, 1. HNL 22-23)",76.6777647668116
"J. Stanić (24, Varaždin, 1. HNL 22-23)",76.67306981956118
"J. Stanić (24, Varaždin, 1. HNL 22-23)",76.49504248940957
"J. Stanić (24, Varaždin, 1. HNL 22-23)",76.44810223019299
"J. Stanić (24, Varaždin, 1. HNL 22-23)",76.14169362648138
