Player 1,Similarity
"J. Thiaré (30, Le Havre, Ligue 2 22-23)",85.95609661533172
"J. Thiaré (30, Le Havre, Ligue 2 22-23)",85.81496323508455
"J. Thiaré (30, Le Havre, Ligue 2 22-23)",82.14661287928425
"J. Thiaré (30, Le Havre, Ligue 2 22-23)",80.34090774345842
"J. Thiaré (30, Le Havre, Ligue 2 22-23)",79.21254176281063
"J. Thiaré (30, Le Havre, Ligue 2 22-23)",79.00438794214743
"J. Thiaré (30, Le Havre, Ligue 2 22-23)",78.49955248723292
"J. Thiaré (30, Le Havre, Ligue 2 22-23)",78.03152167524469
"J. Thiaré (30, Le Havre, Ligue 2 22-23)",77.97438327464513
"J. Thiaré (30, Le Havre, Ligue 2 22-23)",77.5631418109925
"J. Thiaré (30, Le Havre, Ligue 2 22-23)",77.41234435749102
"J. Thiaré (30, Le Havre, Ligue 2 22-23)",77.18543128164154
"J. Thiaré (30, Le Havre, Ligue 2 22-23)",77.13338355422856
"J. Thiaré (30, Le Havre, Ligue 2 22-23)",76.97157556789702
"J. Thiaré (30, Le Havre, Ligue 2 22-23)",76.90774778249933
"J. Thiaré (30, Le Havre, Ligue 2 22-23)",76.63548262362147
"J. Thiaré (30, Le Havre, Ligue 2 22-23)",76.52789077895822
"J. Thiaré (30, Le Havre, Ligue 2 22-23)",76.26784243878494
"J. Thiaré (30, Le Havre, Ligue 2 22-23)",75.94092837544267
"J. Thiaré (30, Le Havre, Ligue 2 22-23)",75.77707987362199
"J. Thiaré (30, Le Havre, Ligue 2 22-23)",75.61688573856819
"J. Thiaré (30, Le Havre, Ligue 2 22-23)",75.58271302186773
"J. Thiaré (30, Le Havre, Ligue 2 22-23)",75.35853116165167
"J. Thiaré (30, Le Havre, Ligue 2 22-23)",74.88167108084241
"J. Thiaré (30, Le Havre, Ligue 2 22-23)",74.75957853339176
