Player 1,Similarity
"J. Urbančič (22, Gorica, 1. SNL 22-23)",89.74109021761649
"J. Urbančič (22, Gorica, 1. SNL 22-23)",89.09402837269006
"J. Urbančič (22, Gorica, 1. SNL 22-23)",88.76785285753375
"J. Urbančič (22, Gorica, 1. SNL 22-23)",88.54444371516335
"J. Urbančič (22, Gorica, 1. SNL 22-23)",87.74789437786677
"J. Urbančič (22, Gorica, 1. SNL 22-23)",87.734825181488
"J. Urbančič (22, Gorica, 1. SNL 22-23)",86.33012847206587
"J. Urbančič (22, Gorica, 1. SNL 22-23)",86.29763383757214
"J. Urbančič (22, Gorica, 1. SNL 22-23)",86.29630884431587
"J. Urbančič (22, Gorica, 1. SNL 22-23)",86.17414694036071
"J. Urbančič (22, Gorica, 1. SNL 22-23)",86.03248190529156
"J. Urbančič (22, Gorica, 1. SNL 22-23)",85.87695034556168
"J. Urbančič (22, Gorica, 1. SNL 22-23)",85.76439151454638
"J. Urbančič (22, Gorica, 1. SNL 22-23)",85.03206422333503
"J. Urbančič (22, Gorica, 1. SNL 22-23)",84.89862982954868
"J. Urbančič (22, Gorica, 1. SNL 22-23)",84.82331710381602
"J. Urbančič (22, Gorica, 1. SNL 22-23)",84.77023557181595
"J. Urbančič (22, Gorica, 1. SNL 22-23)",84.7445821207784
"J. Urbančič (22, Gorica, 1. SNL 22-23)",84.68634785413845
"J. Urbančič (22, Gorica, 1. SNL 22-23)",84.31533737816662
"J. Urbančič (22, Gorica, 1. SNL 22-23)",84.23383654051378
"J. Urbančič (22, Gorica, 1. SNL 22-23)",84.22533097202928
"J. Urbančič (22, Gorica, 1. SNL 22-23)",84.1933292329145
"J. Urbančič (22, Gorica, 1. SNL 22-23)",84.16174902229268
"J. Urbančič (22, Gorica, 1. SNL 22-23)",84.03409184256219
