Player 1,Similarity
"J. Šporn (25, Celje, 1. SNL 22-23)",81.8130282407638
"J. Šporn (25, Celje, 1. SNL 22-23)",79.57213636011392
"J. Šporn (25, Celje, 1. SNL 22-23)",79.3566122085291
"J. Šporn (25, Celje, 1. SNL 22-23)",78.51507482781037
"J. Šporn (25, Celje, 1. SNL 22-23)",77.48992647183117
"J. Šporn (25, Celje, 1. SNL 22-23)",76.57990410184836
"J. Šporn (25, Celje, 1. SNL 22-23)",76.49789700233646
"J. Šporn (25, Celje, 1. SNL 22-23)",74.29612132508761
"J. Šporn (25, Celje, 1. SNL 22-23)",73.40319308700899
"J. Šporn (25, Celje, 1. SNL 22-23)",73.16126810195918
"J. Šporn (25, Celje, 1. SNL 22-23)",71.91452590982244
"J. Šporn (25, Celje, 1. SNL 22-23)",71.87939195658238
"J. Šporn (25, Celje, 1. SNL 22-23)",69.9309925824501
"J. Šporn (25, Celje, 1. SNL 22-23)",69.65013710191967
"J. Šporn (25, Celje, 1. SNL 22-23)",69.41967816431291
"J. Šporn (25, Celje, 1. SNL 22-23)",69.37275175190236
"J. Šporn (25, Celje, 1. SNL 22-23)",69.3359505938857
"J. Šporn (25, Celje, 1. SNL 22-23)",69.0669002236449
"J. Šporn (25, Celje, 1. SNL 22-23)",68.8317734980356
"J. Šporn (25, Celje, 1. SNL 22-23)",68.29079131590022
"J. Šporn (25, Celje, 1. SNL 22-23)",68.27507536910969
"J. Šporn (25, Celje, 1. SNL 22-23)",68.03406617722189
"J. Šporn (25, Celje, 1. SNL 22-23)",67.74066358130459
"J. Šporn (25, Celje, 1. SNL 22-23)",67.70643535475952
"J. Šporn (25, Celje, 1. SNL 22-23)",67.6518127518042
