Player 1,Similarity
"Javi Muñoz (28, Eibar, La Liga 2 22-23)",59.74162240951747
"Javi Muñoz (28, Eibar, La Liga 2 22-23)",56.26106838494037
"Javi Muñoz (28, Eibar, La Liga 2 22-23)",56.04557806958504
"Javi Muñoz (28, Eibar, La Liga 2 22-23)",55.36015368597086
"Javi Muñoz (28, Eibar, La Liga 2 22-23)",55.07171583674768
"Javi Muñoz (28, Eibar, La Liga 2 22-23)",54.891458061701215
"S. Szmodics (27, Blackburn Rovers, Championship 22-23)",54.83602396993524
"Esquerdinha (32, Bylis Ballsh, Albanian Premier League 22-23)",54.33403996696137
"Javi Muñoz (28, Eibar, La Liga 2 22-23)",54.20169289997556
"E. Dimas (28, Arema, BRI Liga 1 22-23)",53.055271914556165
"Javi Muñoz (28, Eibar, La Liga 2 22-23)",53.03895190479445
"Javi Muñoz (28, Eibar, La Liga 2 22-23)",51.36017903635277
"Javi Muñoz (28, Eibar, La Liga 2 22-23)",51.00013291258072
"Javi Muñoz (28, Eibar, La Liga 2 22-23)",50.96138894126605
"Javi Muñoz (28, Eibar, La Liga 2 22-23)",50.54762044603023
"N. Mezquida (31, Volos NFC, Greek Super League 22-23)",50.409045590164645
"Z. Clough (28, Adelaide United, A-League Men 22-23)",50.3654702010355
"Afonso Sousa (23, Lech Poznań, Ekstraklasa 22-23)",49.71497056065648
"Javi Muñoz (28, Eibar, La Liga 2 22-23)",49.5808173078385
"Javi Muñoz (28, Eibar, La Liga 2 22-23)",49.40012839866631
"M. Chrapek (31, Piast Gliwice, Ekstraklasa 22-23)",49.38345674832163
"Javi Muñoz (28, Eibar, La Liga 2 22-23)",49.31745762657295
