Player 1,Similarity
"Josema (26, Leganés, La Liga 2 22-23)",87.4842688638727
"Josema (26, Leganés, La Liga 2 22-23)",86.18109480024914
"Josema (26, Leganés, La Liga 2 22-23)",85.20623127177204
"F. Di-Michele-Sanchez (20, NAC Breda, Eerste Divisie 22-23)",84.21607258344298
"T. Boukhriss (23, Difaâ El Jadida, Botola Pro 22-23)",84.01674022027676
"Josema (26, Leganés, La Liga 2 22-23)",83.95761486704073
"Josema (26, Leganés, La Liga 2 22-23)",83.77450801327389
"D. Chouchoumis (28, Panetolikos FC, Greek Super League 22-23)",83.24493751634137
"Josema (26, Leganés, La Liga 2 22-23)",83.17972756559153
"Josema (26, Leganés, La Liga 2 22-23)",82.97872203403887
"Josema (26, Leganés, La Liga 2 22-23)",82.95669485652304
"M. Koscelník (28, Rapid Wien, Austrian Bundesliga 22-23)",82.27909976447366
"Josema (26, Leganés, La Liga 2 22-23)",82.19091297069116
"Josema (26, Leganés, La Liga 2 22-23)",82.14036256461422
"Josema (26, Leganés, La Liga 2 22-23)",81.51988604989823
"Josema (26, Leganés, La Liga 2 22-23)",81.376343142072
"Josema (26, Leganés, La Liga 2 22-23)",81.2094072434648
"Josema (26, Leganés, La Liga 2 22-23)",80.82655621542219
"Josema (26, Leganés, La Liga 2 22-23)",80.79089241264082
"Josema (26, Leganés, La Liga 2 22-23)",80.7265215598155
"Josema (26, Leganés, La Liga 2 22-23)",80.42993019865958
"Josema (26, Leganés, La Liga 2 22-23)",80.4118880377792
"Josema (26, Leganés, La Liga 2 22-23)",80.39952458517567
"Josema (26, Leganés, La Liga 2 22-23)",80.14496984715153
"Josema (26, Leganés, La Liga 2 22-23)",80.04321496910936
