Player 1,Similarity
"José Matos (28, Burgos, La Liga 2 22-23)",84.09129776735142
"José Matos (28, Burgos, La Liga 2 22-23)",80.91044805696595
"José Matos (28, Burgos, La Liga 2 22-23)",80.67517414474281
"José Matos (28, Burgos, La Liga 2 22-23)",80.50705971040122
"José Matos (28, Burgos, La Liga 2 22-23)",80.25346325359942
"José Matos (28, Burgos, La Liga 2 22-23)",80.21577385587281
"José Matos (28, Burgos, La Liga 2 22-23)",80.1294406972792
"José Matos (28, Burgos, La Liga 2 22-23)",80.1199684326781
"José Matos (28, Burgos, La Liga 2 22-23)",79.71854501978333
"José Matos (28, Burgos, La Liga 2 22-23)",79.71622403498306
"José Matos (28, Burgos, La Liga 2 22-23)",79.6078684200681
"José Matos (28, Burgos, La Liga 2 22-23)",79.13359861562455
"Vinícius Nogueira (21, Varbergs, Allsvenskan 2023)",79.09609371109083
"José Matos (28, Burgos, La Liga 2 22-23)",79.03305813584068
"José Matos (28, Burgos, La Liga 2 22-23)",78.9466190550171
"José Matos (28, Burgos, La Liga 2 22-23)",78.72336091764667
"T. Dadić (25, Posušje, Bosnian Premier League 22-23)",78.65333866983211
"José Matos (28, Burgos, La Liga 2 22-23)",78.57783119669803
"E. Matus (21, Audax Italiano, Chilean Primera División 2023)",78.26190014498572
"José Matos (28, Burgos, La Liga 2 22-23)",77.9770920416785
"José Matos (28, Burgos, La Liga 2 22-23)",77.90222686384706
"José Matos (28, Burgos, La Liga 2 22-23)",77.80835430357496
"José Matos (28, Burgos, La Liga 2 22-23)",77.67545277824692
"Celso Raposo (27, Lokomotiv Sofia 1929, Bulgarian First League 22-23)",77.64368799543354
"José Matos (28, Burgos, La Liga 2 22-23)",77.35296900254859
