Player 1,Similarity
"F. Mendy (27, Real Madrid, La Liga 22-23)",68.42817745815502
"Juan Bernat (30, PSG, Ligue 1 22-23)",68.11134752459118
"Juan Bernat (30, PSG, Ligue 1 22-23)",65.05592399337262
"O.  Wijndal (23, Ajax, Eredivisie 22-23)",63.6336653998116
"Juan Bernat (30, PSG, Ligue 1 22-23)",63.32051720579594
"M. El Hankouri (25, Magdeburg, 2. Bundesliga 22-23)",62.98461696086039
"Juan Bernat (30, PSG, Ligue 1 22-23)",60.96515416772476
"J. Latibeaudiere (23, Swansea City, Championship 22-23)",60.55189011852226
"Juan Bernat (30, PSG, Ligue 1 22-23)",59.94386881386325
"Juan Bernat (30, PSG, Ligue 1 22-23)",59.88715901587896
"Juan Bernat (30, PSG, Ligue 1 22-23)",58.90120480955384
"Juan Bernat (30, PSG, Ligue 1 22-23)",57.97169785399111
"Juan Bernat (30, PSG, Ligue 1 22-23)",57.73111074130246
"A. Hakimi (24, PSG, Ligue 1 22-23)",57.720822648298274
"Toni Lato (25, Valencia, La Liga 22-23)",57.6286553117296
"Juan Bernat (30, PSG, Ligue 1 22-23)",57.38688503463617
"Juan Bernat (30, PSG, Ligue 1 22-23)",57.14042236934809
"A. Pyrka (20, Piast Gliwice, Ekstraklasa 22-23)",57.08380721438103
"Juan Bernat (30, PSG, Ligue 1 22-23)",55.69559913897788
"D. Kobouri (25, Dinamo Tbilisi, Erovnuli Liga 2023)",55.42079665114642
"D. Rensch (20, Ajax, Eredivisie 22-23)",54.66619115750754
"Alejandro Balde (19, Barcelona, La Liga 22-23)",54.511467239058206
"Juan Bernat (30, PSG, Ligue 1 22-23)",53.78623666192065
"Lucas Vázquez (31, Real Madrid, La Liga 22-23)",53.56984316734768
"R. Huescas (19, Cruz Azul, Liga MX 22-23)",53.172866595018185
