Player 1,Similarity
"Juanpe (27, Lugo, La Liga 2 22-23)",66.14161955928863
"Álex Vallejo (31, Stal Mielec, Ekstraklasa 22-23)",63.85029917465796
"Juanpe (27, Lugo, La Liga 2 22-23)",62.25280062453287
"L. Bawitlung (23, Real Kashmir, I-League 22-23)",62.14703035445462
"B. Jacobsen (29, Wehen Wiesbaden, 3. Liga 22-23)",62.00177796897754
"Y. Tejeda (31, Herediano, Costa Rica Primera División 22-23)",61.29039198705736
"Juanpe (27, Lugo, La Liga 2 22-23)",59.92918189637568
"G. Baier (24, Unión Magdalena, Colombian Primera Division 22-23)",57.6744116832145
"Juanpe (27, Lugo, La Liga 2 22-23)",57.44890926256041
"Juanpe (27, Lugo, La Liga 2 22-23)",56.513221739085004
"F. Tripi (21, Mura, 1. SNL 22-23)",56.43987873211789
"Juanpe (27, Lugo, La Liga 2 22-23)",56.30211158632268
"Juanpe (27, Lugo, La Liga 2 22-23)",55.33146657065362
"Juanpe (27, Lugo, La Liga 2 22-23)",55.11874735709635
"Juanpe (27, Lugo, La Liga 2 22-23)",54.89467189787256
"Juanpe (27, Lugo, La Liga 2 22-23)",54.80428400866574
"Juanpe (27, Lugo, La Liga 2 22-23)",54.59956275194882
"Juanpe (27, Lugo, La Liga 2 22-23)",54.584532916494354
"Juanpe (27, Lugo, La Liga 2 22-23)",54.50296565429878
"J. Holland (34, Austria Wien, Austrian Bundesliga 22-23)",54.24004946154589
"Juanpe (27, Lugo, La Liga 2 22-23)",53.77913030284201
"Juanpe (27, Lugo, La Liga 2 22-23)",53.4806657874348
"Juanpe (27, Lugo, La Liga 2 22-23)",53.47742505899527
"D. Salou (25, Urartu, Armenian Premier League 22-23)",53.363233339592576
"Juanpe (27, Lugo, La Liga 2 22-23)",53.34647778154458
