Player 1,Similarity
"D. Kasumu (23, Huddersfield Town, Championship 22-23)",78.2696992557967
"Č. Makreckis (23, OFK Pirin, Bulgarian First League 22-23)",73.83332188506022
"K. Appin (25, Ibiza, La Liga 2 22-23)",72.61186727965895
"K. Appin (25, Ibiza, La Liga 2 22-23)",71.05345752876492
"K. Appin (25, Ibiza, La Liga 2 22-23)",70.94534938416781
"K. Appin (25, Ibiza, La Liga 2 22-23)",67.76673235848571
"K. Appin (25, Ibiza, La Liga 2 22-23)",65.17364720386738
"E. Dost (24, Slavia Sofia, Bulgarian First League 22-23)",63.211719988937
"Z. Petrović (22, Gorica, 1. SNL 22-23)",62.873251966382526
"K. Appin (25, Ibiza, La Liga 2 22-23)",61.943896312297085
"K. Appin (25, Ibiza, La Liga 2 22-23)",61.27419526549044
"A. Schäfer (24, Union Berlin, Bundesliga 22-23)",60.56120465654412
"K. Appin (25, Ibiza, La Liga 2 22-23)",59.69268599751921
"K. Appin (25, Ibiza, La Liga 2 22-23)",59.46248824612529
"K. Appin (25, Ibiza, La Liga 2 22-23)",59.00220194241972
"Íñigo Sainz Maza (24, Racing Santander, La Liga 2 22-23)",58.35123905222424
"K. Appin (25, Ibiza, La Liga 2 22-23)",57.21748937063279
"M. Kerezbekov (22, Talant, Kyrgyz Premier League 2023)",56.92750004291134
"A. Beck (25, Heidenheim, 2. Bundesliga 22-23)",56.15830288805424
"K. Appin (25, Ibiza, La Liga 2 22-23)",56.05316862682185
"Victor Braga (22, Maqtaaral, Kazakh Premier League 2023)",55.83241260299685
"K. Appin (25, Ibiza, La Liga 2 22-23)",55.68922337401519
"K. Endo (25, Eintracht Braunschweig, 2. Bundesliga 22-23)",55.06164848535775
"K. Appin (25, Ibiza, La Liga 2 22-23)",54.48112978805156
"K. Appin (25, Ibiza, La Liga 2 22-23)",54.36138269761928
