Player 1,Similarity
"K. Bayi (26, Neroca, I-League 22-23)",85.06217333250142
"K. Bayi (26, Neroca, I-League 22-23)",84.8990889644598
"K. Bayi (26, Neroca, I-League 22-23)",84.73366674570579
"K. Bayi (26, Neroca, I-League 22-23)",84.69923017747928
"K. Bayi (26, Neroca, I-League 22-23)",84.42664379057659
"K. Bayi (26, Neroca, I-League 22-23)",84.23393407216892
"K. Bayi (26, Neroca, I-League 22-23)",83.87171626387439
"K. Bayi (26, Neroca, I-League 22-23)",83.81597314576393
"Ji-Hyun Kim (26, Gimcheon Sangmu, K League 2 2023)",83.79647972006313
"K. Bayi (26, Neroca, I-League 22-23)",83.43203989281285
"K. Bayi (26, Neroca, I-League 22-23)",83.28034781743531
"K. Bayi (26, Neroca, I-League 22-23)",83.08458217241798
"K. Bayi (26, Neroca, I-League 22-23)",83.04426135751791
"K. Bayi (26, Neroca, I-League 22-23)",82.8945770086433
"K. Bayi (26, Neroca, I-League 22-23)",82.66172303429488
"K. Bayi (26, Neroca, I-League 22-23)",82.64388856013997
"K. Bayi (26, Neroca, I-League 22-23)",82.62396789184089
"K. Bayi (26, Neroca, I-League 22-23)",82.4972676493385
"K. Bayi (26, Neroca, I-League 22-23)",81.83113015782173
"K. Bayi (26, Neroca, I-League 22-23)",81.53434559546122
"K. Bayi (26, Neroca, I-League 22-23)",81.37137794521706
"K. Bayi (26, Neroca, I-League 22-23)",81.36513013129826
"K. Bayi (26, Neroca, I-League 22-23)",81.06585109473373
"K. Bayi (26, Neroca, I-League 22-23)",80.85375616432967
"K. Bayi (26, Neroca, I-League 22-23)",80.59531458066239
