Player 1,Similarity
"K. Fućak (24, Gorica, 1. HNL 22-23)",78.01377167502747
"K. Fućak (24, Gorica, 1. HNL 22-23)",77.26288739144356
"K. Fućak (24, Gorica, 1. HNL 22-23)",77.04162312025132
"N. Cudrig (20, Juventus Next Gen, Serie C 22-23)",76.73803681280309
"Pablo Rodríguez (21, Brescia, Serie B 22-23)",73.81666788224915
"K. Fućak (24, Gorica, 1. HNL 22-23)",73.80864989044159
"K. Fućak (24, Gorica, 1. HNL 22-23)",73.35043462068079
"K. Fućak (24, Gorica, 1. HNL 22-23)",72.87115360862028
"K. Fućak (24, Gorica, 1. HNL 22-23)",72.78869027625964
"K. Fućak (24, Gorica, 1. HNL 22-23)",72.58026324522113
"Silas (24, Stuttgart, Bundesliga 22-23)",72.5421450106773
"J. Murray (27, Nakhon Ratchasima, Thai League 1 22-23)",72.43318357166144
"J. Nouble (27, Livingston, Scottish Premiership 22-23)",72.12288824961858
"K. Fućak (24, Gorica, 1. HNL 22-23)",71.97248283530516
"K. Fućak (24, Gorica, 1. HNL 22-23)",71.38586894077055
"K. Fućak (24, Gorica, 1. HNL 22-23)",71.23653278641609
"D. Bolsius (24, Fidelis Andria, Serie C 22-23)",71.11678065507579
"K. Fućak (24, Gorica, 1. HNL 22-23)",71.05882587520904
"K. Fućak (24, Gorica, 1. HNL 22-23)",71.01005594196684
"K. Fućak (24, Gorica, 1. HNL 22-23)",70.561699694795
"K. Fućak (24, Gorica, 1. HNL 22-23)",70.3698928939834
"K. Fućak (24, Gorica, 1. HNL 22-23)",70.254952494357
"K. Fućak (24, Gorica, 1. HNL 22-23)",70.04256408588235
"André Vidigal (24, Marítimo, Primeira Liga 22-23)",69.82368121660846
"K. Fućak (24, Gorica, 1. HNL 22-23)",69.41347787941496
