Player 1,Similarity
"K. Higashi (32, Tokyo, J1 2023)",84.43646104780831
"K. Higashi (32, Tokyo, J1 2023)",82.74167476175704
"K. Higashi (32, Tokyo, J1 2023)",82.73974851414798
"K. Higashi (32, Tokyo, J1 2023)",81.05441928109506
"K. Higashi (32, Tokyo, J1 2023)",80.59999943564267
"K. Higashi (32, Tokyo, J1 2023)",80.45433963812367
"K. Higashi (32, Tokyo, J1 2023)",80.39527641597559
"K. Higashi (32, Tokyo, J1 2023)",79.95233180266975
"K. Higashi (32, Tokyo, J1 2023)",79.91083785522522
"K. Higashi (32, Tokyo, J1 2023)",79.48253739054142
"K. Vacek (36, Pardubice, Czech Fortuna Liga 22-23)",79.35565062702746
"K. Higashi (32, Tokyo, J1 2023)",79.12731314987994
"K. Higashi (32, Tokyo, J1 2023)",78.8996764610306
"T. Belmonte (25, Lanús, Argentinian Primera División 2023)",78.51172572721092
"K. Higashi (32, Tokyo, J1 2023)",78.3407552214776
"K. Higashi (32, Tokyo, J1 2023)",78.10496050252519
"Adi Eko Jayanto (29, Persik Kediri, BRI Liga 1 22-23)",77.66838925597122
"K. Higashi (32, Tokyo, J1 2023)",77.65421117516674
"K. Higashi (32, Tokyo, J1 2023)",76.48672354194882
"K. Higashi (32, Tokyo, J1 2023)",76.22703542003251
"A. Erlingmark (25, Atromitos, Greek Super League 22-23)",76.21357255063621
"E. Caicedo (33, Aucas, Ecuador Liga Pro 2023)",76.16810293784995
"K. Higashi (32, Tokyo, J1 2023)",76.09393157044492
"K. Higashi (32, Tokyo, J1 2023)",75.94204250995577
"D. Rumbino (27, PSIS Semarang, BRI Liga 1 22-23)",75.87277319602494
