Player 1,Similarity
"K. Iwao (35, Urawa Reds, J1 2023)",88.57714402132721
"K. Iwao (35, Urawa Reds, J1 2023)",88.18959224008275
"L. Schöne (37, NEC, Eredivisie 22-23)",86.97368824366872
"D. Furman (30, Wisła Płock, Ekstraklasa 22-23)",86.83166870324582
"K. Iwao (35, Urawa Reds, J1 2023)",86.52435286534923
"K. Iwao (35, Urawa Reds, J1 2023)",85.983622616306
"O. Pršeš (28, Velež, Bosnian Premier League 22-23)",85.41580442179631
"K. Iwao (35, Urawa Reds, J1 2023)",85.17410019289422
"K. Iwao (35, Urawa Reds, J1 2023)",84.96141510823922
"M. Vejinović (33, Heracles, Eerste Divisie 22-23)",84.51368777270174
"K. Iwao (35, Urawa Reds, J1 2023)",84.0267698748147
"E. Karabeci (34, Teuta Durrës, Albanian Premier League 22-23)",83.79433388339433
"K. Iwao (35, Urawa Reds, J1 2023)",83.59784688572647
"K. Iwao (35, Urawa Reds, J1 2023)",83.46251288303267
"K. Iwao (35, Urawa Reds, J1 2023)",83.43645860732094
"O. Norwood (32, Sheffield United, Championship 22-23)",83.33987826362613
"K. Iwao (35, Urawa Reds, J1 2023)",83.04176552792113
"R. Klaasen (29, VVV Venlo, Eerste Divisie 22-23)",83.0405810000958
"K. Iwao (35, Urawa Reds, J1 2023)",82.64728400436154
"K. Iwao (35, Urawa Reds, J1 2023)",82.59330852870404
"A. Pyndt (22, Hvidovre, Danish 1. Division 22-23)",82.45158423608488
"K. Iwao (35, Urawa Reds, J1 2023)",82.45113537312726
"C. Borges (35, Alajuelense, Costa Rica Primera División 22-23)",81.84193031155762
"K. Iwao (35, Urawa Reds, J1 2023)",81.5157273539256
"K. Iwao (35, Urawa Reds, J1 2023)",81.5100528706509
