Player 1,Similarity
"K. Mima (25, Osaka, J3 2023)",81.83100881297476
"K. Mima (25, Osaka, J3 2023)",81.75042139669362
"L. Rakesh (20, Neroca, I-League 22-23)",80.09095996373333
"K. Mima (25, Osaka, J3 2023)",78.55703069766798
"K. Mima (25, Osaka, J3 2023)",78.18308681380019
"K. Mima (25, Osaka, J3 2023)",77.74767300091138
"K. Mima (25, Osaka, J3 2023)",76.16194654297225
"K. Mima (25, Osaka, J3 2023)",76.14027965043508
"K. Mima (25, Osaka, J3 2023)",75.6964844632383
"N. de Groot (21, Den Bosch, Eerste Divisie 22-23)",74.84973230866588
"M. Savastano (26, Dordrecht, Eerste Divisie 22-23)",74.76944585857862
"K. Mima (25, Osaka, J3 2023)",74.55327149098001
"M. Götz (26, Bayreuth, 3. Liga 22-23)",73.92745431278442
"K. Mima (25, Osaka, J3 2023)",73.52879019777193
"K. Mima (25, Osaka, J3 2023)",72.81860023284715
"L. Burnet (32, Emmen, Eredivisie 22-23)",72.624803079775
"M. Lageder (32, Vorwärts Steyr, Austrian 2. Liga 22-23)",72.6111690115299
"K. Mima (25, Osaka, J3 2023)",71.95548852699984
"A. Delhiwala (23, Kenkre, I-League 22-23)",71.81849600821415
"K. Mima (25, Osaka, J3 2023)",71.28794640995775
"K. Mima (25, Osaka, J3 2023)",71.27410414113594
"K. Mima (25, Osaka, J3 2023)",71.24341052435655
"K. Mima (25, Osaka, J3 2023)",71.02022648287058
"K. Mima (25, Osaka, J3 2023)",71.00780150567876
"Mohamed El Maghraby (22, Smouha, Egyptian Premier League 22-23)",70.43596294090321
