Player 1,Similarity
"K. Miyahara (27, Tokyo Verdy, J2 2023)",84.79809665673886
"K. Miyahara (27, Tokyo Verdy, J2 2023)",83.2701204542266
"K. Miyahara (27, Tokyo Verdy, J2 2023)",83.04848588725349
"K. Miyahara (27, Tokyo Verdy, J2 2023)",82.46922961619731
"K. Miyahara (27, Tokyo Verdy, J2 2023)",82.36546995440473
"S. Marković (29, Radomlje, 1. SNL 22-23)",81.76096099657202
"K. Miyahara (27, Tokyo Verdy, J2 2023)",81.18879390831015
"K. Miyahara (27, Tokyo Verdy, J2 2023)",80.73297775634919
"K. Miyahara (27, Tokyo Verdy, J2 2023)",80.0952346920618
"K. Miyahara (27, Tokyo Verdy, J2 2023)",78.96836330273014
"K. Miyahara (27, Tokyo Verdy, J2 2023)",78.38637867415142
"K. Miyahara (27, Tokyo Verdy, J2 2023)",78.13100103167567
"K. Miyahara (27, Tokyo Verdy, J2 2023)",76.54586719961313
"S. Jung (32, Karlsruher SC, 2. Bundesliga 22-23)",76.48831102294155
"K. Miyahara (27, Tokyo Verdy, J2 2023)",76.46200911959652
"K. Miyahara (27, Tokyo Verdy, J2 2023)",76.38427840518384
"L. Rota (25, AEK Athens, Greek Super League 22-23)",76.34344143707035
"K. Miyahara (27, Tokyo Verdy, J2 2023)",76.25688039788066
"K. Miyahara (27, Tokyo Verdy, J2 2023)",76.25188844893856
"K. Miyahara (27, Tokyo Verdy, J2 2023)",75.87958789863146
"F. Fabra (32, Boca Juniors, Argentinian Primera División 2023)",75.77252228488737
"K. Miyahara (27, Tokyo Verdy, J2 2023)",75.29861196829805
"J. Ikoko (29, Pafos, Cyprus 1. Division 22-23)",75.05666979551845
"K. Miyahara (27, Tokyo Verdy, J2 2023)",74.95754118060177
"R. Sanadi (36, Bhayangkara F.C., BRI Liga 1 22-23)",74.8511903212496
