Player 1,Similarity
"K. Mbappé (24, PSG, Ligue 1 22-23)",92.57064887323853
"K. Mbappé (24, PSG, Ligue 1 22-23)",92.24229166134504
"K. Mbappé (24, PSG, Ligue 1 22-23)",92.24228798527945
"K. Mbappé (24, PSG, Ligue 1 22-23)",91.46655051451368
"K. Mbappé (24, PSG, Ligue 1 22-23)",91.08219879848056
"K. Mbappé (24, PSG, Ligue 1 22-23)",89.71072915008013
"K. Mbappé (24, PSG, Ligue 1 22-23)",89.50507186539852
"K. Mbappé (24, PSG, Ligue 1 22-23)",89.49235787317372
"Rodrygo (22, Real Madrid, La Liga 22-23)",88.96054171049045
"F. Sakala (26, Rangers, Scottish Premiership 22-23)",88.45999140025162
"K. Mbappé (24, PSG, Ligue 1 22-23)",88.29022832932426
"K. Mbappé (24, PSG, Ligue 1 22-23)",88.02526685584394
"K. Mbappé (24, PSG, Ligue 1 22-23)",87.88920165563994
"K. Mbappé (24, PSG, Ligue 1 22-23)",87.59838218900809
"K. Mbappé (24, PSG, Ligue 1 22-23)",87.10840305417167
"K. Benzema (35, Real Madrid, La Liga 22-23)",87.02227427907262
"K. Mbappé (24, PSG, Ligue 1 22-23)",86.85077177637886
"K. Mbappé (24, PSG, Ligue 1 22-23)",86.53557891567169
"K. Mbappé (24, PSG, Ligue 1 22-23)",86.33007385444333
"K. Mbappé (24, PSG, Ligue 1 22-23)",85.99866076530404
"K. Mbappé (24, PSG, Ligue 1 22-23)",85.76526147735588
"K. Mbappé (24, PSG, Ligue 1 22-23)",85.5473669061352
"C. Nkunku (25, RB Leipzig, Bundesliga 22-23)",85.52276834085897
"G. Burke (29, Shamrock Rovers, League of Ireland PL 2023)",85.48495670396183
"K. Mbappé (24, PSG, Ligue 1 22-23)",85.47315562634256
