Player 1,Similarity
"J. Nisbet (23, Central Coast Mariners, A-League Men 22-23)",80.07384416416473
"G. Cimirot (30, Standard Liège, Belgian Pro League 22-23)",78.20871714982769
"K. Morita (22, Tokyo Verdy, J2 2023)",76.55578665044106
"K. Morita (22, Tokyo Verdy, J2 2023)",75.93295007405877
"K. Morita (22, Tokyo Verdy, J2 2023)",74.92357429658847
"K. Morita (22, Tokyo Verdy, J2 2023)",74.6879501111919
"K. Morita (22, Tokyo Verdy, J2 2023)",73.33505161326907
"K. Morita (22, Tokyo Verdy, J2 2023)",73.33103682587844
"P. Bucha (25, Viktoria Plzeň, Czech Fortuna Liga 22-23)",72.95905642302345
"K. Morita (22, Tokyo Verdy, J2 2023)",72.46985360323116
"K. Morita (22, Tokyo Verdy, J2 2023)",72.20810705392952
"B. Lederman (23, Raków Częstochowa, Ekstraklasa 22-23)",71.97134309972012
"K. Morita (22, Tokyo Verdy, J2 2023)",71.66371681343645
"K. Morita (22, Tokyo Verdy, J2 2023)",71.4122649049029
"K. Morita (22, Tokyo Verdy, J2 2023)",71.2080020445635
"K. Morita (22, Tokyo Verdy, J2 2023)",70.70548112816596
"K. Morita (22, Tokyo Verdy, J2 2023)",69.70521692612428
"R. Oratmangoen (25, Groningen, Eredivisie 22-23)",69.67448873321173
"K. Morita (22, Tokyo Verdy, J2 2023)",69.55877900810091
"K. Morita (22, Tokyo Verdy, J2 2023)",69.29338212826525
"A. Bušuladžić (31, Vejle, Danish 1. Division 22-23)",68.72318606408413
"K. Morita (22, Tokyo Verdy, J2 2023)",68.71321237330058
"B. Slisz (24, Legia Warszawa, Ekstraklasa 22-23)",68.5105613695377
"C. De Norre (26, OH Leuven, Belgian Pro League 22-23)",68.50529181487867
"K. Morita (22, Tokyo Verdy, J2 2023)",68.45493140600672
