Player 1,Similarity
"K. Nambu (30, PSM, BRI Liga 1 22-23)",65.37132110371444
"K. Nambu (30, PSM, BRI Liga 1 22-23)",61.89720590051383
"K. Nambu (30, PSM, BRI Liga 1 22-23)",59.05495072195126
"K. Nambu (30, PSM, BRI Liga 1 22-23)",58.6396638293222
"K. Nambu (30, PSM, BRI Liga 1 22-23)",58.12368778547336
"K. Nambu (30, PSM, BRI Liga 1 22-23)",57.28845245965064
"T. Van Acker (31, Lierse Kempenzonen, Belgian First Division B 22-23)",57.147325847440776
"K. Nambu (30, PSM, BRI Liga 1 22-23)",56.93732705081575
"K. Nambu (30, PSM, BRI Liga 1 22-23)",55.753328623337495
"K. Nambu (30, PSM, BRI Liga 1 22-23)",54.02897574349476
"K. Nambu (30, PSM, BRI Liga 1 22-23)",53.970144255187
"K. Nambu (30, PSM, BRI Liga 1 22-23)",52.88947315158362
"K. Nambu (30, PSM, BRI Liga 1 22-23)",52.35721756951294
"K. Nambu (30, PSM, BRI Liga 1 22-23)",52.077268988895206
"K. Nambu (30, PSM, BRI Liga 1 22-23)",50.952947666951246
"K. Nambu (30, PSM, BRI Liga 1 22-23)",50.18249067152178
"K. Nambu (30, PSM, BRI Liga 1 22-23)",49.9681709665081
"K. Nambu (30, PSM, BRI Liga 1 22-23)",49.46336904839686
"K. Nambu (30, PSM, BRI Liga 1 22-23)",49.23490033303055
"K. Nambu (30, PSM, BRI Liga 1 22-23)",49.0119195571333
"K. Nambu (30, PSM, BRI Liga 1 22-23)",48.69330323171839
"K. Nambu (30, PSM, BRI Liga 1 22-23)",48.692110221043365
"K. Nambu (30, PSM, BRI Liga 1 22-23)",48.67354391583365
"L. Maciel (27, Central Córdoba SdE, Argentinian Primera División 2023)",48.59782773019316
"K. Nambu (30, PSM, BRI Liga 1 22-23)",48.5656250599717
