Player 1,Similarity
"K. N'Chobi (27, Laval, Ligue 2 22-23)",88.25477043718224
"K. N'Chobi (27, Laval, Ligue 2 22-23)",87.96733179154795
"B. Manu (26, Darmstadt 98, 2. Bundesliga 22-23)",85.75492949215085
"K. N'Chobi (27, Laval, Ligue 2 22-23)",83.6556131764022
"K. N'Chobi (27, Laval, Ligue 2 22-23)",83.38835179283613
"K. N'Chobi (27, Laval, Ligue 2 22-23)",83.32393490048206
"K. N'Chobi (27, Laval, Ligue 2 22-23)",83.24565882981666
"K. N'Chobi (27, Laval, Ligue 2 22-23)",82.86773419358356
"K. N'Chobi (27, Laval, Ligue 2 22-23)",82.68141996024035
"K. N'Chobi (27, Laval, Ligue 2 22-23)",82.623073329327
"K. N'Chobi (27, Laval, Ligue 2 22-23)",82.51558554370303
"K. N'Chobi (27, Laval, Ligue 2 22-23)",81.98198242080935
"K. N'Chobi (27, Laval, Ligue 2 22-23)",81.35954170948085
"A. Tremolada (23, Arzignano Valchiampo, Serie C 22-23)",80.54683429231562
"K. N'Chobi (27, Laval, Ligue 2 22-23)",80.47194767583089
"K. N'Chobi (27, Laval, Ligue 2 22-23)",80.41303413431898
"K. N'Chobi (27, Laval, Ligue 2 22-23)",80.34496465308983
"C. Lokoli Ngoy (26, Zebbug Rangers, Malta Premier League 22-23)",80.25021434823057
"K. N'Chobi (27, Laval, Ligue 2 22-23)",80.09391060995866
"K. N'Chobi (27, Laval, Ligue 2 22-23)",80.01834849057057
"K. N'Chobi (27, Laval, Ligue 2 22-23)",79.81095151195096
"E. Jendrišek (36, Tatran Liptovský Mikuláš, Slovak Super Liga 22-23)",79.7363362368698
"L. Riveros (25, Audax Italiano, Chilean Primera División 2023)",79.67767068720177
"K. N'Chobi (27, Laval, Ligue 2 22-23)",79.42283263547354
"K. N'Chobi (27, Laval, Ligue 2 22-23)",79.37914418365814
