Player 1,Similarity
"K. Onose (30, Shonan Bellmare, J1 2023)",80.65703647384976
"K. Onose (30, Shonan Bellmare, J1 2023)",80.54272207209063
"K. Onose (30, Shonan Bellmare, J1 2023)",79.79437229952798
"K. Onose (30, Shonan Bellmare, J1 2023)",78.82938732839108
"K. Onose (30, Shonan Bellmare, J1 2023)",78.82300493404372
"A. Prass (22, Sturm Graz, Austrian Bundesliga 22-23)",78.03312876420523
"U. Llanez (22, St. Pölten, Austrian 2. Liga 22-23)",77.87651455562661
"K. Dowell (25, Norwich City, Championship 22-23)",75.83188869648114
"K. Onose (30, Shonan Bellmare, J1 2023)",75.55904002195457
"M. Beran (22, Bohemians 1905, Czech Fortuna Liga 22-23)",74.25423925943096
"K. Onose (30, Shonan Bellmare, J1 2023)",74.04422160453524
"K. Onose (30, Shonan Bellmare, J1 2023)",73.78771941443306
"K. Onose (30, Shonan Bellmare, J1 2023)",73.76077922818834
"K. Onose (30, Shonan Bellmare, J1 2023)",73.69028833153037
"M. Hlavatý (24, Pardubice, Czech Fortuna Liga 22-23)",73.53289571351024
"K. Onose (30, Shonan Bellmare, J1 2023)",73.19810922612203
"K. Onose (30, Shonan Bellmare, J1 2023)",73.1177549006303
"K. Onose (30, Shonan Bellmare, J1 2023)",72.921572937065
"K. Onose (30, Shonan Bellmare, J1 2023)",72.79255079087764
"K. Onose (30, Shonan Bellmare, J1 2023)",72.57601210089113
"K. Onose (30, Shonan Bellmare, J1 2023)",72.39438948854013
"B. Mulahalilovic (24, Horn, Austrian 2. Liga 22-23)",72.35057042404672
"I. Bel Hassani (30, RKC Waalwijk, Eredivisie 22-23)",72.11075515097917
"K. Onose (30, Shonan Bellmare, J1 2023)",72.08822080138032
"K. Onose (30, Shonan Bellmare, J1 2023)",71.92810260047796
