Player 1,Similarity
"K. Okuda (28, Zweigen Kanazawa, J2 2023)",74.79391352161984
"K. Okuda (28, Zweigen Kanazawa, J2 2023)",73.67891866323376
"K. Okuda (28, Zweigen Kanazawa, J2 2023)",73.65787603336446
"K. Okuda (28, Zweigen Kanazawa, J2 2023)",73.63052500005755
"Y. Moukoko (18, Borussia Dortmund, Bundesliga 22-23)",72.0905735975978
"K. Okuda (28, Zweigen Kanazawa, J2 2023)",70.93923356748968
"K. Okuda (28, Zweigen Kanazawa, J2 2023)",70.03157890025155
"K. Okuda (28, Zweigen Kanazawa, J2 2023)",68.85485958951993
"K. Okuda (28, Zweigen Kanazawa, J2 2023)",68.7679177567227
"C. Archer (21, Middlesbrough, Championship 22-23)",67.59642266332375
"S. Yansane (20, Al Ahli, Qatari Stars League 22-23)",67.05395562202726
"K. Okuda (28, Zweigen Kanazawa, J2 2023)",66.63617185132082
"K. Okuda (28, Zweigen Kanazawa, J2 2023)",66.52432685838079
"K. Okuda (28, Zweigen Kanazawa, J2 2023)",66.44353127708781
"A. Pulido (32, Sporting KC, MLS 2023)",66.15280037495465
"K. Okuda (28, Zweigen Kanazawa, J2 2023)",65.6231341769766
"K. Okuda (28, Zweigen Kanazawa, J2 2023)",65.43062042274119
"K. Okuda (28, Zweigen Kanazawa, J2 2023)",64.46856217805481
"A. Gouiri (23, Rennes, Ligue 1 22-23)",64.27193737765523
"K. Okuda (28, Zweigen Kanazawa, J2 2023)",64.16506102222046
"Y. Fujimoto (29, Montedio Yamagata, J2 2023)",63.99802360314785
"Felipe Felício (20, Levadia, Estonian Meistriliiga 2023)",63.997865772253625
"K. Okuda (28, Zweigen Kanazawa, J2 2023)",63.96565704652864
"K. Okuda (28, Zweigen Kanazawa, J2 2023)",63.85035082344023
"K. Okuda (28, Zweigen Kanazawa, J2 2023)",63.81113562079896
