Player 1,Similarity
"K. Pusch (30, MSV Duisburg, 3. Liga 22-23)",90.30085110623986
"K. Pusch (30, MSV Duisburg, 3. Liga 22-23)",90.22681798536549
"K. Pusch (30, MSV Duisburg, 3. Liga 22-23)",89.69720480800544
"K. Pusch (30, MSV Duisburg, 3. Liga 22-23)",89.25253142472363
"K. Pusch (30, MSV Duisburg, 3. Liga 22-23)",88.92809782935787
"K. Pusch (30, MSV Duisburg, 3. Liga 22-23)",87.23859875736515
"K. Pusch (30, MSV Duisburg, 3. Liga 22-23)",86.60373052211062
"K. Pusch (30, MSV Duisburg, 3. Liga 22-23)",86.56790658034888
"K. Pusch (30, MSV Duisburg, 3. Liga 22-23)",86.2879826904771
"S. Appelkamp (22, Fortuna Düsseldorf, 2. Bundesliga 22-23)",86.18887758271977
"K. Pusch (30, MSV Duisburg, 3. Liga 22-23)",85.88789871474542
"P. Klement (30, Kaiserslautern, 2. Bundesliga 22-23)",85.80471161381801
"K. Pusch (30, MSV Duisburg, 3. Liga 22-23)",85.73596864778148
"K. Pusch (30, MSV Duisburg, 3. Liga 22-23)",85.58320720840706
"K. Pusch (30, MSV Duisburg, 3. Liga 22-23)",85.51857362609613
"K. Pusch (30, MSV Duisburg, 3. Liga 22-23)",85.44983059435958
"K. Pusch (30, MSV Duisburg, 3. Liga 22-23)",85.29313228629675
"K. Pusch (30, MSV Duisburg, 3. Liga 22-23)",85.24277737059411
"K. Pusch (30, MSV Duisburg, 3. Liga 22-23)",84.83085987070326
"K. Pusch (30, MSV Duisburg, 3. Liga 22-23)",84.76679537786734
"K. Pusch (30, MSV Duisburg, 3. Liga 22-23)",84.6015628928327
"K. Pusch (30, MSV Duisburg, 3. Liga 22-23)",84.56038605057012
