Player 1,Similarity
"K. Papp (30, Paksi SE, NB I 22-23)",79.15955458019057
"K. Papp (30, Paksi SE, NB I 22-23)",76.26836623617889
"K. Papp (30, Paksi SE, NB I 22-23)",76.22250751201736
"A. Kaludjerović (29, Mornar, Montenegro First League 22-23)",73.19731376607871
"K. Papp (30, Paksi SE, NB I 22-23)",73.18449107229658
"K. Papp (30, Paksi SE, NB I 22-23)",73.16616147376223
"K. Papp (30, Paksi SE, NB I 22-23)",73.00187939890075
"K. Papp (30, Paksi SE, NB I 22-23)",72.98860122200998
"K. Papp (30, Paksi SE, NB I 22-23)",72.87893548461886
"K. Papp (30, Paksi SE, NB I 22-23)",72.2410532129738
"K. Papp (30, Paksi SE, NB I 22-23)",70.78943775565355
"Vinicius Souza (23, Espanyol, La Liga 22-23)",70.69003840121012
"K. Papp (30, Paksi SE, NB I 22-23)",70.07051098793791
"K. Papp (30, Paksi SE, NB I 22-23)",69.75271882616812
"A. Raehan (19, PSM, BRI Liga 1 22-23)",69.61739987580961
"K. Papp (30, Paksi SE, NB I 22-23)",69.56374472432037
"K. Papp (30, Paksi SE, NB I 22-23)",69.53315395434704
"K. Papp (30, Paksi SE, NB I 22-23)",69.00915645063601
"K. Papp (30, Paksi SE, NB I 22-23)",68.45098776560215
"V. Pajot (32, Annecy, Ligue 2 22-23)",68.42556679624604
"A. Drljević (29, Igman Konjic, Bosnian Premier League 22-23)",68.27380151363151
"C. García (26, Delfin, Ecuador Liga Pro 2023)",68.11085860943959
"J. Maddox (24, Walsall, League Two 22-23)",67.4592408955894
"K. Papp (30, Paksi SE, NB I 22-23)",67.35607082387997
"K. Papp (30, Paksi SE, NB I 22-23)",67.33847332786772
