Player 1,Similarity
"K. Parks (25, New York City, MLS 2023)",76.97670694057152
"K. Parks (25, New York City, MLS 2023)",76.3078541707873
"Gian Martins (30, Ironi Kiryat Shmona, Ligat Ha'al 22-23)",75.63964627458837
"K. Parks (25, New York City, MLS 2023)",75.31259611821253
"Z. Buurmeester (20, AZ II, Eerste Divisie 22-23)",75.05806494362793
"K. Parks (25, New York City, MLS 2023)",74.55546522780432
"K. Parks (25, New York City, MLS 2023)",74.27369482460783
"K. Parks (25, New York City, MLS 2023)",74.2595363164567
"A. Tchouaméni (23, Real Madrid, La Liga 22-23)",73.73131820349381
"D. Proper (21, NEC, Eredivisie 22-23)",73.35863734289204
"K. Parks (25, New York City, MLS 2023)",73.00660295490916
"P. Rosario (26, Nice, Ligue 1 22-23)",72.91064996617233
"K. Parks (25, New York City, MLS 2023)",72.7709940278482
"K. Parks (25, New York City, MLS 2023)",72.67401997272614
"Lucas Ramos (28, Dewa United, BRI Liga 1 22-23)",72.48935897494047
"K. Parks (25, New York City, MLS 2023)",71.81565882734962
"K. Parks (25, New York City, MLS 2023)",71.80573828523386
"K. Parks (25, New York City, MLS 2023)",71.74748549526234
"K. Parks (25, New York City, MLS 2023)",71.34768890800416
"S. Khan (27, Swindon Town, League Two 22-23)",71.22737425940666
"A. Diakhate (35, Kaspyi, Kazakh Premier League 2023)",70.88481270415545
"K. Parks (25, New York City, MLS 2023)",70.72956657501697
"K. Parks (25, New York City, MLS 2023)",70.66362474760236
"H. Hackney (20, Middlesbrough, Championship 22-23)",70.23978474725696
"K. Parks (25, New York City, MLS 2023)",70.19047453223185
