Player 1,Similarity
"W. Tebalán (22, Xelajú, Guatemala Liga Nacional 22-23)",81.19397778673482
"D. Lippert (27, Bayreuth, 3. Liga 22-23)",78.72067125394506
"K. Sato (23, Kyoto Sanga, J1 2023)",75.80317840370063
"J. Kalabiška (36, Slovácko, Czech Fortuna Liga 22-23)",75.67355243242476
"K. Sato (23, Kyoto Sanga, J1 2023)",75.60502903144722
"K. Sato (23, Kyoto Sanga, J1 2023)",74.80943013172042
"K. Sato (23, Kyoto Sanga, J1 2023)",74.45428776743864
"P. Möschl (30, VfB Oldenburg, 3. Liga 22-23)",73.56848482771929
"K. Sato (23, Kyoto Sanga, J1 2023)",72.91623597970997
"M. Melluso (24, Gimnasia La Plata, Argentinian Primera División 2023)",72.56652004280977
"D. Santis (20, Comunicaciones, Guatemala Liga Nacional 22-23)",71.98232039285075
"K. Sato (23, Kyoto Sanga, J1 2023)",71.58806494348798
"H. Manaout (22, UTS Rabat, Botola Pro 22-23)",71.53615136571894
"F. Windhager (21, Blau-Weiß Linz, Austrian 2. Liga 22-23)",71.24809094015912
"G. Cerato (24, Instituto, Argentinian Primera División 2023)",71.07246338066767
"K. Sato (23, Kyoto Sanga, J1 2023)",70.98786743157244
"I. Jašarević (27, Željezničar, Bosnian Premier League 22-23)",70.7624873934461
"K. Sato (23, Kyoto Sanga, J1 2023)",70.6207087235224
"K. Sato (23, Kyoto Sanga, J1 2023)",70.59309646811298
"K. Sato (23, Kyoto Sanga, J1 2023)",70.57823900176238
"K. Sato (23, Kyoto Sanga, J1 2023)",70.35467176805628
"K. Sato (23, Kyoto Sanga, J1 2023)",70.20293011310787
"K. Sato (23, Kyoto Sanga, J1 2023)",69.94002465867689
"K. Sato (23, Kyoto Sanga, J1 2023)",69.93743489206037
"K. Sato (23, Kyoto Sanga, J1 2023)",69.86823427703868
