Player 1,Similarity
"K. Shirai (29, Kyoto Sanga, J1 2023)",94.9143557963076
"K. Shirai (29, Kyoto Sanga, J1 2023)",93.18550140893736
"K. Shirai (29, Kyoto Sanga, J1 2023)",92.14050794776144
"K. Shirai (29, Kyoto Sanga, J1 2023)",91.96595346648078
"K. Shirai (29, Kyoto Sanga, J1 2023)",91.63558026649918
"K. Shirai (29, Kyoto Sanga, J1 2023)",91.23459781812842
"K. Shirai (29, Kyoto Sanga, J1 2023)",91.14193333613034
"E. Longelo (22, Birmingham City, Championship 22-23)",90.84541493083373
"S. Zúñiga (26, Alajuelense, Costa Rica Primera División 22-23)",90.68193462911366
"J. Juroška (30, Baník Ostrava, Czech Fortuna Liga 22-23)",90.51279070792476
"K. Shirai (29, Kyoto Sanga, J1 2023)",90.38366943838524
"K. Shirai (29, Kyoto Sanga, J1 2023)",90.24593904065144
"K. Shirai (29, Kyoto Sanga, J1 2023)",90.21529830707748
"K. Shirai (29, Kyoto Sanga, J1 2023)",90.07917832274455
"K. Shirai (29, Kyoto Sanga, J1 2023)",89.95065628598657
"K. Shirai (29, Kyoto Sanga, J1 2023)",89.51697313209506
"Fábio Nunes (30, Widzew Łódź, Ekstraklasa 22-23)",89.51008197181248
"B. Cipetić (28, Lokomotiva Zagreb, 1. HNL 22-23)",89.35041573464854
"K. Shirai (29, Kyoto Sanga, J1 2023)",89.2622691310225
"K. Shirai (29, Kyoto Sanga, J1 2023)",89.2499237611477
"M. Braida (26, San Lorenzo, Argentinian Primera División 2023)",89.17250496969149
"K. Shirai (29, Kyoto Sanga, J1 2023)",89.09606536923489
"M. Miloš (29, Widzew Łódź, Ekstraklasa 22-23)",89.0707810745993
"E. Hakaj (26, Vllaznia Shkodër, Albanian Premier League 22-23)",88.8925599318561
"K. Shirai (29, Kyoto Sanga, J1 2023)",88.89165527175244
