Player 1,Similarity
"K. Tamás (28, Honvéd, NB I 22-23)",89.38835179020012
"A. Leautey (27, Amiens SC, Ligue 2 22-23)",87.5075594550524
"K. Tamás (28, Honvéd, NB I 22-23)",87.15893762021769
"Y. Boussakou (23, Telstar, Eerste Divisie 22-23)",87.06367635496746
"K. Tamás (28, Honvéd, NB I 22-23)",86.65160492474214
"K. Tamás (28, Honvéd, NB I 22-23)",86.362904285818
"K. Van Den Kerkhof (27, Bastia, Ligue 2 22-23)",86.23098933457966
"K. Matsubara (26, Júbilo Iwata, J2 2023)",85.73791864273397
"K. Tamás (28, Honvéd, NB I 22-23)",84.47256412127882
"K. Tamás (28, Honvéd, NB I 22-23)",84.29330313414897
"K. Tamás (28, Honvéd, NB I 22-23)",83.96726231744317
"Ivo Pinto (33, Fortuna Sittard, Eredivisie 22-23)",83.91823614534196
"J. Urbančič (22, Gorica, 1. SNL 22-23)",83.85135340871905
"K. Tamás (28, Honvéd, NB I 22-23)",83.7768082115451
"T. Thórisson (23, KA, Iceland Besta-Deild Karla 2023)",83.49362547862901
"K. Tamás (28, Honvéd, NB I 22-23)",83.21247190675552
"K. Tamás (28, Honvéd, NB I 22-23)",83.20158542944252
"A. Overend (22, Floriana, Malta Premier League 22-23)",83.16785893719988
"T. Persyn (21, Eindhoven, Eerste Divisie 22-23)",82.95570704884595
"K. Tamás (28, Honvéd, NB I 22-23)",82.73923559823567
"M. Karbownik (22, Fortuna Düsseldorf, 2. Bundesliga 22-23)",82.57070171665774
"Min-jun Kim (29, Gimhae City, K3 League 2023)",82.3296404074345
"P. Koronkiewicz (32, Viktoria Köln, 3. Liga 22-23)",82.14187794283332
"Fran García (23, Rayo Vallecano, La Liga 22-23)",82.11095659814866
"K. Tamás (28, Honvéd, NB I 22-23)",82.0337493910954
