Player 1,Similarity
"I. Camara (20, Anderlecht II, Belgian First Division B 22-23)",78.27371566329207
"Komarodin (27, Persikabo 1973, BRI Liga 1 22-23)",77.06150832873514
"Komarodin (27, Persikabo 1973, BRI Liga 1 22-23)",75.03447582768422
"Komarodin (27, Persikabo 1973, BRI Liga 1 22-23)",72.36520902830716
"Komarodin (27, Persikabo 1973, BRI Liga 1 22-23)",71.70553344893027
"M. Weymans (25, Beerschot-Wilrijk, Belgian First Division B 22-23)",71.34309715029232
"Komarodin (27, Persikabo 1973, BRI Liga 1 22-23)",71.2494085383471
"Komarodin (27, Persikabo 1973, BRI Liga 1 22-23)",70.05792136357717
"Komarodin (27, Persikabo 1973, BRI Liga 1 22-23)",69.93509650532155
"Komarodin (27, Persikabo 1973, BRI Liga 1 22-23)",69.85429342479122
"Komarodin (27, Persikabo 1973, BRI Liga 1 22-23)",69.50070809763693
"Komarodin (27, Persikabo 1973, BRI Liga 1 22-23)",69.44246067756052
"F. Andika (23, Persija, BRI Liga 1 22-23)",68.6855001074264
"A. Nukić (25, Tuzla City, Bosnian Premier League 22-23)",68.62026588897022
"Komarodin (27, Persikabo 1973, BRI Liga 1 22-23)",68.41074181360561
"Komarodin (27, Persikabo 1973, BRI Liga 1 22-23)",68.35791941733251
"Komarodin (27, Persikabo 1973, BRI Liga 1 22-23)",68.31365755256036
"Komarodin (27, Persikabo 1973, BRI Liga 1 22-23)",68.19843519508525
"D. Carrillo (27, Alashkert, Armenian Premier League 22-23)",68.12657713758382
"Komarodin (27, Persikabo 1973, BRI Liga 1 22-23)",67.68677914971997
"Komarodin (27, Persikabo 1973, BRI Liga 1 22-23)",66.98422156680336
"Komarodin (27, Persikabo 1973, BRI Liga 1 22-23)",66.73319229761799
"Komarodin (27, Persikabo 1973, BRI Liga 1 22-23)",66.40642648836958
"Komarodin (27, Persikabo 1973, BRI Liga 1 22-23)",66.39350917401453
"K. Melkonyan (24, Urartu, Armenian Premier League 22-23)",66.2507602385671
