Player 1,Similarity
"L. Ajorque (29, Mainz 05, Bundesliga 22-23)",91.60719431925398
"S. Terodde (35, Schalke 04, Bundesliga 22-23)",91.2700539435106
"L. Ajorque (29, Mainz 05, Bundesliga 22-23)",90.49635123460604
"F. Nicastro (31, Pontedera, Serie C 22-23)",90.48957248493976
"L. Ajorque (29, Mainz 05, Bundesliga 22-23)",90.35797187503172
"L. Ajorque (29, Mainz 05, Bundesliga 22-23)",90.2215615356946
"L. Ajorque (29, Mainz 05, Bundesliga 22-23)",89.9145180366795
"L. Ajorque (29, Mainz 05, Bundesliga 22-23)",89.88871602228791
"L. Ajorque (29, Mainz 05, Bundesliga 22-23)",89.82325139352443
"A. Favilli (26, Ternana, Serie B 22-23)",89.13009551953208
"L. Ajorque (29, Mainz 05, Bundesliga 22-23)",88.95059356687838
"L. Ajorque (29, Mainz 05, Bundesliga 22-23)",88.92665434839623
"L. Ajorque (29, Mainz 05, Bundesliga 22-23)",88.89906586380249
"D. Calvert-Lewin (26, Everton, Premier League 22-23)",88.83478346177812
"L. Ajorque (29, Mainz 05, Bundesliga 22-23)",88.81854709241894
"L. Ajorque (29, Mainz 05, Bundesliga 22-23)",88.78432730054996
"L. Ajorque (29, Mainz 05, Bundesliga 22-23)",88.76647449300754
"L. Ajorque (29, Mainz 05, Bundesliga 22-23)",88.67764819650392
"A. Bouhaddouz (36, MSV Duisburg, 3. Liga 22-23)",88.6604653619514
"L. Ajorque (29, Mainz 05, Bundesliga 22-23)",88.57948400618176
"L. Ajorque (29, Mainz 05, Bundesliga 22-23)",88.41750414428763
"L. Norris (29, Stevenage, League Two 22-23)",88.26255952925929
"L. Ajorque (29, Mainz 05, Bundesliga 22-23)",88.23181932259399
"L. Ajorque (29, Mainz 05, Bundesliga 22-23)",88.15345209178479
"L. Ajorque (29, Mainz 05, Bundesliga 22-23)",88.07673295579376
