Player 1,Similarity
"L. Barreiro (23, Mainz 05, Bundesliga 22-23)",83.92843868975855
"L. Barreiro (23, Mainz 05, Bundesliga 22-23)",83.38918265939867
"L. Barreiro (23, Mainz 05, Bundesliga 22-23)",77.83624942088517
"L. Barreiro (23, Mainz 05, Bundesliga 22-23)",75.37741191695065
"L. Barreiro (23, Mainz 05, Bundesliga 22-23)",74.55115086683533
"L. Barreiro (23, Mainz 05, Bundesliga 22-23)",74.37146050845138
"L. Barreiro (23, Mainz 05, Bundesliga 22-23)",73.89862164227853
"L. Barreiro (23, Mainz 05, Bundesliga 22-23)",73.39490785288982
"L. Barreiro (23, Mainz 05, Bundesliga 22-23)",72.38476076978033
"L. Barreiro (23, Mainz 05, Bundesliga 22-23)",72.37654748395511
"L. Barreiro (23, Mainz 05, Bundesliga 22-23)",71.89854192488036
"L. Barreiro (23, Mainz 05, Bundesliga 22-23)",71.53911269113294
"L. Barreiro (23, Mainz 05, Bundesliga 22-23)",71.07425343176585
"L. Barreiro (23, Mainz 05, Bundesliga 22-23)",70.78588527277283
"L. Barreiro (23, Mainz 05, Bundesliga 22-23)",70.02695523854717
"L. Tousart (26, Hertha BSC, Bundesliga 22-23)",69.95776748922741
"L. Barreiro (23, Mainz 05, Bundesliga 22-23)",69.56949441130313
"L. Kerber (21, Saarbrücken, 3. Liga 22-23)",69.12752085122416
"L. Barreiro (23, Mainz 05, Bundesliga 22-23)",69.09782838086075
"L. Barreiro (23, Mainz 05, Bundesliga 22-23)",69.03964349826066
"L. Barreiro (23, Mainz 05, Bundesliga 22-23)",68.54773927459117
"L. Barreiro (23, Mainz 05, Bundesliga 22-23)",68.33364594832531
"L. Barreiro (23, Mainz 05, Bundesliga 22-23)",68.18383136583932
"L. Barreiro (23, Mainz 05, Bundesliga 22-23)",67.94945314861819
"L. Barreiro (23, Mainz 05, Bundesliga 22-23)",67.37193293789082
