Player 1,Similarity
"L. Boyé (27, Elche, La Liga 22-23)",92.50665193236408
"L. Boyé (27, Elche, La Liga 22-23)",88.79615863201515
"N. Jackson (21, Villarreal, La Liga 22-23)",87.66548770326963
"L. Boyé (27, Elche, La Liga 22-23)",87.25129718783246
"V. Triboulet (23, Beroe, Bulgarian First League 22-23)",86.90335136277172
"L. Boyé (27, Elche, La Liga 22-23)",86.39618005014736
"L. Boyé (27, Elche, La Liga 22-23)",86.10095150716396
"L. Boyé (27, Elche, La Liga 22-23)",86.08107501707356
"L. Boyé (27, Elche, La Liga 22-23)",85.14509815047846
"L. Boyé (27, Elche, La Liga 22-23)",85.13204528972878
"V. Aboubakar (31, Beşiktaş, Süper Lig 22-23)",85.06378585543108
"L. Boyé (27, Elche, La Liga 22-23)",85.01731443233366
"L. Boyé (27, Elche, La Liga 22-23)",84.70096686403885
"L. Boyé (27, Elche, La Liga 22-23)",84.57834568834556
"L. Boyé (27, Elche, La Liga 22-23)",84.49958735189679
"L. Boyé (27, Elche, La Liga 22-23)",84.34401080528659
"L. Boyé (27, Elche, La Liga 22-23)",84.19967565008515
"S. Mulattieri (22, Frosinone, Serie B 22-23)",84.07009266465629
"L. Boyé (27, Elche, La Liga 22-23)",84.05426874466974
"L. Boyé (27, Elche, La Liga 22-23)",84.01334619970461
"L. Boyé (27, Elche, La Liga 22-23)",83.83649026555771
"T. Miyashiro (23, Kawasaki Frontale, J1 2023)",83.81623286991038
"L. Boyé (27, Elche, La Liga 22-23)",83.43883023731095
"L. Boyé (27, Elche, La Liga 22-23)",83.17667226355053
"J. Alvarado (23, León, Liga MX 22-23)",83.1713996426952
