Player 1,Similarity
"L. Bőle (33, Paksi SE, NB I 22-23)",89.71556674717544
"L. Bőle (33, Paksi SE, NB I 22-23)",89.10006433094384
"L. Bőle (33, Paksi SE, NB I 22-23)",88.7445196414766
"D. Köhn (24, Hannover 96, 2. Bundesliga 22-23)",88.23092153400319
"L. Bőle (33, Paksi SE, NB I 22-23)",87.35882054842558
"M. Thurnwald (24, Rheindorf Altach, Austrian Bundesliga 22-23)",87.22970078641339
"L. Bőle (33, Paksi SE, NB I 22-23)",86.31760874968444
"L. Bőle (33, Paksi SE, NB I 22-23)",86.20039482184085
"T. Vargas (23, Nîmes, Ligue 2 22-23)",85.84406383676605
"J. Ward (27, Peterborough United, League One 22-23)",85.37690002247253
"L. Bőle (33, Paksi SE, NB I 22-23)",85.25294864518608
"L. Bőle (33, Paksi SE, NB I 22-23)",85.16709074035641
"J. Hoilett (32, Reading, Championship 22-23)",85.13116128479817
"M. Phillips (32, West Bromwich Albion, Championship 22-23)",84.80075250426937
"A. Doughty (23, Luton Town, Championship 22-23)",84.5483445846232
"L. Bőle (33, Paksi SE, NB I 22-23)",84.32946094358458
"K. Fukumori (28, Tochigi, J2 2023)",83.94334926745744
"Ali Fawzi (31, ENPPI, Egyptian Premier League 22-23)",83.52183442959227
"L. Bőle (33, Paksi SE, NB I 22-23)",83.48814493993507
"L. Bőle (33, Paksi SE, NB I 22-23)",83.21032538027609
"L. Bőle (33, Paksi SE, NB I 22-23)",82.87341622812366
"L. Bőle (33, Paksi SE, NB I 22-23)",82.85517360443818
"J. McClean (34, Wigan Athletic, Championship 22-23)",82.79276918695402
"L. Bőle (33, Paksi SE, NB I 22-23)",82.79139421717704
"L. Bőle (33, Paksi SE, NB I 22-23)",82.68623081234384
