Player 1,Similarity
"L. Dimata (25, NEC, Eredivisie 22-23)",92.59110286247696
"L. Dimata (25, NEC, Eredivisie 22-23)",92.58404127188554
"L. Dimata (25, NEC, Eredivisie 22-23)",88.84361110092837
"I. Nicolăescu (24, Beitar Jerusalem, Ligat Ha'al 22-23)",88.5055919102407
"L. Dimata (25, NEC, Eredivisie 22-23)",87.79842680228604
"Rafa Lopes (31, AEK Larnaca , Cyprus 1. Division 22-23)",86.2676921662969
"L. Dimata (25, NEC, Eredivisie 22-23)",84.54113954122676
"L. Dimata (25, NEC, Eredivisie 22-23)",84.26915968677923
"L. Dimata (25, NEC, Eredivisie 22-23)",84.24646691371416
"B. Bimenyimana (25, Kaizer Chiefs, South Africa PSL 22-23)",83.73602654109963
"L. Dimata (25, NEC, Eredivisie 22-23)",83.62712643706695
"L. Dimata (25, NEC, Eredivisie 22-23)",82.85037579367874
"L. Dimata (25, NEC, Eredivisie 22-23)",82.79142226491767
"L. Dimata (25, NEC, Eredivisie 22-23)",82.39131567555025
"L. Dimata (25, NEC, Eredivisie 22-23)",82.23570694052644
"L. Dimata (25, NEC, Eredivisie 22-23)",82.10130907409054
"L. Dimata (25, NEC, Eredivisie 22-23)",81.99374537653573
"L. Dimata (25, NEC, Eredivisie 22-23)",81.75608311574457
"L. Dimata (25, NEC, Eredivisie 22-23)",81.74903911829568
"L. Dimata (25, NEC, Eredivisie 22-23)",81.71705295917448
"L. Dimata (25, NEC, Eredivisie 22-23)",81.68649155397961
"L. Dimata (25, NEC, Eredivisie 22-23)",81.66213950214829
"L. Dimata (25, NEC, Eredivisie 22-23)",81.52865437573061
"L. Dimata (25, NEC, Eredivisie 22-23)",81.37026469323636
"L. Dimata (25, NEC, Eredivisie 22-23)",81.332210480431
