Player 1,Similarity
"M. Ugalde (21, Twente, Eredivisie 22-23)",92.19199361183176
"L. de Jong (32, PSV, Eredivisie 22-23)",90.3109204366538
"L. de Jong (32, PSV, Eredivisie 22-23)",89.3999293600926
"L. de Jong (32, PSV, Eredivisie 22-23)",89.21208059818527
"L. de Jong (32, PSV, Eredivisie 22-23)",89.10248621283635
"L. de Jong (32, PSV, Eredivisie 22-23)",88.89443107193371
"L. de Jong (32, PSV, Eredivisie 22-23)",88.63101995156607
"L. de Jong (32, PSV, Eredivisie 22-23)",88.55040450027832
"L. de Jong (32, PSV, Eredivisie 22-23)",88.53895391540321
"L. de Jong (32, PSV, Eredivisie 22-23)",88.18646842978269
"L. de Jong (32, PSV, Eredivisie 22-23)",88.16569377896037
"L. de Jong (32, PSV, Eredivisie 22-23)",88.01442590439298
"Z. Gano (29, Zulte-Waregem, Belgian Pro League 22-23)",87.87564316005171
"L. de Jong (32, PSV, Eredivisie 22-23)",87.85979595939887
"Z. Robinson (20, Dundee, Scottish Championship 22-23)",87.45471782796427
"L. de Jong (32, PSV, Eredivisie 22-23)",87.28534209022595
"L. de Jong (32, PSV, Eredivisie 22-23)",87.20277444725336
"L. de Jong (32, PSV, Eredivisie 22-23)",86.83348796138772
"L. de Jong (32, PSV, Eredivisie 22-23)",86.7513507820863
"L. de Jong (32, PSV, Eredivisie 22-23)",86.63619673520058
"L. de Jong (32, PSV, Eredivisie 22-23)",86.5024427984413
"L. de Jong (32, PSV, Eredivisie 22-23)",86.44356310230478
"L. de Jong (32, PSV, Eredivisie 22-23)",86.38447315490293
"L. de Jong (32, PSV, Eredivisie 22-23)",86.14136140032998
"N. Royón (32, La Luz, Uruguay Primera División 2023)",86.11186725970477
