Player 1,Similarity
"L. Grgić (27, Hajduk Split, 1. HNL 22-23)",83.20843059211894
"L. Grgić (27, Hajduk Split, 1. HNL 22-23)",80.4844172374653
"L. Grgić (27, Hajduk Split, 1. HNL 22-23)",79.90728432277204
"L. Grgić (27, Hajduk Split, 1. HNL 22-23)",79.60032983896114
"L. Grgić (27, Hajduk Split, 1. HNL 22-23)",79.08458056722944
"L. Grgić (27, Hajduk Split, 1. HNL 22-23)",78.82322235144234
"L. Grgić (27, Hajduk Split, 1. HNL 22-23)",78.8010137065441
"L. Grgić (27, Hajduk Split, 1. HNL 22-23)",78.71136423279108
"L. Grgić (27, Hajduk Split, 1. HNL 22-23)",78.68803748274365
"L. Grgić (27, Hajduk Split, 1. HNL 22-23)",78.44099507110668
"L. Grgić (27, Hajduk Split, 1. HNL 22-23)",77.34070486267048
"L. Grgić (27, Hajduk Split, 1. HNL 22-23)",77.2844879214146
"L. Grgić (27, Hajduk Split, 1. HNL 22-23)",76.87492221247521
"L. Grgić (27, Hajduk Split, 1. HNL 22-23)",76.57706600167491
"L. Grgić (27, Hajduk Split, 1. HNL 22-23)",76.33551983742693
"L. Grgić (27, Hajduk Split, 1. HNL 22-23)",75.97896671505528
"L. Grgić (27, Hajduk Split, 1. HNL 22-23)",75.89853881082188
"L. Grgić (27, Hajduk Split, 1. HNL 22-23)",75.86550924351096
"L. Grgić (27, Hajduk Split, 1. HNL 22-23)",75.80025847428963
"L. Grgić (27, Hajduk Split, 1. HNL 22-23)",75.01473964833308
"L. Grgić (27, Hajduk Split, 1. HNL 22-23)",74.67011034366266
"L. Grgić (27, Hajduk Split, 1. HNL 22-23)",74.19455634499776
"L. Grgić (27, Hajduk Split, 1. HNL 22-23)",74.1658149905449
"L. Grgić (27, Hajduk Split, 1. HNL 22-23)",74.0043315714819
"L. Grgić (27, Hajduk Split, 1. HNL 22-23)",73.89514807007622
