Player 1,Similarity
"L. Hujber (23, Istra 1961, 1. HNL 22-23)",82.69473638616839
"L. Hujber (23, Istra 1961, 1. HNL 22-23)",80.28605633067319
"L. Hujber (23, Istra 1961, 1. HNL 22-23)",80.23018379678794
"L. Hujber (23, Istra 1961, 1. HNL 22-23)",78.28960330952451
"L. Hujber (23, Istra 1961, 1. HNL 22-23)",78.14294956833551
"L. Hujber (23, Istra 1961, 1. HNL 22-23)",77.90835833278553
"L. Hujber (23, Istra 1961, 1. HNL 22-23)",77.85922986862028
"L. Hujber (23, Istra 1961, 1. HNL 22-23)",77.79598227765257
"L. Hujber (23, Istra 1961, 1. HNL 22-23)",77.60082884862678
"L. Hujber (23, Istra 1961, 1. HNL 22-23)",76.86868962279077
"L. Hujber (23, Istra 1961, 1. HNL 22-23)",76.54425762017553
"L. Hujber (23, Istra 1961, 1. HNL 22-23)",76.0327740720517
"L. Hujber (23, Istra 1961, 1. HNL 22-23)",75.41449561718507
"L. Hujber (23, Istra 1961, 1. HNL 22-23)",75.30338413988731
"L. Hujber (23, Istra 1961, 1. HNL 22-23)",75.16903871989044
"L. Hujber (23, Istra 1961, 1. HNL 22-23)",75.08586965085729
"L. Hujber (23, Istra 1961, 1. HNL 22-23)",74.70736802810308
"L. Hujber (23, Istra 1961, 1. HNL 22-23)",74.70288549566592
"L. Hujber (23, Istra 1961, 1. HNL 22-23)",74.63763551966785
"L. Hujber (23, Istra 1961, 1. HNL 22-23)",74.56188041186415
"L. Hujber (23, Istra 1961, 1. HNL 22-23)",74.47942219827686
"L. Hujber (23, Istra 1961, 1. HNL 22-23)",74.12306253784946
"L. Hujber (23, Istra 1961, 1. HNL 22-23)",73.94601087830482
"L. Hujber (23, Istra 1961, 1. HNL 22-23)",73.76926771806647
"L. Hujber (23, Istra 1961, 1. HNL 22-23)",72.85168989081903
