Player 1,Similarity
"L. Hemmerich (25, Bayreuth, 3. Liga 22-23)",85.70674445376417
"L. Hemmerich (25, Bayreuth, 3. Liga 22-23)",84.19055646688875
"L. Hemmerich (25, Bayreuth, 3. Liga 22-23)",81.3556657598764
"L. Hemmerich (25, Bayreuth, 3. Liga 22-23)",81.02963565470898
"L. Hemmerich (25, Bayreuth, 3. Liga 22-23)",81.00173986478794
"L. Hemmerich (25, Bayreuth, 3. Liga 22-23)",78.51767013847461
"L. Hemmerich (25, Bayreuth, 3. Liga 22-23)",78.0321460606329
"D. Köhn (24, Hannover 96, 2. Bundesliga 22-23)",76.35629745430312
"L. Hemmerich (25, Bayreuth, 3. Liga 22-23)",75.87132326064874
"L. Hemmerich (25, Bayreuth, 3. Liga 22-23)",75.52775331591704
"L. Hemmerich (25, Bayreuth, 3. Liga 22-23)",75.46765749915302
"L. Hemmerich (25, Bayreuth, 3. Liga 22-23)",75.13488342281097
"L. Hemmerich (25, Bayreuth, 3. Liga 22-23)",75.11369515841008
"L. Hemmerich (25, Bayreuth, 3. Liga 22-23)",74.88369656652702
"L. Hemmerich (25, Bayreuth, 3. Liga 22-23)",73.63475917637685
"L. Hemmerich (25, Bayreuth, 3. Liga 22-23)",73.41692610380356
"L. Hemmerich (25, Bayreuth, 3. Liga 22-23)",73.17474287391262
"L. Hemmerich (25, Bayreuth, 3. Liga 22-23)",72.91576159697662
"N. Ochojski (24, Verl, 3. Liga 22-23)",72.49163005771148
"L. Hemmerich (25, Bayreuth, 3. Liga 22-23)",72.42007309219373
"L. Hemmerich (25, Bayreuth, 3. Liga 22-23)",72.28528248895832
"L. Hemmerich (25, Bayreuth, 3. Liga 22-23)",72.27978841770637
"L. Hemmerich (25, Bayreuth, 3. Liga 22-23)",72.14147205975715
"L. Hemmerich (25, Bayreuth, 3. Liga 22-23)",72.08551340365987
"L. Hemmerich (25, Bayreuth, 3. Liga 22-23)",72.002997438264
