Player 1,Similarity
"L. Kambič (24, Koper, 1. SNL 22-23)",80.34573242395788
"L. Kambič (24, Koper, 1. SNL 22-23)",78.4252363313275
"L. Kambič (24, Koper, 1. SNL 22-23)",77.88541175229972
"L. Kambič (24, Koper, 1. SNL 22-23)",76.8789763595541
"L. Kambič (24, Koper, 1. SNL 22-23)",76.72278153735684
"L. Kambič (24, Koper, 1. SNL 22-23)",76.64616982114269
"L. Kambič (24, Koper, 1. SNL 22-23)",76.57596966792337
"L. Kambič (24, Koper, 1. SNL 22-23)",76.37878238944853
"L. Kambič (24, Koper, 1. SNL 22-23)",76.08246156493033
"L. Kambič (24, Koper, 1. SNL 22-23)",75.70631688194783
"L. Kambič (24, Koper, 1. SNL 22-23)",75.53837425372893
"L. Kambič (24, Koper, 1. SNL 22-23)",75.45148452021144
"L. Kambič (24, Koper, 1. SNL 22-23)",75.37138889791677
"L. Kambič (24, Koper, 1. SNL 22-23)",75.26883155216866
"L. Kambič (24, Koper, 1. SNL 22-23)",75.20293400198113
"L. Kambič (24, Koper, 1. SNL 22-23)",74.95124354991408
"L. Kambič (24, Koper, 1. SNL 22-23)",74.83206651545912
"L. Kambič (24, Koper, 1. SNL 22-23)",74.64021344436078
"L. Kambič (24, Koper, 1. SNL 22-23)",74.19574146730908
"L. Kambič (24, Koper, 1. SNL 22-23)",74.16858593050435
"L. Kambič (24, Koper, 1. SNL 22-23)",73.89410795606189
"L. Kambič (24, Koper, 1. SNL 22-23)",73.74146875954641
"L. Kambič (24, Koper, 1. SNL 22-23)",73.67635400535562
"L. Kambič (24, Koper, 1. SNL 22-23)",73.52077152078125
"L. Kambič (24, Koper, 1. SNL 22-23)",73.21860475726541
