Player 1,Similarity
"L. Marin (25, Istra 1961, 1. HNL 22-23)",79.46399299249892
"L. Marin (25, Istra 1961, 1. HNL 22-23)",77.18234174704374
"L. Marin (25, Istra 1961, 1. HNL 22-23)",76.9420870954488
"L. Marin (25, Istra 1961, 1. HNL 22-23)",76.0404577824231
"L. Marin (25, Istra 1961, 1. HNL 22-23)",74.33179611618843
"L. Marin (25, Istra 1961, 1. HNL 22-23)",74.16848189362616
"L. Marin (25, Istra 1961, 1. HNL 22-23)",74.03297382898741
"L. Marin (25, Istra 1961, 1. HNL 22-23)",73.81089257707337
"L. Marin (25, Istra 1961, 1. HNL 22-23)",73.67228436981793
"L. Marin (25, Istra 1961, 1. HNL 22-23)",73.5996291038047
"L. Marin (25, Istra 1961, 1. HNL 22-23)",72.96640181728223
"L. Marin (25, Istra 1961, 1. HNL 22-23)",72.93667676522104
"L. Marin (25, Istra 1961, 1. HNL 22-23)",72.51091699883665
"L. Marin (25, Istra 1961, 1. HNL 22-23)",72.21110110150344
"L. Marin (25, Istra 1961, 1. HNL 22-23)",72.17613785200182
"L. Marin (25, Istra 1961, 1. HNL 22-23)",72.1652938372109
"L. Marin (25, Istra 1961, 1. HNL 22-23)",72.1305942897661
"L. Marin (25, Istra 1961, 1. HNL 22-23)",71.96602744426215
"L. Marin (25, Istra 1961, 1. HNL 22-23)",71.93050607751746
"L. Marin (25, Istra 1961, 1. HNL 22-23)",71.83110182490437
"L. Marin (25, Istra 1961, 1. HNL 22-23)",71.70258367689081
"L. Marin (25, Istra 1961, 1. HNL 22-23)",71.63775864162221
"L. Marin (25, Istra 1961, 1. HNL 22-23)",71.62125889940903
"L. Marin (25, Istra 1961, 1. HNL 22-23)",71.39103387222589
"L. Marin (25, Istra 1961, 1. HNL 22-23)",71.20887681866535
