Player 1,Similarity
"L. Messi (35, PSG, Ligue 1 22-23)",94.06354883422895
"L. Messi (35, PSG, Ligue 1 22-23)",92.5934311576816
"L. Messi (35, PSG, Ligue 1 22-23)",88.69364859633501
"L. Messi (35, PSG, Ligue 1 22-23)",88.33845170404338
"L. Messi (35, PSG, Ligue 1 22-23)",87.96249750753113
"L. Messi (35, PSG, Ligue 1 22-23)",87.83404291383864
"D. Valdés (29, América, Liga MX 22-23)",87.77957246258134
"L. Messi (35, PSG, Ligue 1 22-23)",87.28015479602823
"L. Messi (35, PSG, Ligue 1 22-23)",86.5994967034465
"L. Messi (35, PSG, Ligue 1 22-23)",86.3200847015005
"A. Griezmann (32, Atlético Madrid, La Liga 22-23)",85.50808285254014
"L. Messi (35, PSG, Ligue 1 22-23)",85.27608205333993
"L. Messi (35, PSG, Ligue 1 22-23)",84.92997248320957
"L. Messi (35, PSG, Ligue 1 22-23)",84.37197407192339
"L. Messi (35, PSG, Ligue 1 22-23)",84.07798263696138
"L. Messi (35, PSG, Ligue 1 22-23)",83.94733421315307
"L. Messi (35, PSG, Ligue 1 22-23)",83.74873604529967
"L. Messi (35, PSG, Ligue 1 22-23)",82.99086282930307
"L. Messi (35, PSG, Ligue 1 22-23)",82.97558547953932
"L. Messi (35, PSG, Ligue 1 22-23)",82.10129562157249
"L. Messi (35, PSG, Ligue 1 22-23)",82.08249254351156
"L. Messi (35, PSG, Ligue 1 22-23)",82.05028507302723
"Lucas Ribeiro (24, SK Beveren, Belgian First Division B 22-23)",82.00259394624267
"L. Messi (35, PSG, Ligue 1 22-23)",81.89034413783885
"L. Messi (35, PSG, Ligue 1 22-23)",81.45826047688139
