Player 1,Similarity
"L. Oktavianto (29, Persikabo 1973, BRI Liga 1 22-23)",81.39834772501659
"L. Oktavianto (29, Persikabo 1973, BRI Liga 1 22-23)",81.15823985341034
"L. Oktavianto (29, Persikabo 1973, BRI Liga 1 22-23)",79.93123368904664
"L. Oktavianto (29, Persikabo 1973, BRI Liga 1 22-23)",79.4710022498002
"L. Oktavianto (29, Persikabo 1973, BRI Liga 1 22-23)",78.64223475652294
"L. Oktavianto (29, Persikabo 1973, BRI Liga 1 22-23)",78.00181502679587
"L. Oktavianto (29, Persikabo 1973, BRI Liga 1 22-23)",76.29207206781881
"L. Oktavianto (29, Persikabo 1973, BRI Liga 1 22-23)",75.86339724544317
"L. Oktavianto (29, Persikabo 1973, BRI Liga 1 22-23)",75.3357657650419
"L. Oktavianto (29, Persikabo 1973, BRI Liga 1 22-23)",74.93021815636376
"L. Oktavianto (29, Persikabo 1973, BRI Liga 1 22-23)",74.86750459330959
"L. Oktavianto (29, Persikabo 1973, BRI Liga 1 22-23)",74.4047382362642
"L. Oktavianto (29, Persikabo 1973, BRI Liga 1 22-23)",74.29493326164635
"L. Oktavianto (29, Persikabo 1973, BRI Liga 1 22-23)",73.84389521757882
"L. Oktavianto (29, Persikabo 1973, BRI Liga 1 22-23)",73.77203298684645
"L. Oktavianto (29, Persikabo 1973, BRI Liga 1 22-23)",73.63150733597755
"L. Oktavianto (29, Persikabo 1973, BRI Liga 1 22-23)",72.779135691708
"L. Oktavianto (29, Persikabo 1973, BRI Liga 1 22-23)",72.67428829454765
"L. Oktavianto (29, Persikabo 1973, BRI Liga 1 22-23)",72.39291678637295
"L. Oktavianto (29, Persikabo 1973, BRI Liga 1 22-23)",72.1978225593219
"L. Oktavianto (29, Persikabo 1973, BRI Liga 1 22-23)",72.07970722488288
"L. Oktavianto (29, Persikabo 1973, BRI Liga 1 22-23)",71.50056275439569
"L. Oktavianto (29, Persikabo 1973, BRI Liga 1 22-23)",71.40671459023594
"L. Oktavianto (29, Persikabo 1973, BRI Liga 1 22-23)",71.38780440240237
"L. Oktavianto (29, Persikabo 1973, BRI Liga 1 22-23)",71.2752291633357
