Player 1,Similarity
"L. Putaro (26, Osnabrück, 3. Liga 22-23)",64.9249217550014
"L. Putaro (26, Osnabrück, 3. Liga 22-23)",64.16405920425818
"L. Putaro (26, Osnabrück, 3. Liga 22-23)",63.86294209788893
"L. Putaro (26, Osnabrück, 3. Liga 22-23)",61.00179635910574
"L. Putaro (26, Osnabrück, 3. Liga 22-23)",60.99018255712475
"L. Putaro (26, Osnabrück, 3. Liga 22-23)",58.680128810150265
"L. Putaro (26, Osnabrück, 3. Liga 22-23)",58.48725760886132
"L. Putaro (26, Osnabrück, 3. Liga 22-23)",58.12887481669266
"L. Putaro (26, Osnabrück, 3. Liga 22-23)",58.02776744045319
"L. Putaro (26, Osnabrück, 3. Liga 22-23)",57.490711762144265
"L. Putaro (26, Osnabrück, 3. Liga 22-23)",57.04815459517239
"L. Putaro (26, Osnabrück, 3. Liga 22-23)",56.78987243142668
"L. Putaro (26, Osnabrück, 3. Liga 22-23)",55.77798500724383
"L. Putaro (26, Osnabrück, 3. Liga 22-23)",54.881808173326384
"L. Putaro (26, Osnabrück, 3. Liga 22-23)",54.71548652326895
"T. Raschl (23, Greuther Fürth, 2. Bundesliga 22-23)",54.59953281783214
"L. Putaro (26, Osnabrück, 3. Liga 22-23)",54.38225927657384
"L. Putaro (26, Osnabrück, 3. Liga 22-23)",54.22329221081
"L. Putaro (26, Osnabrück, 3. Liga 22-23)",53.77088088830788
"L. Putaro (26, Osnabrück, 3. Liga 22-23)",53.67210525591483
"L. Putaro (26, Osnabrück, 3. Liga 22-23)",53.49729823446994
"L. Putaro (26, Osnabrück, 3. Liga 22-23)",53.4965185075432
"L. Putaro (26, Osnabrück, 3. Liga 22-23)",52.81010045800005
"L. Putaro (26, Osnabrück, 3. Liga 22-23)",52.72245251245937
"S. Vasiliadis (25, Arminia Bielefeld, 2. Bundesliga 22-23)",52.670743481008245
