Player 1,Similarity
"J. Iglesias (34, Paris, Ligue 2 22-23)",82.4330559187233
"L. Phiri (28, Paris, Ligue 2 22-23)",79.09326618521546
"L. Phiri (28, Paris, Ligue 2 22-23)",78.26388386333494
"L. Phiri (28, Paris, Ligue 2 22-23)",77.03661478963076
"L. Phiri (28, Paris, Ligue 2 22-23)",76.00296185061933
"Gonzalo Melero (29, Almería, La Liga 22-23)",75.84430239036656
"L. Phiri (28, Paris, Ligue 2 22-23)",75.82049085891389
"Adam Najem (28, Bhayangkara F.C., BRI Liga 1 22-23)",74.73403931714641
"L. Phiri (28, Paris, Ligue 2 22-23)",74.13295804283851
"L. Phiri (28, Paris, Ligue 2 22-23)",73.75741799351752
"L. Phiri (28, Paris, Ligue 2 22-23)",73.7471169809526
"L. Phiri (28, Paris, Ligue 2 22-23)",73.37130363779369
"L. Phiri (28, Paris, Ligue 2 22-23)",72.440700755095
"A. López (22, Santos Laguna, Liga MX 22-23)",72.22046585124231
"L. Phiri (28, Paris, Ligue 2 22-23)",72.21464612641236
"H. Magnetti (25, Brest, Ligue 1 22-23)",71.69423504814219
"L. Phiri (28, Paris, Ligue 2 22-23)",71.1496233880958
"L. Phiri (28, Paris, Ligue 2 22-23)",71.10810563315052
"G. Cimirot (30, Standard Liège, Belgian Pro League 22-23)",70.644171255972
"L. Phiri (28, Paris, Ligue 2 22-23)",70.08051554057377
"L. Phiri (28, Paris, Ligue 2 22-23)",70.07570774508285
"A. Cervantes (25, Santos Laguna, Liga MX 22-23)",69.98412265088461
"M. Sissoko (33, Nantes, Ligue 1 22-23)",69.72302301393526
"L. Phiri (28, Paris, Ligue 2 22-23)",69.27420665657866
"L. Phiri (28, Paris, Ligue 2 22-23)",68.78657391304212
