Player 1,Similarity
"L. Romero (29, León, Liga MX 22-23)",83.7875922589541
"L. Romero (29, León, Liga MX 22-23)",83.30774403266624
"L. Romero (29, León, Liga MX 22-23)",83.05232836002064
"L. Romero (29, León, Liga MX 22-23)",81.73734634831138
"L. Romero (29, León, Liga MX 22-23)",81.58785590068256
"L. Romero (29, León, Liga MX 22-23)",81.4265251421031
"A. Zorgane (23, Charleroi, Belgian Pro League 22-23)",81.28013793868506
"L. Romero (29, León, Liga MX 22-23)",80.76383464288833
"R. de Paul (29, Atlético Madrid, La Liga 22-23)",80.17339897901199
"L. Romero (29, León, Liga MX 22-23)",79.78368571105317
"S. Mkrtchyan (21, Urartu, Armenian Premier League 22-23)",79.28681454782672
"Á. Madrid (28, Everton, Chilean Primera División 2023)",79.15626760928318
"L. Romero (29, León, Liga MX 22-23)",78.84893485275487
"L. Romero (29, León, Liga MX 22-23)",78.10371088961429
"N. Kouter (29, Celje, 1. SNL 22-23)",78.06876742029439
"L. Romero (29, León, Liga MX 22-23)",78.06645182128943
"In-Beom Hwang (26, Olympiacos Piraeus, Greek Super League 22-23)",78.00279476951498
"L. Romero (29, León, Liga MX 22-23)",77.75691034952715
"L. Romero (29, León, Liga MX 22-23)",77.07423992822979
"L. Romero (29, León, Liga MX 22-23)",76.36629281794225
"D. Houska (29, Jablonec, Czech Fortuna Liga 22-23)",76.04305848590475
"L. Romero (29, León, Liga MX 22-23)",75.90785786767175
"L. Romero (29, León, Liga MX 22-23)",75.67299782874395
"Hak-Yeong Shin (29, Gangneung City, K3 League 2023)",75.49018124155228
"L. Romero (29, León, Liga MX 22-23)",75.47071538457358
