Player 1,Similarity
"L. Stellwagen (24, Verl, 3. Liga 22-23)",86.02430321459363
"L. Stellwagen (24, Verl, 3. Liga 22-23)",85.86257202046727
"L. Stellwagen (24, Verl, 3. Liga 22-23)",85.73344569687214
"L. Stellwagen (24, Verl, 3. Liga 22-23)",84.85473727420889
"L. Stellwagen (24, Verl, 3. Liga 22-23)",84.16561199330653
"L. Stellwagen (24, Verl, 3. Liga 22-23)",83.34652997950296
"L. Stellwagen (24, Verl, 3. Liga 22-23)",83.23784711717282
"L. Stellwagen (24, Verl, 3. Liga 22-23)",82.86621435425143
"L. Stellwagen (24, Verl, 3. Liga 22-23)",82.78917448523549
"L. Stellwagen (24, Verl, 3. Liga 22-23)",82.78117983562126
"L. Stellwagen (24, Verl, 3. Liga 22-23)",82.47083504057208
"L. Stellwagen (24, Verl, 3. Liga 22-23)",82.0836365975385
"L. Stellwagen (24, Verl, 3. Liga 22-23)",82.01540836310618
"L. Stellwagen (24, Verl, 3. Liga 22-23)",81.64397984236739
"L. Stellwagen (24, Verl, 3. Liga 22-23)",81.06758281823515
"L. Stellwagen (24, Verl, 3. Liga 22-23)",80.88864732472767
"L. Stellwagen (24, Verl, 3. Liga 22-23)",80.85323330960415
"L. Stellwagen (24, Verl, 3. Liga 22-23)",80.62538700850578
"L. Stellwagen (24, Verl, 3. Liga 22-23)",80.51765907424586
"L. Stellwagen (24, Verl, 3. Liga 22-23)",80.34308977091447
"L. Stellwagen (24, Verl, 3. Liga 22-23)",80.28228239914745
"L. Stellwagen (24, Verl, 3. Liga 22-23)",80.26627410994142
"L. Stellwagen (24, Verl, 3. Liga 22-23)",79.68498199535988
"L. Stellwagen (24, Verl, 3. Liga 22-23)",79.5350914286435
"L. Stellwagen (24, Verl, 3. Liga 22-23)",78.88878647067045
