Player 1,Similarity
"L. Takae (24, Machida Zelvia, J2 2023)",83.460947000439
"L. Takae (24, Machida Zelvia, J2 2023)",82.03461277330314
"T. Morton (20, Blackburn Rovers, Championship 22-23)",81.42149604861285
"L. Takae (24, Machida Zelvia, J2 2023)",81.14819966258563
"L. Takae (24, Machida Zelvia, J2 2023)",80.93532308469167
"L. Takae (24, Machida Zelvia, J2 2023)",80.53764305233534
"L. Takae (24, Machida Zelvia, J2 2023)",80.37217939614118
"M. Barrantes (39, Cartaginés, Costa Rica Primera División 22-23)",80.245380462121
"L. Takae (24, Machida Zelvia, J2 2023)",79.94076596919778
"L. Takae (24, Machida Zelvia, J2 2023)",79.48337797690664
"M. Matějovský (41, Mladá Boleslav, Czech Fortuna Liga 22-23)",79.2428710587323
"L. Takae (24, Machida Zelvia, J2 2023)",78.91886538058975
"L. Takae (24, Machida Zelvia, J2 2023)",78.59328780123424
"L. Takae (24, Machida Zelvia, J2 2023)",78.42257933989168
"L. Takae (24, Machida Zelvia, J2 2023)",78.07539917210738
"V. Dragomir (24, Pafos, Cyprus 1. Division 22-23)",78.07266527515525
"L. Takae (24, Machida Zelvia, J2 2023)",77.93695928468536
"L. Takae (24, Machida Zelvia, J2 2023)",77.93611337056431
"L. Takae (24, Machida Zelvia, J2 2023)",77.85117246741066
"L. Takae (24, Machida Zelvia, J2 2023)",77.55143682966632
"L. Takae (24, Machida Zelvia, J2 2023)",76.98771349077566
"L. Takae (24, Machida Zelvia, J2 2023)",76.90968640875214
"L. Takae (24, Machida Zelvia, J2 2023)",76.75359375956225
"L. Takae (24, Machida Zelvia, J2 2023)",76.72556373680544
"S. Ezatolahi (26, Vejle, Danish 1. Division 22-23)",76.63109418146283
