Player 1,Similarity
"L. Zličić (26, Mura, 1. SNL 22-23)",79.80993206972731
"L. Zličić (26, Mura, 1. SNL 22-23)",79.1301260709559
"L. Zličić (26, Mura, 1. SNL 22-23)",78.56801336302341
"L. Zličić (26, Mura, 1. SNL 22-23)",78.49026180764423
"L. Zličić (26, Mura, 1. SNL 22-23)",78.29301364458252
"L. Zličić (26, Mura, 1. SNL 22-23)",77.5187450813631
"L. Zličić (26, Mura, 1. SNL 22-23)",77.13976782451067
"L. Zličić (26, Mura, 1. SNL 22-23)",77.00268714990695
"L. Zličić (26, Mura, 1. SNL 22-23)",76.48041304439727
"L. Zličić (26, Mura, 1. SNL 22-23)",76.26626441932441
"L. Zličić (26, Mura, 1. SNL 22-23)",75.33715787560435
"L. Zličić (26, Mura, 1. SNL 22-23)",75.12463854092776
"L. Zličić (26, Mura, 1. SNL 22-23)",75.09964721354959
"L. Zličić (26, Mura, 1. SNL 22-23)",74.97017609552726
"L. Zličić (26, Mura, 1. SNL 22-23)",74.85940801514397
"L. Zličić (26, Mura, 1. SNL 22-23)",74.58579178371036
"L. Zličić (26, Mura, 1. SNL 22-23)",74.2022403165713
"L. Zličić (26, Mura, 1. SNL 22-23)",73.73827017266375
"L. Zličić (26, Mura, 1. SNL 22-23)",73.61106707978657
"L. Zličić (26, Mura, 1. SNL 22-23)",73.52325712072091
"L. Zličić (26, Mura, 1. SNL 22-23)",73.25500299345696
"L. Zličić (26, Mura, 1. SNL 22-23)",73.19639568151887
"L. Zličić (26, Mura, 1. SNL 22-23)",72.9575156620217
"L. Zličić (26, Mura, 1. SNL 22-23)",72.88753977125123
"L. Zličić (26, Mura, 1. SNL 22-23)",72.68375354045065
