Player 1,Similarity
"Luis Muñoz (26, Málaga, La Liga 2 22-23)",68.94101885591625
"Luis Muñoz (26, Málaga, La Liga 2 22-23)",68.81522161910199
"F. Abdullahi (20, Doxa, Cyprus 1. Division 22-23)",65.6999178112091
"Luis Muñoz (26, Málaga, La Liga 2 22-23)",65.66657774048795
"Luis Muñoz (26, Málaga, La Liga 2 22-23)",65.65598584071023
"Nené (27, Jagiellonia Białystok, Ekstraklasa 22-23)",65.54310776887434
"A. Oda (19, Rapid Wien II, Austrian 2. Liga 22-23)",65.48070035363509
"Luis Muñoz (26, Málaga, La Liga 2 22-23)",65.28934532047865
"R. Hovsepyan (31, Van, Armenian Premier League 22-23)",64.28586881864742
"Luis Muñoz (26, Málaga, La Liga 2 22-23)",63.69545659047871
"Luis Muñoz (26, Málaga, La Liga 2 22-23)",62.59624760396349
"Luis Muñoz (26, Málaga, La Liga 2 22-23)",62.50680570644287
"Luis Muñoz (26, Málaga, La Liga 2 22-23)",62.37585658286498
"Luis Muñoz (26, Málaga, La Liga 2 22-23)",62.124986423859255
"R. Syuhada (18, PSIS Semarang, BRI Liga 1 22-23)",61.45203173566826
"Luis Muñoz (26, Málaga, La Liga 2 22-23)",61.09035465506306
"Luis Muñoz (26, Málaga, La Liga 2 22-23)",60.956097088578765
"Luis Muñoz (26, Málaga, La Liga 2 22-23)",60.85255928290783
"Luis Muñoz (26, Málaga, La Liga 2 22-23)",60.66498071715718
"Luis Muñoz (26, Málaga, La Liga 2 22-23)",59.79360199849855
"Luis Muñoz (26, Málaga, La Liga 2 22-23)",59.74153701909082
"Luis Muñoz (26, Málaga, La Liga 2 22-23)",58.78327511913665
"R. Kambuaya (26, Persib, BRI Liga 1 22-23)",58.57652354457215
"L. Krasniqi (22, Floridsdorfer AC, Austrian 2. Liga 22-23)",58.51311788258244
"Luis Muñoz (26, Málaga, La Liga 2 22-23)",58.474352652884434
