Player 1,Similarity
"M. Arfan (25, PSM, BRI Liga 1 22-23)",82.55931735753408
"M. Arfan (25, PSM, BRI Liga 1 22-23)",81.16296478720142
"M. Arfan (25, PSM, BRI Liga 1 22-23)",78.81813019482703
"M. Arfan (25, PSM, BRI Liga 1 22-23)",78.04792345995835
"A. Ahmetaj (23, Gorica, 1. SNL 22-23)",77.91665461145931
"M. Arfan (25, PSM, BRI Liga 1 22-23)",77.89463250761975
"M. Arfan (25, PSM, BRI Liga 1 22-23)",77.84908777620817
"M. Arfan (25, PSM, BRI Liga 1 22-23)",77.7828520849939
"M. Arfan (25, PSM, BRI Liga 1 22-23)",77.64437569971622
"M. Arfan (25, PSM, BRI Liga 1 22-23)",76.46696653749594
"E. Leopold (22, Hannover 96, 2. Bundesliga 22-23)",76.33657079055699
"M. Arfan (25, PSM, BRI Liga 1 22-23)",75.89179929823406
"M. Arfan (25, PSM, BRI Liga 1 22-23)",75.19655357658249
"M. Arfan (25, PSM, BRI Liga 1 22-23)",74.98520954485579
"T. Kempe (33, Darmstadt 98, 2. Bundesliga 22-23)",74.79952533476282
"M. Arfan (25, PSM, BRI Liga 1 22-23)",74.58240030852326
"M. Arfan (25, PSM, BRI Liga 1 22-23)",74.41333345790484
"M. Arfan (25, PSM, BRI Liga 1 22-23)",74.3839602130992
"M. Arfan (25, PSM, BRI Liga 1 22-23)",74.31565765944363
"M. Arfan (25, PSM, BRI Liga 1 22-23)",74.19909416766745
"M. Rasner (28, Admira, Austrian 2. Liga 22-23)",74.08714839565303
"M. Arfan (25, PSM, BRI Liga 1 22-23)",74.0639644212951
"M. Arfan (25, PSM, BRI Liga 1 22-23)",73.71244091148917
"M. Arfan (25, PSM, BRI Liga 1 22-23)",73.65378736848795
"M. Arfan (25, PSM, BRI Liga 1 22-23)",73.5171903451315
