Player 1,Similarity
"M. Bader (25, Darmstadt 98, 2. Bundesliga 22-23)",87.54784523320632
"M. Bader (25, Darmstadt 98, 2. Bundesliga 22-23)",87.20501642135939
"M. Bader (25, Darmstadt 98, 2. Bundesliga 22-23)",85.73420913246756
"M. Bader (25, Darmstadt 98, 2. Bundesliga 22-23)",85.4277497373883
"M. Bader (25, Darmstadt 98, 2. Bundesliga 22-23)",84.84127524574558
"M. Bader (25, Darmstadt 98, 2. Bundesliga 22-23)",84.81489387646532
"M. Bader (25, Darmstadt 98, 2. Bundesliga 22-23)",84.77197011493631
"M. Bader (25, Darmstadt 98, 2. Bundesliga 22-23)",84.33227807438898
"M. Bader (25, Darmstadt 98, 2. Bundesliga 22-23)",84.2120869070955
"M. Bader (25, Darmstadt 98, 2. Bundesliga 22-23)",84.18574761389344
"M. Bader (25, Darmstadt 98, 2. Bundesliga 22-23)",84.09745220095965
"M. Bader (25, Darmstadt 98, 2. Bundesliga 22-23)",83.85992862011754
"M. Bader (25, Darmstadt 98, 2. Bundesliga 22-23)",83.73153670521745
"M. Bader (25, Darmstadt 98, 2. Bundesliga 22-23)",83.66983779975622
"M. Bader (25, Darmstadt 98, 2. Bundesliga 22-23)",83.63618410845439
"M. Bader (25, Darmstadt 98, 2. Bundesliga 22-23)",83.63157794320043
"M. Bader (25, Darmstadt 98, 2. Bundesliga 22-23)",83.29051722146255
"M. Bader (25, Darmstadt 98, 2. Bundesliga 22-23)",83.10774299682289
"M. Bader (25, Darmstadt 98, 2. Bundesliga 22-23)",83.00495049669964
"J. UrbanÄiÄ (22, Gorica, 1. SNL 22-23)",82.51466665072535
"M. Bader (25, Darmstadt 98, 2. Bundesliga 22-23)",82.42356414945237
"M. Bader (25, Darmstadt 98, 2. Bundesliga 22-23)",82.23462612332494
"M. Bader (25, Darmstadt 98, 2. Bundesliga 22-23)",82.16732142330883
"M. Bader (25, Darmstadt 98, 2. Bundesliga 22-23)",82.08802658086687
"M. Bader (25, Darmstadt 98, 2. Bundesliga 22-23)",82.08577357244981
