Player 1,Similarity
"M. Busi (23, Reims, Ligue 1 22-23)",82.27922495686394
"F. Nevarez (22, Juárez, Liga MX 22-23)",80.91176133503446
"Thierry Correia (24, Valencia, La Liga 22-23)",80.5849180860436
"M. Busi (23, Reims, Ligue 1 22-23)",80.4485126009332
"M. Busi (23, Reims, Ligue 1 22-23)",79.50417831101684
"C. Meneses (33, Sporting San José, Costa Rica Primera División 22-23)",79.49363108406124
"M. Busi (23, Reims, Ligue 1 22-23)",79.08118995929432
"M. Busi (23, Reims, Ligue 1 22-23)",78.70494420407951
"G. Mensah (24, Auxerre, Ligue 1 22-23)",78.22741893178957
"M. Busi (23, Reims, Ligue 1 22-23)",77.80840486593729
"Rubén Peña (31, Osasuna, La Liga 22-23)",77.73643144025692
"M. Busi (23, Reims, Ligue 1 22-23)",77.73217819753368
"M. Busi (23, Reims, Ligue 1 22-23)",77.60608840002115
"M. Busi (23, Reims, Ligue 1 22-23)",77.24666625882801
"David Simón (34, Lamia, Greek Super League 22-23)",76.9527419164661
"M. Busi (23, Reims, Ligue 1 22-23)",76.52172685446564
"M. Busi (23, Reims, Ligue 1 22-23)",76.47131251133902
"M. Busi (23, Reims, Ligue 1 22-23)",75.87968228307102
"Y. López (24, Alajuelense, Costa Rica Primera División 22-23)",75.32595387127803
"M. Busi (23, Reims, Ligue 1 22-23)",75.25790967436862
"M. Busi (23, Reims, Ligue 1 22-23)",75.2466659342838
"M. Busi (23, Reims, Ligue 1 22-23)",75.23548218344442
"M. Busi (23, Reims, Ligue 1 22-23)",75.08682563890895
"A. Lyaskov (25, CSKA 1948 Sofia, Bulgarian First League 22-23)",74.43855528160827
"M. Busi (23, Reims, Ligue 1 22-23)",74.38128480312798
