Player 1,Similarity
"M. Bulat (21, Dinamo Zagreb, 1. HNL 22-23)",83.01901697223055
"M. Bulat (21, Dinamo Zagreb, 1. HNL 22-23)",82.1449252764436
"M. Bulat (21, Dinamo Zagreb, 1. HNL 22-23)",79.87482227736021
"M. Bulat (21, Dinamo Zagreb, 1. HNL 22-23)",78.95770874544299
"M. Bulat (21, Dinamo Zagreb, 1. HNL 22-23)",78.72559253971151
"M. Bulat (21, Dinamo Zagreb, 1. HNL 22-23)",78.45729696401578
"M. Bulat (21, Dinamo Zagreb, 1. HNL 22-23)",77.12133265745307
"M. Bulat (21, Dinamo Zagreb, 1. HNL 22-23)",76.87918482004116
"M. Bulat (21, Dinamo Zagreb, 1. HNL 22-23)",75.56295589017279
"M. Bulat (21, Dinamo Zagreb, 1. HNL 22-23)",75.41483852362651
"M. Bulat (21, Dinamo Zagreb, 1. HNL 22-23)",74.9663025993236
"M. Bulat (21, Dinamo Zagreb, 1. HNL 22-23)",74.85289125523622
"M. Bulat (21, Dinamo Zagreb, 1. HNL 22-23)",73.83580831485722
"M. Bulat (21, Dinamo Zagreb, 1. HNL 22-23)",72.56492508858744
"M. Bulat (21, Dinamo Zagreb, 1. HNL 22-23)",72.38807012782995
"M. Bulat (21, Dinamo Zagreb, 1. HNL 22-23)",72.38223004109967
"M. Bulat (21, Dinamo Zagreb, 1. HNL 22-23)",71.70365214090701
"M. Bulat (21, Dinamo Zagreb, 1. HNL 22-23)",71.67161522566089
"M. Bulat (21, Dinamo Zagreb, 1. HNL 22-23)",71.5745533467265
"M. Bulat (21, Dinamo Zagreb, 1. HNL 22-23)",71.32855778936337
"M. Bulat (21, Dinamo Zagreb, 1. HNL 22-23)",71.28587211107985
"M. Bulat (21, Dinamo Zagreb, 1. HNL 22-23)",71.02107183679462
"M. Bulat (21, Dinamo Zagreb, 1. HNL 22-23)",70.99264597571016
"M. Bulat (21, Dinamo Zagreb, 1. HNL 22-23)",70.92031846192477
"M. Bulat (21, Dinamo Zagreb, 1. HNL 22-23)",70.58864519862965
