Player 1,Similarity
"M. Ballmert (29, Meppen, 3. Liga 22-23)",89.43237604904859
"M. Ballmert (29, Meppen, 3. Liga 22-23)",87.78140170309315
"M. Ballmert (29, Meppen, 3. Liga 22-23)",85.56802794686442
"M. Ballmert (29, Meppen, 3. Liga 22-23)",85.5396245881973
"M. Ballmert (29, Meppen, 3. Liga 22-23)",85.51674824730469
"M. Ballmert (29, Meppen, 3. Liga 22-23)",85.30257778715821
"M. Ballmert (29, Meppen, 3. Liga 22-23)",85.30010299140972
"M. Ballmert (29, Meppen, 3. Liga 22-23)",85.27035217125642
"M. Ballmert (29, Meppen, 3. Liga 22-23)",85.22857753273229
"M. Ballmert (29, Meppen, 3. Liga 22-23)",85.20087846355479
"M. Ballmert (29, Meppen, 3. Liga 22-23)",85.15833717404297
"M. Ballmert (29, Meppen, 3. Liga 22-23)",84.52700735155749
"M. Ballmert (29, Meppen, 3. Liga 22-23)",84.49618143191935
"M. Ballmert (29, Meppen, 3. Liga 22-23)",84.37962069082647
"M. Ballmert (29, Meppen, 3. Liga 22-23)",84.37663182237817
"M. Ballmert (29, Meppen, 3. Liga 22-23)",84.25445589324949
"M. Ballmert (29, Meppen, 3. Liga 22-23)",84.16655363425488
"M. Ballmert (29, Meppen, 3. Liga 22-23)",83.90490881964841
"M. Ballmert (29, Meppen, 3. Liga 22-23)",83.56425792932822
"M. Ballmert (29, Meppen, 3. Liga 22-23)",83.52515050531721
"M. Ballmert (29, Meppen, 3. Liga 22-23)",83.48205349029438
"M. Ballmert (29, Meppen, 3. Liga 22-23)",83.28287993151338
"M. Ballmert (29, Meppen, 3. Liga 22-23)",83.1427176822063
"M. Ballmert (29, Meppen, 3. Liga 22-23)",83.07952646487387
"M. Ballmert (29, Meppen, 3. Liga 22-23)",82.93389250123063
