Player 1,Similarity
"M. Corboz (28, Verl, 3. Liga 22-23)",76.22917132540603
"M. Corboz (28, Verl, 3. Liga 22-23)",76.21773396717735
"M. Corboz (28, Verl, 3. Liga 22-23)",74.7691542395176
"M. Corboz (28, Verl, 3. Liga 22-23)",74.3157127756682
"M. Corboz (28, Verl, 3. Liga 22-23)",73.63916123720622
"M. Corboz (28, Verl, 3. Liga 22-23)",72.98924212193135
"M. Corboz (28, Verl, 3. Liga 22-23)",72.76021960757924
"M. Corboz (28, Verl, 3. Liga 22-23)",72.21193319090659
"M. Corboz (28, Verl, 3. Liga 22-23)",72.0954404784732
"M. Corboz (28, Verl, 3. Liga 22-23)",70.20871110314256
"M. Corboz (28, Verl, 3. Liga 22-23)",69.2932386216348
"M. Corboz (28, Verl, 3. Liga 22-23)",69.21581222871306
"M. Corboz (28, Verl, 3. Liga 22-23)",69.12840408194936
"M. Corboz (28, Verl, 3. Liga 22-23)",68.93343239337949
"M. Corboz (28, Verl, 3. Liga 22-23)",68.75494427144994
"M. Corboz (28, Verl, 3. Liga 22-23)",68.26043818735349
"M. Corboz (28, Verl, 3. Liga 22-23)",67.97756582031312
"M. Corboz (28, Verl, 3. Liga 22-23)",67.9130795076381
"M. Corboz (28, Verl, 3. Liga 22-23)",67.58788305215636
"M. Corboz (28, Verl, 3. Liga 22-23)",67.24559430080444
"M. Corboz (28, Verl, 3. Liga 22-23)",67.12170905373152
"M. Corboz (28, Verl, 3. Liga 22-23)",66.36902750980201
"M. Corboz (28, Verl, 3. Liga 22-23)",66.22265524405827
"M. Corboz (28, Verl, 3. Liga 22-23)",65.54130328715596
"M. Corboz (28, Verl, 3. Liga 22-23)",65.42595284471207
