Player 1,Similarity
"M. Drajad (26, Persikabo 1973, BRI Liga 1 22-23)",87.25095538412577
"M. Drajad (26, Persikabo 1973, BRI Liga 1 22-23)",83.3935015795864
"M. Drajad (26, Persikabo 1973, BRI Liga 1 22-23)",83.37533828331475
"M. Drajad (26, Persikabo 1973, BRI Liga 1 22-23)",82.69494545655941
"M. Drajad (26, Persikabo 1973, BRI Liga 1 22-23)",82.550710148299
"M. Drajad (26, Persikabo 1973, BRI Liga 1 22-23)",82.4902338585757
"M. Drajad (26, Persikabo 1973, BRI Liga 1 22-23)",82.16143812628457
"M. Drajad (26, Persikabo 1973, BRI Liga 1 22-23)",82.14531982338076
"M. Drajad (26, Persikabo 1973, BRI Liga 1 22-23)",82.05128319254366
"C. Nkunku (25, RB Leipzig, Bundesliga 22-23)",81.91923926170558
"Álvaro Vázquez (31, Goa, Indian Super League 22-23)",81.77433123913427
"M. Drajad (26, Persikabo 1973, BRI Liga 1 22-23)",81.76384671279403
"S. Yansane (20, Al Ahli, Qatari Stars League 22-23)",81.73243590105989
"M. Drajad (26, Persikabo 1973, BRI Liga 1 22-23)",81.46782805171
"M. Drajad (26, Persikabo 1973, BRI Liga 1 22-23)",81.31632100315747
"M. Drajad (26, Persikabo 1973, BRI Liga 1 22-23)",81.28175846679056
"G. Oliver (27, Falkirk, Scottish League One 22-23)",80.59063160408625
"M. Drajad (26, Persikabo 1973, BRI Liga 1 22-23)",80.57567737575087
"M. Drajad (26, Persikabo 1973, BRI Liga 1 22-23)",80.24812706910636
"W. Morelo (35, Santa Fe, Colombian Primera Division 22-23)",80.0998151140835
"M. Drajad (26, Persikabo 1973, BRI Liga 1 22-23)",80.05115380805321
"Alex (29, Bhayangkara F.C., BRI Liga 1 22-23)",80.03733069703732
"M. Drajad (26, Persikabo 1973, BRI Liga 1 22-23)",79.87387676585787
"M. Drajad (26, Persikabo 1973, BRI Liga 1 22-23)",79.82216903630474
"M. Drajad (26, Persikabo 1973, BRI Liga 1 22-23)",79.72958657770715
