Player 1,Similarity
"M. Duke (32, Machida Zelvia, J2 2023)",88.12975447346449
"M. Duke (32, Machida Zelvia, J2 2023)",86.37231386151694
"M. Duke (32, Machida Zelvia, J2 2023)",85.74237289998449
"M. Duke (32, Machida Zelvia, J2 2023)",85.54387753187743
"M. Duke (32, Machida Zelvia, J2 2023)",85.28230627040273
"M. Duke (32, Machida Zelvia, J2 2023)",84.89124632921147
"M. Duke (32, Machida Zelvia, J2 2023)",84.46917269167619
"M. Duke (32, Machida Zelvia, J2 2023)",84.34226206087729
"Raúl Asencio (24, Cittadella, Serie B 22-23)",84.1333168366306
"Y. Ōsako (33, Vissel Kobe, J1 2023)",83.9969636031975
"M. Duke (32, Machida Zelvia, J2 2023)",83.99082899703187
"M. Duke (32, Machida Zelvia, J2 2023)",83.44915624559178
"M. Duke (32, Machida Zelvia, J2 2023)",83.16707857372369
"M. Duke (32, Machida Zelvia, J2 2023)",83.03089163269782
"M. Duke (32, Machida Zelvia, J2 2023)",82.93481490150643
"R. Mierez (26, Osijek, 1. HNL 22-23)",82.65852846356812
"M. Duke (32, Machida Zelvia, J2 2023)",82.65456704882969
"M. Duke (32, Machida Zelvia, J2 2023)",82.25306653191524
"M. Duke (32, Machida Zelvia, J2 2023)",82.03354494048098
"M. Duke (32, Machida Zelvia, J2 2023)",81.54053939294835
"M. Duke (32, Machida Zelvia, J2 2023)",81.44559520773537
"M. Duke (32, Machida Zelvia, J2 2023)",81.40479126713561
"M. Duke (32, Machida Zelvia, J2 2023)",81.23807658095967
"M. Duke (32, Machida Zelvia, J2 2023)",81.2348317866709
"M. Duke (32, Machida Zelvia, J2 2023)",81.07741077836388
