Player 1,Similarity
"M. El Hacen (25, Lugo, La Liga 2 22-23)",79.56768550754359
"M. El Hacen (25, Lugo, La Liga 2 22-23)",75.39052945171635
"M. El Hacen (25, Lugo, La Liga 2 22-23)",75.29573300312764
"L. Jäger (29, Rheindorf Altach, Austrian Bundesliga 22-23)",74.29120498065606
"N. Vossebelt (31, Roda JC, Eerste Divisie 22-23)",73.94828508378302
"M. Thoiba (20, Odisha, Indian Super League 22-23)",72.49972567230782
"David Timor (33, Huesca, La Liga 2 22-23)",72.24812527309025
"M. El Hacen (25, Lugo, La Liga 2 22-23)",71.20272547934773
"M. El Hacen (25, Lugo, La Liga 2 22-23)",70.68950186474385
"M. El Hacen (25, Lugo, La Liga 2 22-23)",69.80214379564248
"M. El Hacen (25, Lugo, La Liga 2 22-23)",69.79199152610715
"M. El Hacen (25, Lugo, La Liga 2 22-23)",69.50625003582469
"M. El Hacen (25, Lugo, La Liga 2 22-23)",69.37238618832713
"M. El Hacen (25, Lugo, La Liga 2 22-23)",69.36840908880264
"M. El Hacen (25, Lugo, La Liga 2 22-23)",69.2928932389507
"M. El Hacen (25, Lugo, La Liga 2 22-23)",69.28212754225396
"M. El Hacen (25, Lugo, La Liga 2 22-23)",69.26534734174041
"M. El Hacen (25, Lugo, La Liga 2 22-23)",69.25670476460549
"H. Odoffin (25, Rotherham United, Championship 22-23)",69.08986810837612
"M. El Hacen (25, Lugo, La Liga 2 22-23)",69.01804859556246
"M. El Hacen (25, Lugo, La Liga 2 22-23)",68.18690861570158
"M. El Hacen (25, Lugo, La Liga 2 22-23)",68.03589952730405
"M. El Hacen (25, Lugo, La Liga 2 22-23)",67.81446208803715
"M. El Hacen (25, Lugo, La Liga 2 22-23)",67.67045075626983
"M. Marina (33, Slaven Belupo, 1. HNL 22-23)",67.52409146264787
