Player 1,Similarity
"M. Fossati (30, Hajduk Split, 1. HNL 22-23)",89.32680975155513
"M. Fossati (30, Hajduk Split, 1. HNL 22-23)",88.2858075320287
"M. Fossati (30, Hajduk Split, 1. HNL 22-23)",88.21977743134624
"M. Fossati (30, Hajduk Split, 1. HNL 22-23)",87.1017370246125
"M. Fossati (30, Hajduk Split, 1. HNL 22-23)",86.4297278494204
"M. Fossati (30, Hajduk Split, 1. HNL 22-23)",86.24117937838787
"M. Fossati (30, Hajduk Split, 1. HNL 22-23)",86.01029989369975
"M. Fossati (30, Hajduk Split, 1. HNL 22-23)",85.8490132465233
"M. Fossati (30, Hajduk Split, 1. HNL 22-23)",84.94650024602466
"M. Fossati (30, Hajduk Split, 1. HNL 22-23)",84.79179595472611
"M. Fossati (30, Hajduk Split, 1. HNL 22-23)",84.60325389937373
"M. Fossati (30, Hajduk Split, 1. HNL 22-23)",84.36876726434501
"M. Fossati (30, Hajduk Split, 1. HNL 22-23)",84.08458186544827
"M. Fossati (30, Hajduk Split, 1. HNL 22-23)",83.99483380017396
"M. Fossati (30, Hajduk Split, 1. HNL 22-23)",83.05576471288549
"M. Fossati (30, Hajduk Split, 1. HNL 22-23)",82.93767350159581
"M. Fossati (30, Hajduk Split, 1. HNL 22-23)",82.87129393393602
"M. Fossati (30, Hajduk Split, 1. HNL 22-23)",82.43273879274543
"M. Fossati (30, Hajduk Split, 1. HNL 22-23)",82.3025275188521
"M. Fossati (30, Hajduk Split, 1. HNL 22-23)",81.68375009246705
"M. Fossati (30, Hajduk Split, 1. HNL 22-23)",81.61666228507563
"M. Fossati (30, Hajduk Split, 1. HNL 22-23)",81.61192686948891
"M. Fossati (30, Hajduk Split, 1. HNL 22-23)",81.11519609299467
"M. Fossati (30, Hajduk Split, 1. HNL 22-23)",80.97062817738845
"M. Fossati (30, Hajduk Split, 1. HNL 22-23)",80.90639171222217
