Player 1,Similarity
"M. Frey (27, MSV Duisburg, 3. Liga 22-23)",79.49314521654729
"M. Frey (27, MSV Duisburg, 3. Liga 22-23)",73.79667694225365
"M. Frey (27, MSV Duisburg, 3. Liga 22-23)",73.71908270684868
"M. Frey (27, MSV Duisburg, 3. Liga 22-23)",73.48172769532492
"M. Frey (27, MSV Duisburg, 3. Liga 22-23)",73.15699335537394
"M. Frey (27, MSV Duisburg, 3. Liga 22-23)",73.0121837537458
"M. Frey (27, MSV Duisburg, 3. Liga 22-23)",72.47189155943809
"M. Frey (27, MSV Duisburg, 3. Liga 22-23)",72.28094222686079
"M. Frey (27, MSV Duisburg, 3. Liga 22-23)",71.09249054569744
"M. Frey (27, MSV Duisburg, 3. Liga 22-23)",70.86788481616796
"M. Frey (27, MSV Duisburg, 3. Liga 22-23)",69.37408934386559
"M. Frey (27, MSV Duisburg, 3. Liga 22-23)",68.87051249764784
"M. Frey (27, MSV Duisburg, 3. Liga 22-23)",68.8107595580711
"M. Frey (27, MSV Duisburg, 3. Liga 22-23)",68.7265863868156
"N. Simon (23, AŠK Bravo, 1. SNL 22-23)",68.47502132164142
"M. Frey (27, MSV Duisburg, 3. Liga 22-23)",68.24707642015524
"M. Frey (27, MSV Duisburg, 3. Liga 22-23)",68.11682635797874
"M. Frey (27, MSV Duisburg, 3. Liga 22-23)",68.09329393640888
"M. Frey (27, MSV Duisburg, 3. Liga 22-23)",67.57932855964172
"M. Frey (27, MSV Duisburg, 3. Liga 22-23)",67.41760457060681
"M. Frey (27, MSV Duisburg, 3. Liga 22-23)",67.37322723224507
"M. Frey (27, MSV Duisburg, 3. Liga 22-23)",67.046291803739
"M. Frey (27, MSV Duisburg, 3. Liga 22-23)",66.85785971134682
"M. Frey (27, MSV Duisburg, 3. Liga 22-23)",66.80538687503264
"M. Frey (27, MSV Duisburg, 3. Liga 22-23)",66.74933630693506
