Player 1,Similarity
"M. Frey (28, Schalke 04, Bundesliga 22-23)",90.13970567185522
"R. Mierez (26, Osijek, 1. HNL 22-23)",89.68030042973483
"M. Frey (28, Schalke 04, Bundesliga 22-23)",89.53709270937895
"M. Frey (28, Schalke 04, Bundesliga 22-23)",89.3775277030601
"M. Frey (28, Schalke 04, Bundesliga 22-23)",89.2747254439452
"M. Frey (28, Schalke 04, Bundesliga 22-23)",88.81575079986551
"M. Frey (28, Schalke 04, Bundesliga 22-23)",88.75653785953124
"M. Frey (28, Schalke 04, Bundesliga 22-23)",88.37598259979649
"M. Frey (28, Schalke 04, Bundesliga 22-23)",88.353870620178
"M. Frey (28, Schalke 04, Bundesliga 22-23)",87.92271370570138
"F. Nicastro (31, Pontedera, Serie C 22-23)",87.30445060803983
"Jony González (23, Osasuna B, Primera División RFEF 22-23)",86.86564702874409
"M. Frey (28, Schalke 04, Bundesliga 22-23)",86.85518738265407
"M. Frey (28, Schalke 04, Bundesliga 22-23)",86.67401459203344
"M. Frey (28, Schalke 04, Bundesliga 22-23)",86.46172983149395
"M. Frey (28, Schalke 04, Bundesliga 22-23)",86.41198551379823
"M. Frey (28, Schalke 04, Bundesliga 22-23)",86.32172695374615
"M. Frey (28, Schalke 04, Bundesliga 22-23)",86.21986687571976
"A. Grimaldi (32, Saarbrücken, 3. Liga 22-23)",86.1135503173292
"M. Frey (28, Schalke 04, Bundesliga 22-23)",85.94419567229427
"M. Frey (28, Schalke 04, Bundesliga 22-23)",85.93422389784664
"M. Frey (28, Schalke 04, Bundesliga 22-23)",85.83920068625862
"M. Frey (28, Schalke 04, Bundesliga 22-23)",85.57440758261963
"R. McAllister (35, Montrose, Scottish League One 22-23)",85.52624822351186
"M. Frey (28, Schalke 04, Bundesliga 22-23)",85.41502652573715
