Player 1,Similarity
"M. Götz (26, Bayreuth, 3. Liga 22-23)",80.76455527530648
"M. Götz (26, Bayreuth, 3. Liga 22-23)",78.2490958871109
"M. Götz (26, Bayreuth, 3. Liga 22-23)",77.9126936421804
"M. Götz (26, Bayreuth, 3. Liga 22-23)",77.57474759929212
"M. Götz (26, Bayreuth, 3. Liga 22-23)",77.00734107073495
"M. Götz (26, Bayreuth, 3. Liga 22-23)",76.17405299250613
"M. Götz (26, Bayreuth, 3. Liga 22-23)",75.99458665564941
"M. Götz (26, Bayreuth, 3. Liga 22-23)",75.08840670973753
"M. Götz (26, Bayreuth, 3. Liga 22-23)",75.07040532233019
"M. Götz (26, Bayreuth, 3. Liga 22-23)",74.67616088705145
"M. Götz (26, Bayreuth, 3. Liga 22-23)",74.60174648613197
"M. Götz (26, Bayreuth, 3. Liga 22-23)",74.55869296826172
"M. Götz (26, Bayreuth, 3. Liga 22-23)",74.4182491164241
"M. Götz (26, Bayreuth, 3. Liga 22-23)",74.22488787557175
"M. Götz (26, Bayreuth, 3. Liga 22-23)",74.18799015368532
"M. Götz (26, Bayreuth, 3. Liga 22-23)",74.0337471585642
"M. Götz (26, Bayreuth, 3. Liga 22-23)",74.00450742832368
"M. Götz (26, Bayreuth, 3. Liga 22-23)",73.95372699058058
"M. Götz (26, Bayreuth, 3. Liga 22-23)",73.92745431278442
"M. Götz (26, Bayreuth, 3. Liga 22-23)",73.8026481831823
"M. Götz (26, Bayreuth, 3. Liga 22-23)",73.44527501598385
"M. Götz (26, Bayreuth, 3. Liga 22-23)",73.37807420393189
"M. Götz (26, Bayreuth, 3. Liga 22-23)",73.36047206994033
"M. Götz (26, Bayreuth, 3. Liga 22-23)",72.62849736789619
"M. Götz (26, Bayreuth, 3. Liga 22-23)",72.38417306167688
