Player 1,Similarity
"M. Gaus (33, Saarbrücken, 3. Liga 22-23)",90.159018897681
"M. Gaus (33, Saarbrücken, 3. Liga 22-23)",88.29124920131102
"M. Gaus (33, Saarbrücken, 3. Liga 22-23)",87.2247829154735
"M. Gaus (33, Saarbrücken, 3. Liga 22-23)",86.95116359410098
"M. Gaus (33, Saarbrücken, 3. Liga 22-23)",86.64108573696193
"M. Gaus (33, Saarbrücken, 3. Liga 22-23)",86.35705185887538
"M. Gaus (33, Saarbrücken, 3. Liga 22-23)",86.27566093278952
"M. Gaus (33, Saarbrücken, 3. Liga 22-23)",85.82600935320686
"M. Gaus (33, Saarbrücken, 3. Liga 22-23)",85.67043423373356
"M. Gaus (33, Saarbrücken, 3. Liga 22-23)",85.54646368025266
"B. Cipetić (28, Lokomotiva Zagreb, 1. HNL 22-23)",85.23673615762415
"M. Gaus (33, Saarbrücken, 3. Liga 22-23)",85.1327646666036
"M. Gaus (33, Saarbrücken, 3. Liga 22-23)",84.98184706916734
"M. Gaus (33, Saarbrücken, 3. Liga 22-23)",84.95547205331415
"M. Gaus (33, Saarbrücken, 3. Liga 22-23)",84.66900544237444
"M. Gaus (33, Saarbrücken, 3. Liga 22-23)",84.51105698584605
"A. Beganović (23, Mura, 1. SNL 22-23)",84.47187672807193
"E. Valentini (34, Nürnberg, 2. Bundesliga 22-23)",84.39852889185576
"M. Gaus (33, Saarbrücken, 3. Liga 22-23)",84.2972239403187
"M. Gaus (33, Saarbrücken, 3. Liga 22-23)",84.15527277900055
"M. Gaus (33, Saarbrücken, 3. Liga 22-23)",83.86597871008001
"D. Mikanović (29, Hajduk Split, 1. HNL 22-23)",83.7771053644342
"M. Gaus (33, Saarbrücken, 3. Liga 22-23)",83.53547431905731
"M. Gaus (33, Saarbrücken, 3. Liga 22-23)",83.1393969163882
"M. Gaus (33, Saarbrücken, 3. Liga 22-23)",83.09390000993714
