Player 1,Similarity
"L. Cohen (30, Khon Kaen United, Thai League 1 22-23)",85.69199281367048
"M. Guida (24, Turris, Serie C 22-23)",81.54015834707063
"A. Cioffi (20, Pontedera, Serie C 22-23)",81.14355195868231
"Zito Luvumbo (21, Cagliari, Serie B 22-23)",80.33470964802213
"G. Kyeremeh (22, Caen, Ligue 2 22-23)",79.66853967241278
"M. Spina (23, Gubbio, Serie C 22-23)",79.31251373401157
"M. Guida (24, Turris, Serie C 22-23)",78.92613333197708
"M. Guida (24, Turris, Serie C 22-23)",78.53583029893917
"M. Guida (24, Turris, Serie C 22-23)",77.62916104230705
"K. McKechnie (22, Queen of the South, Scottish League One 22-23)",77.11353181968936
"M. Guida (24, Turris, Serie C 22-23)",76.9987201978471
"M. Guida (24, Turris, Serie C 22-23)",76.90756095886752
"M. Wada (26, Grulla Morioka, J3 2023)",76.90361438288355
"D. Ragatzu (31, Olbia, Serie C 22-23)",76.84531248578413
"M. Guida (24, Turris, Serie C 22-23)",76.60765374523623
"M. Guida (24, Turris, Serie C 22-23)",76.59929758934933
"M. Guida (24, Turris, Serie C 22-23)",76.4564358390062
"T. Campbell (23, Stoke City, Championship 22-23)",76.35567292110743
"M. Guida (24, Turris, Serie C 22-23)",76.16229061788248
"M. Guida (24, Turris, Serie C 22-23)",76.10540518179387
"M. Guida (24, Turris, Serie C 22-23)",76.09966161590181
"T. Mayer (27, Amstetten, Austrian 2. Liga 22-23)",75.6990751966416
"M. Guida (24, Turris, Serie C 22-23)",75.67795249620872
"M. Guida (24, Turris, Serie C 22-23)",75.15243238148557
"M. Guida (24, Turris, Serie C 22-23)",75.1431208516153
