Player 1,Similarity
"Rafa Lopes (31, AEK Larnaca , Cyprus 1. Division 22-23)",85.71290994481839
"S. Banza (26, Sporting Braga, Primeira Liga 22-23)",84.25764756207418
"R. Rivas (26, Orense, Ecuador Liga Pro 2023)",82.88539195934257
"M. George (29, Pau, Ligue 2 22-23)",82.4487934791763
"M. George (29, Pau, Ligue 2 22-23)",82.3934801801796
"M. George (29, Pau, Ligue 2 22-23)",82.35198245588944
"M. George (29, Pau, Ligue 2 22-23)",81.97426805167856
"C. El Bahri (30, RSB Berkane, Botola Pro 22-23)",81.72710951693888
"M. George (29, Pau, Ligue 2 22-23)",81.39386218243891
"M. George (29, Pau, Ligue 2 22-23)",81.31636263350522
"M. George (29, Pau, Ligue 2 22-23)",81.27281080450977
"M. George (29, Pau, Ligue 2 22-23)",80.84463142712282
"M. George (29, Pau, Ligue 2 22-23)",80.69262324393225
"M. George (29, Pau, Ligue 2 22-23)",80.32297194913968
"M. George (29, Pau, Ligue 2 22-23)",80.25715439493705
"M. George (29, Pau, Ligue 2 22-23)",79.89090857495007
"M. George (29, Pau, Ligue 2 22-23)",79.88282392051723
"J. Tagueu (29, Al Hazem, Saudi First Division 22-23)",79.67246052833683
"M. George (29, Pau, Ligue 2 22-23)",79.56695072601974
"M. George (29, Pau, Ligue 2 22-23)",79.4316878823161
"M. George (29, Pau, Ligue 2 22-23)",79.40054827484813
"M. George (29, Pau, Ligue 2 22-23)",79.33370384124969
"M. George (29, Pau, Ligue 2 22-23)",79.17662674205819
"I. Sissoko (27, Sochaux, Ligue 2 22-23)",78.98234770970076
"M. George (29, Pau, Ligue 2 22-23)",78.73487531986186
