Player 1,Similarity
"M. Heinrich (25, Bayreuth, 3. Liga 22-23)",87.20262317883292
"M. Heinrich (25, Bayreuth, 3. Liga 22-23)",84.47106473400868
"M. Heinrich (25, Bayreuth, 3. Liga 22-23)",84.34215406310815
"M. Heinrich (25, Bayreuth, 3. Liga 22-23)",83.53473099357129
"M. Heinrich (25, Bayreuth, 3. Liga 22-23)",83.15163811287883
"M. Heinrich (25, Bayreuth, 3. Liga 22-23)",82.812660016584
"M. Heinrich (25, Bayreuth, 3. Liga 22-23)",82.1204680174164
"M. Heinrich (25, Bayreuth, 3. Liga 22-23)",81.97096481211008
"M. Heinrich (25, Bayreuth, 3. Liga 22-23)",81.34043833129707
"M. Heinrich (25, Bayreuth, 3. Liga 22-23)",81.21758709526728
"M. Heinrich (25, Bayreuth, 3. Liga 22-23)",81.15243940243944
"M. Heinrich (25, Bayreuth, 3. Liga 22-23)",80.92162957106832
"M. Heinrich (25, Bayreuth, 3. Liga 22-23)",80.90416072040651
"M. Heinrich (25, Bayreuth, 3. Liga 22-23)",80.80967843506971
"M. Heinrich (25, Bayreuth, 3. Liga 22-23)",80.68297142664142
"M. Heinrich (25, Bayreuth, 3. Liga 22-23)",80.67684197467105
"M. Heinrich (25, Bayreuth, 3. Liga 22-23)",80.52754595771329
"M. Heinrich (25, Bayreuth, 3. Liga 22-23)",80.43443151161249
"M. Heinrich (25, Bayreuth, 3. Liga 22-23)",80.3598967085353
"M. Heinrich (25, Bayreuth, 3. Liga 22-23)",80.28992837022373
"M. Heinrich (25, Bayreuth, 3. Liga 22-23)",80.13507424030882
"A. Rossipal (26, Waldhof Mannheim, 3. Liga 22-23)",80.03296569062374
"M. Heinrich (25, Bayreuth, 3. Liga 22-23)",79.78213336028523
"M. Heinrich (25, Bayreuth, 3. Liga 22-23)",79.76238135347822
"M. Heinrich (25, Bayreuth, 3. Liga 22-23)",79.75991262118876
