Player 1,Similarity
"M. Ilenič (18, Domžale, 1. SNL 22-23)",85.12103984511504
"M. Ilenič (18, Domžale, 1. SNL 22-23)",83.706248895639
"M. Ilenič (18, Domžale, 1. SNL 22-23)",81.76044234630633
"M. Ilenič (18, Domžale, 1. SNL 22-23)",80.6233930566139
"M. Ilenič (18, Domžale, 1. SNL 22-23)",76.71558642068024
"M. Ilenič (18, Domžale, 1. SNL 22-23)",76.5676042464956
"M. Ilenič (18, Domžale, 1. SNL 22-23)",76.29386304671858
"M. Ilenič (18, Domžale, 1. SNL 22-23)",75.84485846724522
"M. Ilenič (18, Domžale, 1. SNL 22-23)",75.57410910428479
"M. Ilenič (18, Domžale, 1. SNL 22-23)",75.34469532430256
"M. Ilenič (18, Domžale, 1. SNL 22-23)",74.71387581548582
"M. Ilenič (18, Domžale, 1. SNL 22-23)",74.61958331007355
"M. Ilenič (18, Domžale, 1. SNL 22-23)",74.45632936710615
"M. Ilenič (18, Domžale, 1. SNL 22-23)",74.27340832501817
"M. Ilenič (18, Domžale, 1. SNL 22-23)",74.27141863221874
"M. Ilenič (18, Domžale, 1. SNL 22-23)",74.22702952650533
"M. Ilenič (18, Domžale, 1. SNL 22-23)",74.17398027915962
"M. Ilenič (18, Domžale, 1. SNL 22-23)",74.04035221901549
"M. Ilenič (18, Domžale, 1. SNL 22-23)",73.86450426741855
"M. Ilenič (18, Domžale, 1. SNL 22-23)",73.41207752427965
"M. Ilenič (18, Domžale, 1. SNL 22-23)",73.31399261626129
"M. Ilenič (18, Domžale, 1. SNL 22-23)",73.29350325171579
"M. Ilenič (18, Domžale, 1. SNL 22-23)",73.11285605974082
"M. Ilenič (18, Domžale, 1. SNL 22-23)",72.99587997920807
"M. Ilenič (18, Domžale, 1. SNL 22-23)",72.75038472232832
