Player 1,Similarity
"M. Jukić (26, Gorica, 1. SNL 22-23)",78.02163661608996
"M. Jukić (26, Gorica, 1. SNL 22-23)",77.46180474325237
"M. Jukić (26, Gorica, 1. SNL 22-23)",76.15743359571383
"M. Jukić (26, Gorica, 1. SNL 22-23)",75.54317585633021
"M. Jukić (26, Gorica, 1. SNL 22-23)",75.03906309550375
"M. Jukić (26, Gorica, 1. SNL 22-23)",74.00530889193729
"M. Jukić (26, Gorica, 1. SNL 22-23)",71.0378570716644
"N. Janković (21, Rijeka, 1. HNL 22-23)",69.98176317307761
"M. Jukić (26, Gorica, 1. SNL 22-23)",69.91091417630479
"M. Jukić (26, Gorica, 1. SNL 22-23)",69.6377170692447
"M. Jukić (26, Gorica, 1. SNL 22-23)",69.41426192939569
"M. Jukić (26, Gorica, 1. SNL 22-23)",69.33024993423756
"M. Jukić (26, Gorica, 1. SNL 22-23)",68.37617296851722
"M. Jukić (26, Gorica, 1. SNL 22-23)",67.91106548187106
"M. Caktaš (31, Osijek, 1. HNL 22-23)",67.85075237765365
"M. Jukić (26, Gorica, 1. SNL 22-23)",67.75714810076995
"M. Jukić (26, Gorica, 1. SNL 22-23)",66.85223467595085
"M. Jukić (26, Gorica, 1. SNL 22-23)",65.40009727066791
"M. Jukić (26, Gorica, 1. SNL 22-23)",65.3560028871749
"M. Jukić (26, Gorica, 1. SNL 22-23)",65.14092832076773
"M. Jukić (26, Gorica, 1. SNL 22-23)",64.71814123874292
"M. Jukić (26, Gorica, 1. SNL 22-23)",64.63410089305616
