Player 1,Similarity
"M. Jurčevič (27, Osijek, 1. HNL 22-23)",87.51644892188978
"M. Jurčevič (27, Osijek, 1. HNL 22-23)",85.40043656318059
"M. Jurčevič (27, Osijek, 1. HNL 22-23)",84.93500575933858
"M. Jurčevič (27, Osijek, 1. HNL 22-23)",84.17205911100265
"M. Jurčevič (27, Osijek, 1. HNL 22-23)",83.65743017833074
"M. Jurčevič (27, Osijek, 1. HNL 22-23)",81.99132647986576
"M. Jurčevič (27, Osijek, 1. HNL 22-23)",81.83843254823428
"M. Jurčevič (27, Osijek, 1. HNL 22-23)",81.75975193054016
"M. Jurčevič (27, Osijek, 1. HNL 22-23)",81.70636358330165
"M. Jurčevič (27, Osijek, 1. HNL 22-23)",81.56767742646812
"M. Jurčevič (27, Osijek, 1. HNL 22-23)",81.39386304864502
"M. Jurčevič (27, Osijek, 1. HNL 22-23)",81.07697747888874
"M. Jurčevič (27, Osijek, 1. HNL 22-23)",80.48482994572545
"M. Jurčevič (27, Osijek, 1. HNL 22-23)",80.15663581140659
"M. Jurčevič (27, Osijek, 1. HNL 22-23)",80.0910641238162
"M. Jurčevič (27, Osijek, 1. HNL 22-23)",80.05231509402095
"M. Jurčevič (27, Osijek, 1. HNL 22-23)",80.00171147457823
"M. Jurčevič (27, Osijek, 1. HNL 22-23)",79.53157913214993
"M. Jurčevič (27, Osijek, 1. HNL 22-23)",79.43696094466549
"M. Jurčevič (27, Osijek, 1. HNL 22-23)",79.40982753066548
"M. Jurčevič (27, Osijek, 1. HNL 22-23)",79.38534289680346
"M. Jurčevič (27, Osijek, 1. HNL 22-23)",79.24173420053961
"M. Jurčevič (27, Osijek, 1. HNL 22-23)",79.21450041351493
"M. Jurčevič (27, Osijek, 1. HNL 22-23)",79.15322737162586
"M. Jurčevič (27, Osijek, 1. HNL 22-23)",79.11723890590218
