Player 1,Similarity
"M. Jardel (22, Persita, BRI Liga 1 22-23)",83.15523460538697
"M. Jardel (22, Persita, BRI Liga 1 22-23)",77.18539525015129
"M. Jardel (22, Persita, BRI Liga 1 22-23)",75.65382815449047
"M. Jardel (22, Persita, BRI Liga 1 22-23)",75.49757740778011
"M. Jardel (22, Persita, BRI Liga 1 22-23)",75.37929438207671
"M. Jardel (22, Persita, BRI Liga 1 22-23)",75.12323686201901
"M. Jardel (22, Persita, BRI Liga 1 22-23)",74.9806468264391
"A. Anass (26, Maghreb Fès, Botola Pro 22-23)",74.73026399085268
"L. Deinhofer (29, Amstetten, Austrian 2. Liga 22-23)",74.69130447847398
"M. Jardel (22, Persita, BRI Liga 1 22-23)",74.06802426787587
"M. Jardel (22, Persita, BRI Liga 1 22-23)",72.9125123225692
"M. Jardel (22, Persita, BRI Liga 1 22-23)",72.32779162658044
"M. Jardel (22, Persita, BRI Liga 1 22-23)",72.1078358873038
"M. Jardel (22, Persita, BRI Liga 1 22-23)",71.80565420820544
"M. Jardel (22, Persita, BRI Liga 1 22-23)",71.31381354844645
"M. Jardel (22, Persita, BRI Liga 1 22-23)",71.01826156113589
"M. Jardel (22, Persita, BRI Liga 1 22-23)",70.9137771911822
"M. Jardel (22, Persita, BRI Liga 1 22-23)",70.58191994972329
"M. Jardel (22, Persita, BRI Liga 1 22-23)",70.52915440058712
"E. Kodra (23, Kastrioti Krujë, Albanian Premier League 22-23)",70.18528822865352
"F. Ferreyra (26, Tuzla City, Bosnian Premier League 22-23)",70.0772265305265
"O. Jerrari (28, Maghreb Fès, Botola Pro 22-23)",70.06281790324006
"M. Jardel (22, Persita, BRI Liga 1 22-23)",70.03494749465085
"M. Jardel (22, Persita, BRI Liga 1 22-23)",70.01097858317456
"M. Jardel (22, Persita, BRI Liga 1 22-23)",69.66661831148551
