Player 1,Similarity
"M. Kean (23, Juventus, Serie A 22-23)",88.73660016497824
"Yazan Al Naimat (23, Al Ahli, Qatari Stars League 22-23)",86.1117112626662
"M. Kean (23, Juventus, Serie A 22-23)",85.86821310101296
"M. Kean (23, Juventus, Serie A 22-23)",85.16361018158955
"V. Vanat (21, Dynamo Kyiv, Ukrainian Premier Liha 22-23)",85.1331401243734
"M. Kean (23, Juventus, Serie A 22-23)",84.9976705316307
"J. King (31, Fenerbahçe, Süper Lig 22-23)",82.70961013788323
"M. Kean (23, Juventus, Serie A 22-23)",82.51553848898565
"Y. Mena (31, César Vallejo, Peruvian Liga 1 2023)",82.48383745682487
"M. Kean (23, Juventus, Serie A 22-23)",82.32794563988726
"M. Kean (23, Juventus, Serie A 22-23)",82.05114726706965
"M. Kean (23, Juventus, Serie A 22-23)",81.7662435980932
"M. Kean (23, Juventus, Serie A 22-23)",81.5092547163273
"R. Watanabe (26, Fujieda MYFC, J2 2023)",81.40521110315491
"M. Kean (23, Juventus, Serie A 22-23)",81.21909146579254
"M. Kean (23, Juventus, Serie A 22-23)",81.08081333429371
"M. Kean (23, Juventus, Serie A 22-23)",80.5705520033847
"M. Kean (23, Juventus, Serie A 22-23)",80.37749219255747
"M. Kean (23, Juventus, Serie A 22-23)",80.23489992848091
"M. Kean (23, Juventus, Serie A 22-23)",80.03155643823484
"Cristiano Ronaldo (38, Al Nassr, Saudi Professional League 22-23)",79.86455780649723
"M. Kean (23, Juventus, Serie A 22-23)",79.3473068658143
"M. Kean (23, Juventus, Serie A 22-23)",79.24595170047321
"M. Kean (23, Juventus, Serie A 22-23)",79.24202292013118
"M. Kean (23, Juventus, Serie A 22-23)",79.23310238326174
