Player 1,Similarity
"M. Kojima (26, Omiya Ardija, J2 2023)",82.79703268446912
"R. Sugeng (24, Persikabo 1973, BRI Liga 1 22-23)",82.25560199623149
"M. Kojima (26, Omiya Ardija, J2 2023)",81.61553676163543
"R. Amalfitano (33, Western Sydney Wanderers, A-League Men 22-23)",81.00706407881805
"M. Kojima (26, Omiya Ardija, J2 2023)",77.69932433960388
"Metinho (20, Lommel SK, Belgian First Division B 22-23)",77.1761153401352
"M. Kojima (26, Omiya Ardija, J2 2023)",76.71188684730511
"M. Ashimeru (25, Anderlecht, Belgian Pro League 22-23)",76.12025125452574
"M. Kojima (26, Omiya Ardija, J2 2023)",75.14490603147203
"M. Kojima (26, Omiya Ardija, J2 2023)",74.41469223892707
"C. De Norre (26, OH Leuven, Belgian Pro League 22-23)",73.57130206256278
"M. Kojima (26, Omiya Ardija, J2 2023)",73.4050005005968
"M. Kojima (26, Omiya Ardija, J2 2023)",72.71539149372984
"M. Kojima (26, Omiya Ardija, J2 2023)",72.63838926242198
"S. Hernández (36, Atlético Huila, Colombian Primera Division 22-23)",72.585028874837
"M. Kojima (26, Omiya Ardija, J2 2023)",72.53272435463742
"M. Kojima (26, Omiya Ardija, J2 2023)",72.3237811811963
"Jajá (28, Madura United, BRI Liga 1 22-23)",72.31713623319652
"M. Kojima (26, Omiya Ardija, J2 2023)",71.8099345500619
"M. Kojima (26, Omiya Ardija, J2 2023)",71.56463657913103
"M. Kojima (26, Omiya Ardija, J2 2023)",71.13170997066285
"M. Kojima (26, Omiya Ardija, J2 2023)",70.9119977811269
"M. Kojima (26, Omiya Ardija, J2 2023)",70.71492480820031
"M. Kojima (26, Omiya Ardija, J2 2023)",70.60446408628584
"M. Kojima (26, Omiya Ardija, J2 2023)",70.4599556505176
