Player 1,Similarity
"M. Kerkez (19, AZ, Eredivisie 22-23)",89.49556679710216
"M. Kerkez (19, AZ, Eredivisie 22-23)",88.53572920498182
"S. Moharrami (27, Dinamo Zagreb, 1. HNL 22-23)",87.14870732519312
"M. Kerkez (19, AZ, Eredivisie 22-23)",87.02048423959626
"M. Kerkez (19, AZ, Eredivisie 22-23)",86.01025445505547
"M. Kerkez (19, AZ, Eredivisie 22-23)",85.81125987631656
"M. Kerkez (19, AZ, Eredivisie 22-23)",85.54876560504022
"A. Khammas (23, Apollon, Cyprus 1. Division 22-23)",84.82843376623605
"E. Bouzaiene (25, Degerfors, Allsvenskan 2023)",84.50356498654858
"M. Kerkez (19, AZ, Eredivisie 22-23)",84.42385562167519
"M. Kerkez (19, AZ, Eredivisie 22-23)",84.30100310296746
"M. Kerkez (19, AZ, Eredivisie 22-23)",84.16568734574442
"M. Kerkez (19, AZ, Eredivisie 22-23)",84.00450898217632
"M. Kerkez (19, AZ, Eredivisie 22-23)",83.9619809941113
"M. Kerkez (19, AZ, Eredivisie 22-23)",83.88180418943979
"M. Kerkez (19, AZ, Eredivisie 22-23)",83.87932117227724
"M. Kerkez (19, AZ, Eredivisie 22-23)",83.46297584382634
"K. Lund (21, Häcken, Allsvenskan 2023)",83.45662783441081
"M. Kerkez (19, AZ, Eredivisie 22-23)",83.16999776016067
"M. Kerkez (19, AZ, Eredivisie 22-23)",83.15851435982289
"M. Kerkez (19, AZ, Eredivisie 22-23)",82.95951496105968
"M. Kerkez (19, AZ, Eredivisie 22-23)",82.78396299792375
"B. Meijer (20, Club Brugge, Belgian Pro League 22-23)",82.77876830009747
"M. Kerkez (19, AZ, Eredivisie 22-23)",82.50410315886405
"M. Braida (26, San Lorenzo, Argentinian Primera División 2023)",82.44426956472168
