Player 1,Similarity
"M. Kobylański (29, 1860 München, 3. Liga 22-23)",87.50018471331217
"A. Arslan (29, Dynamo Dresden, 3. Liga 22-23)",86.12169368859121
"M. Kobylański (29, 1860 München, 3. Liga 22-23)",84.72095330340301
"M. Kobylański (29, 1860 München, 3. Liga 22-23)",84.36242448851387
"M. Kobylański (29, 1860 München, 3. Liga 22-23)",82.877062770341
"M. Kobylański (29, 1860 München, 3. Liga 22-23)",82.80340585541754
"M. Kobylański (29, 1860 München, 3. Liga 22-23)",82.50643186277476
"M. Kobylański (29, 1860 München, 3. Liga 22-23)",82.2185612858767
"M. Kobylański (29, 1860 München, 3. Liga 22-23)",82.1446695409727
"M. Kobylański (29, 1860 München, 3. Liga 22-23)",81.82629349913387
"M. Kobylański (29, 1860 München, 3. Liga 22-23)",81.52608481761864
"M. Kobylański (29, 1860 München, 3. Liga 22-23)",81.21352418630661
"M. Kobylański (29, 1860 München, 3. Liga 22-23)",81.11260594761161
"M. Kobylański (29, 1860 München, 3. Liga 22-23)",81.02023594835052
"M. Kobylański (29, 1860 München, 3. Liga 22-23)",80.93062202937973
"M. Kobylański (29, 1860 München, 3. Liga 22-23)",80.70986979638974
"R. Neudecker (26, Saarbrücken, 3. Liga 22-23)",80.66961575449129
"M. Kobylański (29, 1860 München, 3. Liga 22-23)",80.49471383311072
"M. Kobylański (29, 1860 München, 3. Liga 22-23)",80.39006228990387
"M. Kobylański (29, 1860 München, 3. Liga 22-23)",80.29007729517828
"M. Kobylański (29, 1860 München, 3. Liga 22-23)",80.25162276635807
"M. Kobylański (29, 1860 München, 3. Liga 22-23)",80.11622268415455
"M. Kobylański (29, 1860 München, 3. Liga 22-23)",79.84408338439471
"M. Kobylański (29, 1860 München, 3. Liga 22-23)",79.78383842722985
"L. Bénes (25, Hamburger SV, 2. Bundesliga 22-23)",79.73900338968895
