Player 1,Similarity
"M. Kolarić (27, Varaždin, 1. HNL 22-23)",82.17185177517587
"M. Kolarić (27, Varaždin, 1. HNL 22-23)",80.90539282012278
"M. Kolarić (27, Varaždin, 1. HNL 22-23)",79.38618147861327
"M. Kolarić (27, Varaždin, 1. HNL 22-23)",76.81394026303995
"M. Kolarić (27, Varaždin, 1. HNL 22-23)",76.61679567509584
"M. Kolarić (27, Varaždin, 1. HNL 22-23)",76.5762250432894
"M. Kolarić (27, Varaždin, 1. HNL 22-23)",76.24498280403088
"M. Kolarić (27, Varaždin, 1. HNL 22-23)",75.26890967490057
"M. Kolarić (27, Varaždin, 1. HNL 22-23)",75.14703923706108
"M. Kolarić (27, Varaždin, 1. HNL 22-23)",74.058757202832
"M. Kolarić (27, Varaždin, 1. HNL 22-23)",73.88086549667277
"M. Kolarić (27, Varaždin, 1. HNL 22-23)",73.74943152737208
"M. Kolarić (27, Varaždin, 1. HNL 22-23)",73.72385232428525
"M. Kolarić (27, Varaždin, 1. HNL 22-23)",73.19416021195468
"M. Kolarić (27, Varaždin, 1. HNL 22-23)",72.64067131980936
"M. Kolarić (27, Varaždin, 1. HNL 22-23)",72.54210226069388
"M. Kolarić (27, Varaždin, 1. HNL 22-23)",72.53321851672754
"M. Kolarić (27, Varaždin, 1. HNL 22-23)",72.12055751824018
"M. Kolarić (27, Varaždin, 1. HNL 22-23)",72.0395029606829
"M. Kolarić (27, Varaždin, 1. HNL 22-23)",71.97894569181791
"M. Kolarić (27, Varaždin, 1. HNL 22-23)",71.59944313725214
"M. Kolarić (27, Varaždin, 1. HNL 22-23)",71.48388713885599
"M. Kolarić (27, Varaždin, 1. HNL 22-23)",71.34627338657923
"M. Kolarić (27, Varaždin, 1. HNL 22-23)",71.31867221368131
"M. Kolarić (27, Varaždin, 1. HNL 22-23)",71.30428261174795
