Player 1,Similarity
"M. Karamatic (21, Olimpija, 1. SNL 22-23)",79.15677788821725
"M. Karamatic (21, Olimpija, 1. SNL 22-23)",76.20913938259008
"M. Karamatic (21, Olimpija, 1. SNL 22-23)",73.77170584315199
"M. Karamatic (21, Olimpija, 1. SNL 22-23)",72.60361010626177
"M. Karamatic (21, Olimpija, 1. SNL 22-23)",71.85921289024284
"M. Karamatic (21, Olimpija, 1. SNL 22-23)",71.42098501742649
"M. Karamatic (21, Olimpija, 1. SNL 22-23)",70.82653476355169
"M. Karamatic (21, Olimpija, 1. SNL 22-23)",70.0554751819588
"M. Karamatic (21, Olimpija, 1. SNL 22-23)",69.99235930295472
"M. Karamatic (21, Olimpija, 1. SNL 22-23)",69.93683344482076
"M. Karamatic (21, Olimpija, 1. SNL 22-23)",69.43310289977948
"M. Karamatic (21, Olimpija, 1. SNL 22-23)",69.24107123287023
"M. Karamatic (21, Olimpija, 1. SNL 22-23)",69.1530793442128
"M. Karamatic (21, Olimpija, 1. SNL 22-23)",68.57367105845718
"M. Karamatic (21, Olimpija, 1. SNL 22-23)",68.28481509034788
"M. Karamatic (21, Olimpija, 1. SNL 22-23)",68.25876567887657
"M. Karamatic (21, Olimpija, 1. SNL 22-23)",67.75396581385816
"M. Karamatic (21, Olimpija, 1. SNL 22-23)",67.5711405701883
"M. Karamatic (21, Olimpija, 1. SNL 22-23)",66.55651399776755
"M. Karamatic (21, Olimpija, 1. SNL 22-23)",66.43375096209945
"M. Karamatic (21, Olimpija, 1. SNL 22-23)",66.35224361437594
"M. Karamatic (21, Olimpija, 1. SNL 22-23)",66.26399721716129
"M. Karamatic (21, Olimpija, 1. SNL 22-23)",66.24469178422463
"M. Karamatic (21, Olimpija, 1. SNL 22-23)",66.202500104128
"M. Karamatic (21, Olimpija, 1. SNL 22-23)",66.18251307439617
