Player 1,Similarity
"M. Klok (29, Persib, BRI Liga 1 22-23)",91.723836024681
"M. Klok (29, Persib, BRI Liga 1 22-23)",90.71309153602432
"M. Klok (29, Persib, BRI Liga 1 22-23)",90.53006243559268
"M. Klok (29, Persib, BRI Liga 1 22-23)",90.15473543018663
"M. Klok (29, Persib, BRI Liga 1 22-23)",89.98855342856314
"M. Klok (29, Persib, BRI Liga 1 22-23)",89.77944098124195
"M. Klok (29, Persib, BRI Liga 1 22-23)",89.49683444672652
"M. Klok (29, Persib, BRI Liga 1 22-23)",89.08568985099619
"M. Klok (29, Persib, BRI Liga 1 22-23)",88.96787051789882
"M. Klok (29, Persib, BRI Liga 1 22-23)",88.57253205134705
"M. Klok (29, Persib, BRI Liga 1 22-23)",88.54048485289859
"M. Klok (29, Persib, BRI Liga 1 22-23)",88.48106727228836
"M. Klok (29, Persib, BRI Liga 1 22-23)",88.31623211173952
"M. Klok (29, Persib, BRI Liga 1 22-23)",88.23914316486758
"M. Klok (29, Persib, BRI Liga 1 22-23)",88.14750976520183
"M. Klok (29, Persib, BRI Liga 1 22-23)",88.01184705768293
"M. Klok (29, Persib, BRI Liga 1 22-23)",87.96441053808516
"M. Klok (29, Persib, BRI Liga 1 22-23)",87.87610320530162
"M. Klok (29, Persib, BRI Liga 1 22-23)",87.27208574290476
"M. Klok (29, Persib, BRI Liga 1 22-23)",87.1655865277924
"M. Klok (29, Persib, BRI Liga 1 22-23)",87.16502996645617
"M. Klok (29, Persib, BRI Liga 1 22-23)",86.84878735700411
"M. Klok (29, Persib, BRI Liga 1 22-23)",86.84628462524137
"M. Klok (29, Persib, BRI Liga 1 22-23)",86.71358042819868
"I. Tapia (24, Barracas Central, Argentinian Primera División 2023)",86.66616477501864
