Player 1,Similarity
"M. Kavčič (25, AŠK Bravo, 1. SNL 22-23)",86.89282786416726
"M. Kavčič (25, AŠK Bravo, 1. SNL 22-23)",86.62956550481869
"M. Kavčič (25, AŠK Bravo, 1. SNL 22-23)",85.29785623965242
"M. Kavčič (25, AŠK Bravo, 1. SNL 22-23)",83.40732719288567
"M. Kavčič (25, AŠK Bravo, 1. SNL 22-23)",82.85329796299166
"M. Kavčič (25, AŠK Bravo, 1. SNL 22-23)",82.04204159666028
"M. Kavčič (25, AŠK Bravo, 1. SNL 22-23)",81.81309633433915
"M. Kavčič (25, AŠK Bravo, 1. SNL 22-23)",81.4138133754229
"M. Kavčič (25, AŠK Bravo, 1. SNL 22-23)",81.2537068152931
"M. Kavčič (25, AŠK Bravo, 1. SNL 22-23)",80.7527071235681
"M. Kavčič (25, AŠK Bravo, 1. SNL 22-23)",80.5915126599091
"M. Kavčič (25, AŠK Bravo, 1. SNL 22-23)",80.563130837008
"M. Kavčič (25, AŠK Bravo, 1. SNL 22-23)",80.25106454291368
"M. Kavčič (25, AŠK Bravo, 1. SNL 22-23)",79.91052749200924
"M. Kavčič (25, AŠK Bravo, 1. SNL 22-23)",79.35576448699948
"M. Kavčič (25, AŠK Bravo, 1. SNL 22-23)",79.21713714172094
"M. Kavčič (25, AŠK Bravo, 1. SNL 22-23)",79.18383655464434
"M. Kavčič (25, AŠK Bravo, 1. SNL 22-23)",79.08522878246963
"M. Kavčič (25, AŠK Bravo, 1. SNL 22-23)",79.02422731068657
"M. Kavčič (25, AŠK Bravo, 1. SNL 22-23)",79.01970010870986
"M. Kavčič (25, AŠK Bravo, 1. SNL 22-23)",78.89639735088643
"M. Kavčič (25, AŠK Bravo, 1. SNL 22-23)",78.81351391472728
"M. Kavčič (25, AŠK Bravo, 1. SNL 22-23)",78.77960569913408
"M. Kavčič (25, AŠK Bravo, 1. SNL 22-23)",78.74141786605686
"M. Kavčič (25, AŠK Bravo, 1. SNL 22-23)",78.6863065479982
