Player 1,Similarity
"M. Kvesić (31, Olimpija, 1. SNL 22-23)",94.20593079823418
"M. Kvesić (31, Olimpija, 1. SNL 22-23)",92.85937637926448
"M. Kvesić (31, Olimpija, 1. SNL 22-23)",92.59916772173528
"M. Kvesić (31, Olimpija, 1. SNL 22-23)",92.36275562400816
"M. Kvesić (31, Olimpija, 1. SNL 22-23)",91.34238159187204
"M. Kvesić (31, Olimpija, 1. SNL 22-23)",91.26039900979926
"M. Kvesić (31, Olimpija, 1. SNL 22-23)",90.57041903447194
"M. Kvesić (31, Olimpija, 1. SNL 22-23)",90.33785695106572
"M. Kvesić (31, Olimpija, 1. SNL 22-23)",90.28539438144637
"M. Kvesić (31, Olimpija, 1. SNL 22-23)",90.28054802676276
"M. Kvesić (31, Olimpija, 1. SNL 22-23)",89.92949093273566
"M. Kvesić (31, Olimpija, 1. SNL 22-23)",88.72347897790188
"M. Kvesić (31, Olimpija, 1. SNL 22-23)",88.33309665017121
"M. Kvesić (31, Olimpija, 1. SNL 22-23)",88.19877807190284
"M. Kvesić (31, Olimpija, 1. SNL 22-23)",88.07841213365964
"M. Kvesić (31, Olimpija, 1. SNL 22-23)",88.03429504784745
"M. Kvesić (31, Olimpija, 1. SNL 22-23)",87.97833419403685
"M. Kvesić (31, Olimpija, 1. SNL 22-23)",87.96829277411074
"M. Kvesić (31, Olimpija, 1. SNL 22-23)",87.95143810890073
"M. Kvesić (31, Olimpija, 1. SNL 22-23)",87.64268238123184
"M. Kvesić (31, Olimpija, 1. SNL 22-23)",87.61789305746885
"M. Kvesić (31, Olimpija, 1. SNL 22-23)",87.38472321223324
