Player 1,Similarity
"M. Laušić (21, Maribor, 1. SNL 22-23)",72.3310436054363
"M. Laušić (21, Maribor, 1. SNL 22-23)",70.98421441986484
"M. Laušić (21, Maribor, 1. SNL 22-23)",70.81614516999369
"M. Laušić (21, Maribor, 1. SNL 22-23)",70.35730829192983
"O. Correia (23, Koper, 1. SNL 22-23)",69.38948464601064
"M. Laušić (21, Maribor, 1. SNL 22-23)",69.04885830909477
"M. Laušić (21, Maribor, 1. SNL 22-23)",67.75816602965061
"M. Laušić (21, Maribor, 1. SNL 22-23)",66.02035815752289
"M. Laušić (21, Maribor, 1. SNL 22-23)",65.69819978722319
"M. Laušić (21, Maribor, 1. SNL 22-23)",65.37074172474696
"M. Laušić (21, Maribor, 1. SNL 22-23)",65.01250850787913
"M. Laušić (21, Maribor, 1. SNL 22-23)",64.90895414197368
"M. Laušić (21, Maribor, 1. SNL 22-23)",64.75369995235611
"M. Laušić (21, Maribor, 1. SNL 22-23)",64.17194020073194
"M. Laušić (21, Maribor, 1. SNL 22-23)",63.27434828209769
"M. Laušić (21, Maribor, 1. SNL 22-23)",63.04498824759435
"M. Laušić (21, Maribor, 1. SNL 22-23)",62.43416470032936
"M. Laušić (21, Maribor, 1. SNL 22-23)",62.41380238452733
"M. Laušić (21, Maribor, 1. SNL 22-23)",62.04705623914332
"M. Laušić (21, Maribor, 1. SNL 22-23)",62.001769230333245
"M. Laušić (21, Maribor, 1. SNL 22-23)",61.89255626150506
"M. Laušić (21, Maribor, 1. SNL 22-23)",61.885600348119496
"M. Laušić (21, Maribor, 1. SNL 22-23)",61.873603490986895
"M. Laušić (21, Maribor, 1. SNL 22-23)",61.68839484451437
"M. Laušić (21, Maribor, 1. SNL 22-23)",61.38565874895263
