Player 1,Similarity
"M. Lestusen (29, Persikabo 1973, BRI Liga 1 22-23)",82.92965562303101
"M. Lestusen (29, Persikabo 1973, BRI Liga 1 22-23)",80.64632425550084
"M. Lestusen (29, Persikabo 1973, BRI Liga 1 22-23)",76.73919116329459
"M. Lestusen (29, Persikabo 1973, BRI Liga 1 22-23)",75.70655313717506
"M. Lestusen (29, Persikabo 1973, BRI Liga 1 22-23)",75.05356586855032
"A. Aleksi (30, Tirana, Albanian Premier League 22-23)",74.24815549757103
"M. Fossati (30, Hajduk Split, 1. HNL 22-23)",74.08056336895238
"M. Lestusen (29, Persikabo 1973, BRI Liga 1 22-23)",73.82350963926706
"M. Lestusen (29, Persikabo 1973, BRI Liga 1 22-23)",73.65064403474865
"M. Lestusen (29, Persikabo 1973, BRI Liga 1 22-23)",73.63200127893477
"M. Lestusen (29, Persikabo 1973, BRI Liga 1 22-23)",73.2431791577608
"M. Lestusen (29, Persikabo 1973, BRI Liga 1 22-23)",73.0605501031596
"C. Massanga (23, Partizani Tirana, Albanian Premier League 22-23)",73.05164459077425
"M. Lestusen (29, Persikabo 1973, BRI Liga 1 22-23)",72.35672947399408
"M. Lestusen (29, Persikabo 1973, BRI Liga 1 22-23)",72.29674928907193
"J. Pišek (25, Domžale, 1. SNL 22-23)",72.11512628236994
"Y. Jabrane (31, Wydad Casablanca, Botola Pro 22-23)",71.72141248709559
"M. Lestusen (29, Persikabo 1973, BRI Liga 1 22-23)",70.42223795775624
"M. Lestusen (29, Persikabo 1973, BRI Liga 1 22-23)",70.38207114600918
"M. Lestusen (29, Persikabo 1973, BRI Liga 1 22-23)",70.21689168768302
"M. Lestusen (29, Persikabo 1973, BRI Liga 1 22-23)",69.98619000477302
"M. Lestusen (29, Persikabo 1973, BRI Liga 1 22-23)",69.9831968344171
"M. Lestusen (29, Persikabo 1973, BRI Liga 1 22-23)",69.885932615393
"M. Lestusen (29, Persikabo 1973, BRI Liga 1 22-23)",69.39811662318903
"M. Lestusen (29, Persikabo 1973, BRI Liga 1 22-23)",69.38093682855367
