Player 1,Similarity
"M. Marina (33, Slaven Belupo, 1. HNL 22-23)",84.03576886908152
"M. Marina (33, Slaven Belupo, 1. HNL 22-23)",83.03380081292259
"M. Marina (33, Slaven Belupo, 1. HNL 22-23)",81.75411229384605
"M. Marina (33, Slaven Belupo, 1. HNL 22-23)",80.81316280998732
"M. Marina (33, Slaven Belupo, 1. HNL 22-23)",80.77039832454825
"M. Marina (33, Slaven Belupo, 1. HNL 22-23)",80.4463051828148
"M. Marina (33, Slaven Belupo, 1. HNL 22-23)",80.16595279769652
"M. Marina (33, Slaven Belupo, 1. HNL 22-23)",79.49546028056027
"M. Marina (33, Slaven Belupo, 1. HNL 22-23)",79.13019097352738
"M. Marina (33, Slaven Belupo, 1. HNL 22-23)",79.04412648965554
"M. Marina (33, Slaven Belupo, 1. HNL 22-23)",78.89866876521478
"M. Marina (33, Slaven Belupo, 1. HNL 22-23)",78.79285916900939
"M. Marina (33, Slaven Belupo, 1. HNL 22-23)",78.45333182846773
"M. Marina (33, Slaven Belupo, 1. HNL 22-23)",77.78703739117559
"M. Marina (33, Slaven Belupo, 1. HNL 22-23)",77.08608558089377
"M. Marina (33, Slaven Belupo, 1. HNL 22-23)",77.03657076928975
"M. Marina (33, Slaven Belupo, 1. HNL 22-23)",76.51578784334458
"M. Marina (33, Slaven Belupo, 1. HNL 22-23)",76.42623554974676
"M. Marina (33, Slaven Belupo, 1. HNL 22-23)",76.42473632690042
"M. Marina (33, Slaven Belupo, 1. HNL 22-23)",76.14378364647148
"M. Marina (33, Slaven Belupo, 1. HNL 22-23)",75.95818783534118
"M. Marina (33, Slaven Belupo, 1. HNL 22-23)",75.83516149570029
"M. Marina (33, Slaven Belupo, 1. HNL 22-23)",75.73024484710939
"M. Marina (33, Slaven Belupo, 1. HNL 22-23)",75.69963603417123
"M. Marina (33, Slaven Belupo, 1. HNL 22-23)",75.34591969496162
