Player 1,Similarity
"M. Milec (31, Maribor, 1. SNL 22-23)",89.77217147970909
"R. Ljubičić (23, Dinamo Zagreb, 1. HNL 22-23)",87.64983358117831
"M. Milec (31, Maribor, 1. SNL 22-23)",87.40176788100604
"M. Milec (31, Maribor, 1. SNL 22-23)",86.7403360664628
"M. Milec (31, Maribor, 1. SNL 22-23)",86.04238678848651
"M. Milec (31, Maribor, 1. SNL 22-23)",84.62906843715868
"M. Milec (31, Maribor, 1. SNL 22-23)",84.46731616863227
"M. Milec (31, Maribor, 1. SNL 22-23)",84.29316257491298
"M. Milec (31, Maribor, 1. SNL 22-23)",83.27574482236597
"M. Milec (31, Maribor, 1. SNL 22-23)",83.26065600457024
"M. Milec (31, Maribor, 1. SNL 22-23)",81.7994473102775
"M. Milec (31, Maribor, 1. SNL 22-23)",81.4266956925683
"M. Milec (31, Maribor, 1. SNL 22-23)",81.36163739922209
"M. Milec (31, Maribor, 1. SNL 22-23)",81.16246116428835
"M. Milec (31, Maribor, 1. SNL 22-23)",80.81982273793373
"M. Milec (31, Maribor, 1. SNL 22-23)",80.78652963339384
"M. Milec (31, Maribor, 1. SNL 22-23)",80.50905278249067
"M. Milec (31, Maribor, 1. SNL 22-23)",80.50407209764614
"M. Milec (31, Maribor, 1. SNL 22-23)",80.08518710538499
"M. Milec (31, Maribor, 1. SNL 22-23)",80.07356243741258
"M. Milec (31, Maribor, 1. SNL 22-23)",79.89820159650101
"M. Milec (31, Maribor, 1. SNL 22-23)",79.84339837228774
"M. Milec (31, Maribor, 1. SNL 22-23)",79.76171128104728
"M. Milec (31, Maribor, 1. SNL 22-23)",79.26558130552745
"M. Milec (31, Maribor, 1. SNL 22-23)",78.70604590912859
