Player 1,Similarity
"M. Pepic (27, Meppen, 3. Liga 22-23)",89.16976197564618
"M. Pepic (27, Meppen, 3. Liga 22-23)",85.02084394477411
"M. Pepic (27, Meppen, 3. Liga 22-23)",83.96522378229206
"M. Pepic (27, Meppen, 3. Liga 22-23)",82.90049166842103
"M. Pepic (27, Meppen, 3. Liga 22-23)",82.55662402372346
"M. Pepic (27, Meppen, 3. Liga 22-23)",82.39266967244393
"F. Schnellhardt (29, Darmstadt 98, 2. Bundesliga 22-23)",82.2908582100594
"M. Pepic (27, Meppen, 3. Liga 22-23)",82.1891007444656
"M. Pepic (27, Meppen, 3. Liga 22-23)",82.03236814282678
"M. Pepic (27, Meppen, 3. Liga 22-23)",81.94907853802937
"M. Pepic (27, Meppen, 3. Liga 22-23)",81.78862886697927
"M. Pepic (27, Meppen, 3. Liga 22-23)",81.77226889194655
"M. Pepic (27, Meppen, 3. Liga 22-23)",81.29449088147244
"M. Pepic (27, Meppen, 3. Liga 22-23)",80.97781986169971
"M. Pepic (27, Meppen, 3. Liga 22-23)",80.79041412391527
"M. Pepic (27, Meppen, 3. Liga 22-23)",80.64011272020605
"M. Pepic (27, Meppen, 3. Liga 22-23)",80.52099667176907
"M. Pepic (27, Meppen, 3. Liga 22-23)",80.35088698019935
"M. Pepic (27, Meppen, 3. Liga 22-23)",80.04469306295636
"M. Pepic (27, Meppen, 3. Liga 22-23)",79.60128120645598
"M. Pepic (27, Meppen, 3. Liga 22-23)",79.40838838318034
"M. Pepic (27, Meppen, 3. Liga 22-23)",79.31474874949677
"M. Pepic (27, Meppen, 3. Liga 22-23)",78.90763448355186
"M. Pepic (27, Meppen, 3. Liga 22-23)",78.85124959576333
"M. Pepic (27, Meppen, 3. Liga 22-23)",78.67912593318478
