Player 1,Similarity
"M. Pilj (26, Varaždin, 1. HNL 22-23)",79.30188295376091
"M. Pilj (26, Varaždin, 1. HNL 22-23)",67.64547595154595
"M. Pilj (26, Varaždin, 1. HNL 22-23)",65.433796766191
"M. Pilj (26, Varaždin, 1. HNL 22-23)",64.95424889040306
"M. Pilj (26, Varaždin, 1. HNL 22-23)",64.18397506434752
"M. Pilj (26, Varaždin, 1. HNL 22-23)",63.12383804457543
"M. Pilj (26, Varaždin, 1. HNL 22-23)",62.57877723988297
"M. Pilj (26, Varaždin, 1. HNL 22-23)",62.28569350416042
"M. Pilj (26, Varaždin, 1. HNL 22-23)",62.22526755536882
"M. Pilj (26, Varaždin, 1. HNL 22-23)",61.157520730966176
"M. Pilj (26, Varaždin, 1. HNL 22-23)",61.019561561674216
"M. Pilj (26, Varaždin, 1. HNL 22-23)",60.5240155942686
"M. Pilj (26, Varaždin, 1. HNL 22-23)",60.29708775177716
"M. Pilj (26, Varaždin, 1. HNL 22-23)",59.56164340138294
"M. Pilj (26, Varaždin, 1. HNL 22-23)",58.64443821315436
"M. Pilj (26, Varaždin, 1. HNL 22-23)",58.59228773269142
"M. Pilj (26, Varaždin, 1. HNL 22-23)",58.58767671190459
"M. Pilj (26, Varaždin, 1. HNL 22-23)",58.137093381610015
"M. Pilj (26, Varaždin, 1. HNL 22-23)",57.72432499841938
"M. Pilj (26, Varaždin, 1. HNL 22-23)",57.69075469772928
"M. Pilj (26, Varaždin, 1. HNL 22-23)",57.6905601379746
"M. Pilj (26, Varaždin, 1. HNL 22-23)",57.6801652280148
"M. Pilj (26, Varaždin, 1. HNL 22-23)",57.23040698609958
"M. Pilj (26, Varaždin, 1. HNL 22-23)",56.74049268975212
"M. Pilj (26, Varaždin, 1. HNL 22-23)",56.46775726424402
