Player 1,Similarity
"M. Palčič (29, Koper, 1. SNL 22-23)",87.76151268957187
"M. Palčič (29, Koper, 1. SNL 22-23)",87.63477660272754
"M. Palčič (29, Koper, 1. SNL 22-23)",82.97160561202868
"M. Palčič (29, Koper, 1. SNL 22-23)",82.68770605278402
"M. Palčič (29, Koper, 1. SNL 22-23)",82.29201755420446
"M. Palčič (29, Koper, 1. SNL 22-23)",82.28580669793378
"M. Palčič (29, Koper, 1. SNL 22-23)",82.17630777284522
"M. Palčič (29, Koper, 1. SNL 22-23)",81.76699569600487
"M. Palčič (29, Koper, 1. SNL 22-23)",81.69688506997268
"M. Palčič (29, Koper, 1. SNL 22-23)",81.67462550336762
"M. Palčič (29, Koper, 1. SNL 22-23)",81.48318236861789
"M. Palčič (29, Koper, 1. SNL 22-23)",81.38911039929965
"M. Palčič (29, Koper, 1. SNL 22-23)",81.23545743930232
"M. Palčič (29, Koper, 1. SNL 22-23)",81.09576804080359
"M. Palčič (29, Koper, 1. SNL 22-23)",81.03816186767997
"M. Palčič (29, Koper, 1. SNL 22-23)",80.99491665581749
"M. Palčič (29, Koper, 1. SNL 22-23)",80.83635186010733
"M. Palčič (29, Koper, 1. SNL 22-23)",80.43009387402695
"M. Palčič (29, Koper, 1. SNL 22-23)",80.39449873345592
"M. Palčič (29, Koper, 1. SNL 22-23)",80.31376744836093
"M. Palčič (29, Koper, 1. SNL 22-23)",80.1893597732468
"M. Palčič (29, Koper, 1. SNL 22-23)",80.18663059176141
"M. Palčič (29, Koper, 1. SNL 22-23)",80.10080307040708
"M. Palčič (29, Koper, 1. SNL 22-23)",80.05059591926575
"M. Palčič (29, Koper, 1. SNL 22-23)",79.9627005892132
