Player 1,Similarity
"S. Tronstad (27, Vitesse, Eredivisie 22-23)",80.36597892585068
"M. Ruiz (22, Toluca, Liga MX 22-23)",79.41558339987597
"M. Ruiz (22, Toluca, Liga MX 22-23)",79.38347679925756
"M. Ruiz (22, Toluca, Liga MX 22-23)",79.31022967793653
"M. Ruiz (22, Toluca, Liga MX 22-23)",78.98888287513796
"M. Ruiz (22, Toluca, Liga MX 22-23)",78.3727475523638
"M. Ruiz (22, Toluca, Liga MX 22-23)",78.13782816649906
"B. Slisz (24, Legia Warszawa, Ekstraklasa 22-23)",77.67914539798406
"M. Ruiz (22, Toluca, Liga MX 22-23)",77.55195955672635
"M. Ruiz (22, Toluca, Liga MX 22-23)",77.40069736772287
"M. Ruiz (22, Toluca, Liga MX 22-23)",77.36987701833081
"M. Ruiz (22, Toluca, Liga MX 22-23)",77.3560342433408
"Soon-Min Lee (29, Gwangju, K League 1 2023)",76.5516913635015
"M. Ruiz (22, Toluca, Liga MX 22-23)",76.55020098726177
"Ho-Yeon Jeong (22, Gwangju, K League 1 2023)",76.18932619742478
"M. Ruiz (22, Toluca, Liga MX 22-23)",76.0663040841988
"J. Nisbet (23, Central Coast Mariners, A-League Men 22-23)",76.03114399423954
"M. Ruiz (22, Toluca, Liga MX 22-23)",75.74618207520928
"D. Rasak (27, Górnik Zabrze, Ekstraklasa 22-23)",75.71098658783413
"M. Ruiz (22, Toluca, Liga MX 22-23)",75.30216595429803
"M. Ilaimaharitra (27, Charleroi, Belgian Pro League 22-23)",74.91685142801828
"E. Loiodice (22, Las Palmas, La Liga 2 22-23)",74.8795360207297
"Ronaldo (26, Shimizu S-Pulse, J2 2023)",74.73182412702799
"M. Ruiz (22, Toluca, Liga MX 22-23)",74.66992594532122
"M. Ruiz (22, Toluca, Liga MX 22-23)",74.6464124039825
