Player 1,Similarity
"M. Röhl (20, Freiburg II, 3. Liga 22-23)",70.24157144952602
"N. Hauptmann (26, Dynamo Dresden, 3. Liga 22-23)",69.17116163228786
"M. Röhl (20, Freiburg II, 3. Liga 22-23)",68.36591904771309
"M. Röhl (20, Freiburg II, 3. Liga 22-23)",67.40335806761516
"M. Röhl (20, Freiburg II, 3. Liga 22-23)",66.26152387757107
"M. Röhl (20, Freiburg II, 3. Liga 22-23)",66.24685599501814
"M. Röhl (20, Freiburg II, 3. Liga 22-23)",66.13911861305546
"M. Röhl (20, Freiburg II, 3. Liga 22-23)",66.00895329860974
"M. Röhl (20, Freiburg II, 3. Liga 22-23)",64.35097936193348
"M. Röhl (20, Freiburg II, 3. Liga 22-23)",64.24610789714987
"M. Röhl (20, Freiburg II, 3. Liga 22-23)",63.62579174119895
"M. Röhl (20, Freiburg II, 3. Liga 22-23)",63.0103445792478
"M. Röhl (20, Freiburg II, 3. Liga 22-23)",62.48944106169616
"Z. Petrović (22, Gorica, 1. SNL 22-23)",62.219469756941656
"M. Röhl (20, Freiburg II, 3. Liga 22-23)",61.9601434744801
"M. Röhl (20, Freiburg II, 3. Liga 22-23)",61.75134199210901
"M. Röhl (20, Freiburg II, 3. Liga 22-23)",61.52632665411618
"M. Röhl (20, Freiburg II, 3. Liga 22-23)",61.295763602381335
"M. Röhl (20, Freiburg II, 3. Liga 22-23)",61.13373603310722
"M. Röhl (20, Freiburg II, 3. Liga 22-23)",61.011791895556186
"M. Röhl (20, Freiburg II, 3. Liga 22-23)",60.88698222627437
"M. Röhl (20, Freiburg II, 3. Liga 22-23)",60.84096734393543
"M. Röhl (20, Freiburg II, 3. Liga 22-23)",60.67076198851772
"M. Röhl (20, Freiburg II, 3. Liga 22-23)",60.28755260697943
"M. Röhl (20, Freiburg II, 3. Liga 22-23)",59.91052464714544
