Player 1,Similarity
"M. Stöcker (24, Verl, 3. Liga 22-23)",81.76929462619896
"M. Stöcker (24, Verl, 3. Liga 22-23)",78.66953921109445
"M. Stöcker (24, Verl, 3. Liga 22-23)",76.35751050328324
"M. Stöcker (24, Verl, 3. Liga 22-23)",76.1570155561235
"M. Stöcker (24, Verl, 3. Liga 22-23)",75.39737702991131
"V. Ševelj (22, Radomlje, 1. SNL 22-23)",74.93639466451287
"M. Stöcker (24, Verl, 3. Liga 22-23)",74.78952078472543
"M. Stöcker (24, Verl, 3. Liga 22-23)",74.18984424731751
"M. Stöcker (24, Verl, 3. Liga 22-23)",73.84133651169361
"M. Stöcker (24, Verl, 3. Liga 22-23)",73.74114980210852
"M. Stöcker (24, Verl, 3. Liga 22-23)",73.00168080332163
"M. Stöcker (24, Verl, 3. Liga 22-23)",72.99776406184176
"M. Stöcker (24, Verl, 3. Liga 22-23)",72.56616502457466
"D. Mikanović (29, Hajduk Split, 1. HNL 22-23)",72.46895085862178
"M. Stöcker (24, Verl, 3. Liga 22-23)",72.42661501178641
"M. Stöcker (24, Verl, 3. Liga 22-23)",72.02414268042226
"M. Stöcker (24, Verl, 3. Liga 22-23)",71.56091403815566
"M. Stöcker (24, Verl, 3. Liga 22-23)",71.28773809528039
"M. Stöcker (24, Verl, 3. Liga 22-23)",70.97776424405889
"G. Sikošek (29, Maribor, 1. SNL 22-23)",70.81094130427772
"M. Stöcker (24, Verl, 3. Liga 22-23)",70.79127980282087
"M. Zimmermann (30, Fortuna Düsseldorf, 2. Bundesliga 22-23)",70.67910897079513
"M. Stöcker (24, Verl, 3. Liga 22-23)",70.64573525661258
"M. Stöcker (24, Verl, 3. Liga 22-23)",70.11918276921371
"M. Stöcker (24, Verl, 3. Liga 22-23)",70.09707537074286
