Player 1,Similarity
"M. Spanring (21, AŠK Bravo, 1. SNL 22-23)",84.31409042224924
"M. Spanring (21, AŠK Bravo, 1. SNL 22-23)",82.7974944368517
"M. Spanring (21, AŠK Bravo, 1. SNL 22-23)",82.29915326311068
"M. Spanring (21, AŠK Bravo, 1. SNL 22-23)",81.78821975743676
"M. Spanring (21, AŠK Bravo, 1. SNL 22-23)",81.41466773562264
"M. Spanring (21, AŠK Bravo, 1. SNL 22-23)",81.27319812315797
"M. Spanring (21, AŠK Bravo, 1. SNL 22-23)",81.15929267468037
"M. Spanring (21, AŠK Bravo, 1. SNL 22-23)",80.73623976474397
"M. Spanring (21, AŠK Bravo, 1. SNL 22-23)",80.14155744355969
"M. Spanring (21, AŠK Bravo, 1. SNL 22-23)",79.99013294971662
"M. Spanring (21, AŠK Bravo, 1. SNL 22-23)",79.80443149230038
"M. Spanring (21, AŠK Bravo, 1. SNL 22-23)",78.02633703551113
"M. Spanring (21, AŠK Bravo, 1. SNL 22-23)",77.12301813427555
"M. Spanring (21, AŠK Bravo, 1. SNL 22-23)",76.99593340786778
"M. Spanring (21, AŠK Bravo, 1. SNL 22-23)",76.91842691170946
"M. Spanring (21, AŠK Bravo, 1. SNL 22-23)",76.57858423372771
"M. Spanring (21, AŠK Bravo, 1. SNL 22-23)",76.5594158783908
"M. Spanring (21, AŠK Bravo, 1. SNL 22-23)",76.49901821719756
"M. Spanring (21, AŠK Bravo, 1. SNL 22-23)",76.44710230441609
"M. Spanring (21, AŠK Bravo, 1. SNL 22-23)",76.3745536687919
"M. Spanring (21, AŠK Bravo, 1. SNL 22-23)",76.3532790970052
"M. Spanring (21, AŠK Bravo, 1. SNL 22-23)",76.11710396149599
"M. Spanring (21, AŠK Bravo, 1. SNL 22-23)",76.07605380734988
"M. Spanring (21, AŠK Bravo, 1. SNL 22-23)",76.05671492732687
"M. Spanring (21, AŠK Bravo, 1. SNL 22-23)",75.90554849616021
