Player 1,Similarity
"M. Spina (23, Gubbio, Serie C 22-23)",90.78687090544136
"M. Spina (23, Gubbio, Serie C 22-23)",88.96263541714353
"M. Spina (23, Gubbio, Serie C 22-23)",87.67611916035834
"E. D'Ursi (28, Crotone, Serie C 22-23)",85.68355974072955
"M. Spina (23, Gubbio, Serie C 22-23)",85.58689821579722
"M. Spina (23, Gubbio, Serie C 22-23)",84.73978209509193
"M. Spina (23, Gubbio, Serie C 22-23)",84.22414404432314
"M. Spina (23, Gubbio, Serie C 22-23)",83.78066938478678
"M. Spina (23, Gubbio, Serie C 22-23)",83.69862265256212
"M. Spina (23, Gubbio, Serie C 22-23)",83.62462495182625
"M. Spina (23, Gubbio, Serie C 22-23)",83.56026592930166
"M. Spina (23, Gubbio, Serie C 22-23)",83.53241591155334
"M. Spina (23, Gubbio, Serie C 22-23)",83.25828956795112
"M. Spina (23, Gubbio, Serie C 22-23)",83.13152089801657
"M. Spina (23, Gubbio, Serie C 22-23)",82.06886513058738
"M. Spina (23, Gubbio, Serie C 22-23)",82.0591946984149
"M. Spina (23, Gubbio, Serie C 22-23)",82.03107832597992
"M. Spina (23, Gubbio, Serie C 22-23)",81.8633177444205
"M. Spina (23, Gubbio, Serie C 22-23)",81.86125969927069
"M. Spina (23, Gubbio, Serie C 22-23)",81.85719810757654
"M. Spina (23, Gubbio, Serie C 22-23)",80.92536533764302
"M. Spina (23, Gubbio, Serie C 22-23)",80.55924257727507
"M. Spina (23, Gubbio, Serie C 22-23)",80.29801007973776
"M. Spina (23, Gubbio, Serie C 22-23)",80.25713152600385
"M. Spina (23, Gubbio, Serie C 22-23)",79.91325334676581
