Player 1,Similarity
"M. Skenderović (25, 1860 München, 3. Liga 22-23)",75.70131624201828
"M. Skenderović (25, 1860 München, 3. Liga 22-23)",75.57184026558942
"M. Skenderović (25, 1860 München, 3. Liga 22-23)",75.31476517787608
"M. Skenderović (25, 1860 München, 3. Liga 22-23)",75.18591018688521
"M. Skenderović (25, 1860 München, 3. Liga 22-23)",74.11830886089001
"M. Skenderović (25, 1860 München, 3. Liga 22-23)",71.51665100954955
"M. Skenderović (25, 1860 München, 3. Liga 22-23)",70.99926336185503
"I. Tuci (22, Lokomotiva Zagreb, 1. HNL 22-23)",70.59205269320317
"M. Skenderović (25, 1860 München, 3. Liga 22-23)",69.26167323782754
"M. Skenderović (25, 1860 München, 3. Liga 22-23)",69.13717075059844
"M. Skenderović (25, 1860 München, 3. Liga 22-23)",68.46125755424453
"M. Skenderović (25, 1860 München, 3. Liga 22-23)",66.92498328072865
"M. Skenderović (25, 1860 München, 3. Liga 22-23)",65.14056730070898
"M. Skenderović (25, 1860 München, 3. Liga 22-23)",65.14014831030272
"M. Skenderović (25, 1860 München, 3. Liga 22-23)",64.77428625770125
"M. Skenderović (25, 1860 München, 3. Liga 22-23)",64.3557329758585
"M. Skenderović (25, 1860 München, 3. Liga 22-23)",64.15820463987129
"M. Skenderović (25, 1860 München, 3. Liga 22-23)",63.966085502180405
"M. Skenderović (25, 1860 München, 3. Liga 22-23)",63.34242767225941
"M. Skenderović (25, 1860 München, 3. Liga 22-23)",63.27670113692647
"M. Skenderović (25, 1860 München, 3. Liga 22-23)",62.90294310420261
"M. Skenderović (25, 1860 München, 3. Liga 22-23)",62.78829091596136
