Player 1,Similarity
"M. Strajnar (19, Domžale, 1. SNL 22-23)",79.36112704520426
"M. Strajnar (19, Domžale, 1. SNL 22-23)",77.9750669447162
"M. Strajnar (19, Domžale, 1. SNL 22-23)",76.55175246093064
"M. Strajnar (19, Domžale, 1. SNL 22-23)",74.52309222397355
"M. Strajnar (19, Domžale, 1. SNL 22-23)",74.35022182230118
"M. Strajnar (19, Domžale, 1. SNL 22-23)",74.19619908432793
"M. Strajnar (19, Domžale, 1. SNL 22-23)",74.11952085116533
"M. Strajnar (19, Domžale, 1. SNL 22-23)",73.823875658744
"M. Strajnar (19, Domžale, 1. SNL 22-23)",73.40323408309271
"M. Strajnar (19, Domžale, 1. SNL 22-23)",73.20804207469317
"M. Strajnar (19, Domžale, 1. SNL 22-23)",73.1471804795349
"M. Strajnar (19, Domžale, 1. SNL 22-23)",73.124293876273
"M. Strajnar (19, Domžale, 1. SNL 22-23)",72.41640067159497
"M. Strajnar (19, Domžale, 1. SNL 22-23)",72.38646759983146
"M. Strajnar (19, Domžale, 1. SNL 22-23)",71.81711062727943
"M. Strajnar (19, Domžale, 1. SNL 22-23)",71.7637680528988
"M. Strajnar (19, Domžale, 1. SNL 22-23)",71.55321554035088
"M. Strajnar (19, Domžale, 1. SNL 22-23)",70.94613209385389
"M. Strajnar (19, Domžale, 1. SNL 22-23)",70.81682235923924
"M. Strajnar (19, Domžale, 1. SNL 22-23)",70.7202249397045
"M. Strajnar (19, Domžale, 1. SNL 22-23)",70.454893880701
"M. Strajnar (19, Domžale, 1. SNL 22-23)",70.2918891320445
"M. Strajnar (19, Domžale, 1. SNL 22-23)",70.13175770409676
"M. Strajnar (19, Domžale, 1. SNL 22-23)",69.89322659892831
"M. Strajnar (19, Domžale, 1. SNL 22-23)",69.74604014993521
