Player 1,Similarity
"M. Tolić (26, Maribor, 1. SNL 22-23)",89.53588891521258
"M. Tolić (26, Maribor, 1. SNL 22-23)",88.7720992072973
"M. Tolić (26, Maribor, 1. SNL 22-23)",86.89377293074634
"M. Tolić (26, Maribor, 1. SNL 22-23)",86.08781879887447
"M. Tolić (26, Maribor, 1. SNL 22-23)",85.6622909452755
"M. Tolić (26, Maribor, 1. SNL 22-23)",85.37698475388231
"M. Tolić (26, Maribor, 1. SNL 22-23)",85.20575207500117
"M. Tolić (26, Maribor, 1. SNL 22-23)",84.74566128134798
"M. Tolić (26, Maribor, 1. SNL 22-23)",84.62558141220488
"M. Tolić (26, Maribor, 1. SNL 22-23)",84.55965430961129
"M. Tolić (26, Maribor, 1. SNL 22-23)",84.07803301558062
"M. Tolić (26, Maribor, 1. SNL 22-23)",83.96122198779621
"M. Tolić (26, Maribor, 1. SNL 22-23)",83.68713222845577
"M. Tolić (26, Maribor, 1. SNL 22-23)",83.54794038535836
"M. Tolić (26, Maribor, 1. SNL 22-23)",83.5219920475613
"M. Tolić (26, Maribor, 1. SNL 22-23)",83.25245483787069
"M. Tolić (26, Maribor, 1. SNL 22-23)",82.98681894401322
"M. Tolić (26, Maribor, 1. SNL 22-23)",82.89255363602027
"M. Tolić (26, Maribor, 1. SNL 22-23)",82.89071318105094
"M. Tolić (26, Maribor, 1. SNL 22-23)",82.88507109974171
"M. Tolić (26, Maribor, 1. SNL 22-23)",82.86091113221302
"M. Tolić (26, Maribor, 1. SNL 22-23)",82.71433050035544
