Player 1,Similarity
"M. Udol (27, Metz, Ligue 2 22-23)",85.88634047857174
"E. Tur (26, Levadia, Estonian Meistriliiga 2023)",85.23461585850849
"M. Udol (27, Metz, Ligue 2 22-23)",83.62305436103692
"M. Neubauer (27, Elversberg, 3. Liga 22-23)",83.37491789537964
"Y.Kim (26, Goyang Happiness, K4 League 2023)",83.36909312739554
"S. Moharrami (27, Dinamo Zagreb, 1. HNL 22-23)",83.16838131719926
"Mohamed Hany (27, Al Ahly, Egyptian Premier League 22-23)",82.85337845637119
"T. Yamaguchi (23, Ehime, J3 2023)",82.74385192026887
"M. Udol (27, Metz, Ligue 2 22-23)",82.68653866140261
"Y. Gurfinkel (24, Hapoel Tel Aviv, Ligat Ha'al 22-23)",82.62909627807467
"M. Udol (27, Metz, Ligue 2 22-23)",82.4503036383386
"N. Cohen (24, Ironi Kiryat Shmona, Ligat Ha'al 22-23)",82.05658056801288
"M. Udol (27, Metz, Ligue 2 22-23)",81.91062662746134
"Seung-Hyun Hong (26, Changwon City, K3 League 2023)",81.87683596453356
"K. Hovhannisyan (30, Astana, Kazakh Premier League 2023)",81.68569976935053
"M. Udol (27, Metz, Ligue 2 22-23)",81.65370816885199
"M. Udol (27, Metz, Ligue 2 22-23)",81.48881001753007
"M. Udol (27, Metz, Ligue 2 22-23)",81.43482913095121
"Juanfran (34, Real Oviedo, La Liga 2 22-23)",81.09649320138186
"M. Udol (27, Metz, Ligue 2 22-23)",80.92451907596696
"M. Udol (27, Metz, Ligue 2 22-23)",80.76185767394489
"M. Udol (27, Metz, Ligue 2 22-23)",80.74191046535127
"M. Zimmermann (30, Fortuna Düsseldorf, 2. Bundesliga 22-23)",80.5936984659601
"B. Cipetić (28, Lokomotiva Zagreb, 1. HNL 22-23)",80.36660299781299
"M. Knudsen (29, Helsingør, Danish 1. Division 22-23)",80.20148335812668
