Player 1,Similarity
"M. Vrbanec (26, Celje, 1. SNL 22-23)",78.3571257264248
"M. Vrbanec (26, Celje, 1. SNL 22-23)",77.92316075594644
"M. Vrbanec (26, Celje, 1. SNL 22-23)",77.8069869336365
"M. Vrbanec (26, Celje, 1. SNL 22-23)",77.28404856069659
"M. Vrbanec (26, Celje, 1. SNL 22-23)",77.26132297360122
"M. Vrbanec (26, Celje, 1. SNL 22-23)",77.22214744808868
"M. Vrbanec (26, Celje, 1. SNL 22-23)",76.6697996231568
"M. Vrbanec (26, Celje, 1. SNL 22-23)",76.02971304908147
"M. Vrbanec (26, Celje, 1. SNL 22-23)",75.9387200395697
"M. Vrbanec (26, Celje, 1. SNL 22-23)",75.43641768357003
"M. Vrbanec (26, Celje, 1. SNL 22-23)",75.11877793064315
"M. Vrbanec (26, Celje, 1. SNL 22-23)",74.73161585268306
"M. Vrbanec (26, Celje, 1. SNL 22-23)",74.73041471648556
"M. Vrbanec (26, Celje, 1. SNL 22-23)",74.59071747710756
"M. Vrbanec (26, Celje, 1. SNL 22-23)",74.36244108365895
"M. Vrbanec (26, Celje, 1. SNL 22-23)",74.31875792312326
"M. Vrbanec (26, Celje, 1. SNL 22-23)",74.07947111232227
"M. Vrbanec (26, Celje, 1. SNL 22-23)",74.01266741349029
"M. Vrbanec (26, Celje, 1. SNL 22-23)",73.84302636001696
"M. Vrbanec (26, Celje, 1. SNL 22-23)",73.62344266445916
"M. Vrbanec (26, Celje, 1. SNL 22-23)",73.36533986768369
"M. Vrbanec (26, Celje, 1. SNL 22-23)",73.19461305684675
"M. Vrbanec (26, Celje, 1. SNL 22-23)",73.01616357046602
"M. Vrbanec (26, Celje, 1. SNL 22-23)",72.99053097978341
"M. Vrbanec (26, Celje, 1. SNL 22-23)",72.67007664857199
