Player 1,Similarity
"M. Vojtko (22, Gorica, 1. HNL 22-23)",83.62749408525481
"M. Vojtko (22, Gorica, 1. HNL 22-23)",83.03338023675384
"M. Vojtko (22, Gorica, 1. HNL 22-23)",83.00945482510686
"M. Vojtko (22, Gorica, 1. HNL 22-23)",82.99083707262716
"M. Vojtko (22, Gorica, 1. HNL 22-23)",82.88541609316644
"M. Vojtko (22, Gorica, 1. HNL 22-23)",82.67739092228872
"M. Vojtko (22, Gorica, 1. HNL 22-23)",82.20200384229076
"M. Vojtko (22, Gorica, 1. HNL 22-23)",81.96176131494562
"M. Vojtko (22, Gorica, 1. HNL 22-23)",81.40699772940681
"M. Vojtko (22, Gorica, 1. HNL 22-23)",81.24756002098106
"M. Vojtko (22, Gorica, 1. HNL 22-23)",80.8678857870251
"M. Vojtko (22, Gorica, 1. HNL 22-23)",80.72014970871165
"M. Vojtko (22, Gorica, 1. HNL 22-23)",80.16081556785984
"M. Vojtko (22, Gorica, 1. HNL 22-23)",80.1010898733138
"M. Vojtko (22, Gorica, 1. HNL 22-23)",79.87855438281703
"M. Vojtko (22, Gorica, 1. HNL 22-23)",79.70808135631124
"M. Vojtko (22, Gorica, 1. HNL 22-23)",79.61598957245364
"M. Vojtko (22, Gorica, 1. HNL 22-23)",79.6121409414485
"M. Vojtko (22, Gorica, 1. HNL 22-23)",79.41744987313986
"M. Vojtko (22, Gorica, 1. HNL 22-23)",79.31703085962477
"M. Vojtko (22, Gorica, 1. HNL 22-23)",79.28193884979436
"M. Vojtko (22, Gorica, 1. HNL 22-23)",78.91864720955574
"M. Vojtko (22, Gorica, 1. HNL 22-23)",78.88971763107749
"M. Vojtko (22, Gorica, 1. HNL 22-23)",78.86633147379612
"M. Vojtko (22, Gorica, 1. HNL 22-23)",78.02686864082777
