Player 1,Similarity
"M. Wörl (19, 1860 München, 3. Liga 22-23)",75.23084724130727
"M. Wörl (19, 1860 München, 3. Liga 22-23)",75.05479792235488
"M. Wörl (19, 1860 München, 3. Liga 22-23)",74.40620578795438
"M. Wörl (19, 1860 München, 3. Liga 22-23)",73.75728250591166
"M. Wörl (19, 1860 München, 3. Liga 22-23)",72.8821678013098
"M. Wörl (19, 1860 München, 3. Liga 22-23)",72.790950762851
"M. Wörl (19, 1860 München, 3. Liga 22-23)",72.68473170414862
"M. Wörl (19, 1860 München, 3. Liga 22-23)",72.60065540576961
"M. Wörl (19, 1860 München, 3. Liga 22-23)",72.30676538734524
"M. Wörl (19, 1860 München, 3. Liga 22-23)",72.24018737441772
"M. Wörl (19, 1860 München, 3. Liga 22-23)",72.2123149816268
"M. Wörl (19, 1860 München, 3. Liga 22-23)",72.15782997598559
"M. Wörl (19, 1860 München, 3. Liga 22-23)",71.54997460244947
"M. Wörl (19, 1860 München, 3. Liga 22-23)",71.30884128191013
"M. Wörl (19, 1860 München, 3. Liga 22-23)",70.98312550070189
"M. Wörl (19, 1860 München, 3. Liga 22-23)",70.75669032877772
"M. Wörl (19, 1860 München, 3. Liga 22-23)",70.56164294564307
"M. Wörl (19, 1860 München, 3. Liga 22-23)",70.22512979736688
"M. Wörl (19, 1860 München, 3. Liga 22-23)",69.38393665734093
"M. Wörl (19, 1860 München, 3. Liga 22-23)",69.32660076510085
"M. Wörl (19, 1860 München, 3. Liga 22-23)",68.99976810885796
"M. Wörl (19, 1860 München, 3. Liga 22-23)",68.8892074880134
"M. Wörl (19, 1860 München, 3. Liga 22-23)",68.72453945641585
"M. Wörl (19, 1860 München, 3. Liga 22-23)",68.66225544173365
"M. Wörl (19, 1860 München, 3. Liga 22-23)",68.5952317563633
