Player 1,Similarity
"M. Zabukovnik (22, Celje, 1. SNL 22-23)",90.10744284207492
"M. Zabukovnik (22, Celje, 1. SNL 22-23)",89.49365886155657
"M. Zabukovnik (22, Celje, 1. SNL 22-23)",88.39506268614096
"M. Zabukovnik (22, Celje, 1. SNL 22-23)",86.51019509143532
"M. Zabukovnik (22, Celje, 1. SNL 22-23)",86.2997749306291
"M. Zabukovnik (22, Celje, 1. SNL 22-23)",85.69073323337668
"M. Zabukovnik (22, Celje, 1. SNL 22-23)",85.50338175182094
"M. Zabukovnik (22, Celje, 1. SNL 22-23)",85.48461297204308
"M. Zabukovnik (22, Celje, 1. SNL 22-23)",84.95340524898872
"M. Zabukovnik (22, Celje, 1. SNL 22-23)",84.82625882437674
"M. Zabukovnik (22, Celje, 1. SNL 22-23)",84.07643229718967
"M. Zabukovnik (22, Celje, 1. SNL 22-23)",83.77198923622363
"M. Zabukovnik (22, Celje, 1. SNL 22-23)",83.65014350935739
"M. Zabukovnik (22, Celje, 1. SNL 22-23)",83.06989060625962
"M. Zabukovnik (22, Celje, 1. SNL 22-23)",82.830838979361
"M. Zabukovnik (22, Celje, 1. SNL 22-23)",82.66134803171327
"M. Zabukovnik (22, Celje, 1. SNL 22-23)",82.65826493085933
"F. Cáseres (22, Istra 1961, 1. HNL 22-23)",82.55130017493732
"M. Zabukovnik (22, Celje, 1. SNL 22-23)",82.0984811835642
"M. Zabukovnik (22, Celje, 1. SNL 22-23)",81.84448702576913
"M. Zabukovnik (22, Celje, 1. SNL 22-23)",81.8298659060995
"M. Zabukovnik (22, Celje, 1. SNL 22-23)",81.30685963061967
"M. Zabukovnik (22, Celje, 1. SNL 22-23)",80.86040811044258
"M. Zabukovnik (22, Celje, 1. SNL 22-23)",80.79695963298455
"M. Zabukovnik (22, Celje, 1. SNL 22-23)",80.70008829328162
