Player 1,Similarity
"M. Čuić (22, Radomlje, 1. SNL 22-23)",77.56880500659288
"M. Čuić (22, Radomlje, 1. SNL 22-23)",77.29705636667738
"M. Čuić (22, Radomlje, 1. SNL 22-23)",73.41337018165147
"M. Čuić (22, Radomlje, 1. SNL 22-23)",72.45795422728422
"M. Čuić (22, Radomlje, 1. SNL 22-23)",70.59421174626182
"M. Čuić (22, Radomlje, 1. SNL 22-23)",70.06572330842532
"M. Čuić (22, Radomlje, 1. SNL 22-23)",67.29414423756506
"M. Čuić (22, Radomlje, 1. SNL 22-23)",67.19542648248256
"M. Čuić (22, Radomlje, 1. SNL 22-23)",67.03997344521059
"M. Čuić (22, Radomlje, 1. SNL 22-23)",66.90751875412376
"M. Čuić (22, Radomlje, 1. SNL 22-23)",66.41327643181224
"M. Čuić (22, Radomlje, 1. SNL 22-23)",65.33590711391102
"M. Čuić (22, Radomlje, 1. SNL 22-23)",65.25754166474822
"M. Čuić (22, Radomlje, 1. SNL 22-23)",63.68494464463426
"M. Čuić (22, Radomlje, 1. SNL 22-23)",63.25828051340433
"M. Čuić (22, Radomlje, 1. SNL 22-23)",63.05650270082993
"M. Čuić (22, Radomlje, 1. SNL 22-23)",63.04567409450753
"M. Čuić (22, Radomlje, 1. SNL 22-23)",62.08262066333967
"M. Čuić (22, Radomlje, 1. SNL 22-23)",61.747398925424775
"M. Čuić (22, Radomlje, 1. SNL 22-23)",61.53603371442713
"M. Čuić (22, Radomlje, 1. SNL 22-23)",61.47935540404975
"M. Čuić (22, Radomlje, 1. SNL 22-23)",61.385570609672655
