Player 1,Similarity
"M. Šroler (24, Mura, 1. SNL 22-23)",87.0410480629732
"M. Šroler (24, Mura, 1. SNL 22-23)",86.65537796982117
"M. Šroler (24, Mura, 1. SNL 22-23)",86.55936600822228
"M. Šroler (24, Mura, 1. SNL 22-23)",86.51077683612688
"M. Šroler (24, Mura, 1. SNL 22-23)",86.21713644731102
"M. Šroler (24, Mura, 1. SNL 22-23)",86.08561985171526
"M. Šroler (24, Mura, 1. SNL 22-23)",84.82452254189195
"M. Šroler (24, Mura, 1. SNL 22-23)",84.7742551417028
"M. Šroler (24, Mura, 1. SNL 22-23)",84.72111004310678
"M. Šroler (24, Mura, 1. SNL 22-23)",84.62702231563466
"M. Šroler (24, Mura, 1. SNL 22-23)",84.27495718163941
"M. Kvesić (31, Olimpija, 1. SNL 22-23)",83.95716880688194
"M. Šroler (24, Mura, 1. SNL 22-23)",83.90305976193906
"M. Šroler (24, Mura, 1. SNL 22-23)",83.89473339891907
"M. Šroler (24, Mura, 1. SNL 22-23)",83.39978375207494
"M. Šroler (24, Mura, 1. SNL 22-23)",83.39706335595771
"M. Šroler (24, Mura, 1. SNL 22-23)",82.88786431190306
"M. Šroler (24, Mura, 1. SNL 22-23)",82.83712948383503
"M. Šroler (24, Mura, 1. SNL 22-23)",82.82463444179633
"M. Šroler (24, Mura, 1. SNL 22-23)",82.79122929384424
"M. Šroler (24, Mura, 1. SNL 22-23)",82.71117466658812
"M. Šroler (24, Mura, 1. SNL 22-23)",82.58958212963927
