Player 1,Similarity
"M. Šimčák (27, Koper, 1. SNL 22-23)",85.77222545466408
"M. Šimčák (27, Koper, 1. SNL 22-23)",84.55106673542303
"M. Šimčák (27, Koper, 1. SNL 22-23)",83.33738071443625
"M. Šimčák (27, Koper, 1. SNL 22-23)",80.76038302942588
"M. Šimčák (27, Koper, 1. SNL 22-23)",78.1919022772397
"M. Šimčák (27, Koper, 1. SNL 22-23)",77.6712534918583
"M. Šimčák (27, Koper, 1. SNL 22-23)",77.6255354486016
"M. Šimčák (27, Koper, 1. SNL 22-23)",77.53415640094181
"M. Šimčák (27, Koper, 1. SNL 22-23)",77.21348637146626
"M. Šimčák (27, Koper, 1. SNL 22-23)",76.89380022638466
"M. Šimčák (27, Koper, 1. SNL 22-23)",76.79435596470826
"M. Šimčák (27, Koper, 1. SNL 22-23)",76.40684158098028
"M. Šimčák (27, Koper, 1. SNL 22-23)",76.38075039826263
"M. Širok (31, Gorica, 1. SNL 22-23)",76.26773951165218
"M. Šimčák (27, Koper, 1. SNL 22-23)",76.06874061007368
"M. Šimčák (27, Koper, 1. SNL 22-23)",76.02273631580661
"M. Šimčák (27, Koper, 1. SNL 22-23)",75.82065072966073
"M. Šimčák (27, Koper, 1. SNL 22-23)",75.57883559646923
"M. Šimčák (27, Koper, 1. SNL 22-23)",75.30971750300768
"M. Šimčák (27, Koper, 1. SNL 22-23)",75.07664907517527
"M. Šimčák (27, Koper, 1. SNL 22-23)",75.03867039475725
"M. Šimčák (27, Koper, 1. SNL 22-23)",74.797997627234
"M. Šimčák (27, Koper, 1. SNL 22-23)",74.77477654308157
"M. Šimčák (27, Koper, 1. SNL 22-23)",74.68143106536638
"M. Šimčák (27, Koper, 1. SNL 22-23)",74.46647985072975
