Player 1,Similarity
"M. Širok (31, Gorica, 1. SNL 22-23)",81.8631815414838
"M. Širok (31, Gorica, 1. SNL 22-23)",80.63697825804657
"M. Širok (31, Gorica, 1. SNL 22-23)",78.91972136716937
"M. Širok (31, Gorica, 1. SNL 22-23)",77.79414641993428
"M. Širok (31, Gorica, 1. SNL 22-23)",76.9363744641111
"M. Širok (31, Gorica, 1. SNL 22-23)",76.87681137782157
"M. Širok (31, Gorica, 1. SNL 22-23)",76.85894511967965
"M. Širok (31, Gorica, 1. SNL 22-23)",76.26773951165218
"M. Širok (31, Gorica, 1. SNL 22-23)",75.70467457220221
"M. Širok (31, Gorica, 1. SNL 22-23)",75.67827505917484
"M. Širok (31, Gorica, 1. SNL 22-23)",75.59842293749269
"M. Širok (31, Gorica, 1. SNL 22-23)",75.4837412370706
"M. Širok (31, Gorica, 1. SNL 22-23)",75.24361688970588
"M. Širok (31, Gorica, 1. SNL 22-23)",74.94028238945367
"M. Širok (31, Gorica, 1. SNL 22-23)",74.90272712877031
"M. Širok (31, Gorica, 1. SNL 22-23)",74.88696680788848
"M. Širok (31, Gorica, 1. SNL 22-23)",74.88211939268544
"M. Širok (31, Gorica, 1. SNL 22-23)",74.83195568671194
"M. Širok (31, Gorica, 1. SNL 22-23)",74.76177029924249
"M. Širok (31, Gorica, 1. SNL 22-23)",74.5206801405473
"M. Širok (31, Gorica, 1. SNL 22-23)",74.45503158790608
"M. Širok (31, Gorica, 1. SNL 22-23)",74.34899330264557
"M. Širok (31, Gorica, 1. SNL 22-23)",74.23431205513832
"M. Širok (31, Gorica, 1. SNL 22-23)",73.82467275651308
"M. Širok (31, Gorica, 1. SNL 22-23)",73.71025274328784
