Player 1,Similarity
"B. Markuš (22, Domžale, 1. SNL 22-23)",80.09239386734146
"Marc Carbó (29, Lugo, La Liga 2 22-23)",79.18046762465453
"Marc Carbó (29, Lugo, La Liga 2 22-23)",76.76177196740795
"Marc Carbó (29, Lugo, La Liga 2 22-23)",76.17469165632195
"Marc Carbó (29, Lugo, La Liga 2 22-23)",75.14168650501828
"Marc Carbó (29, Lugo, La Liga 2 22-23)",73.69377682336537
"Marc Carbó (29, Lugo, La Liga 2 22-23)",72.10832092487681
"A. El Nadry (24, Ghazl El Mehalla, Egyptian Premier League 22-23)",71.68573198145484
"Marc Carbó (29, Lugo, La Liga 2 22-23)",71.55114058405701
"Marc Carbó (29, Lugo, La Liga 2 22-23)",71.41916275172167
"Marc Carbó (29, Lugo, La Liga 2 22-23)",71.401862071853
"Marc Carbó (29, Lugo, La Liga 2 22-23)",71.147790911758
"Marc Carbó (29, Lugo, La Liga 2 22-23)",70.98082361748128
"D. Mason (24, Santos de Guápiles, Costa Rica Primera División 22-23)",70.82931385310745
"R. Jaramillo (24, Delfin, Ecuador Liga Pro 2023)",69.23963925054166
"S. Sato (29, Tochigi, J2 2023)",69.14056132463664
"Marc Carbó (29, Lugo, La Liga 2 22-23)",68.30341386355057
"Marc Carbó (29, Lugo, La Liga 2 22-23)",68.09880981510176
"Marc Carbó (29, Lugo, La Liga 2 22-23)",68.07095389230216
"J. Lindsay (27, Rotherham United, Championship 22-23)",67.98043553514894
"Marc Carbó (29, Lugo, La Liga 2 22-23)",67.64716894542345
"Marc Carbó (29, Lugo, La Liga 2 22-23)",67.50249511098609
"Marc Carbó (29, Lugo, La Liga 2 22-23)",67.09615229530858
"Marc Carbó (29, Lugo, La Liga 2 22-23)",66.87477989225059
"S. Ortíz (22, Independiente, Argentinian Primera División 2023)",66.63735779622209
