Player 1,Similarity
"E. Belilti (29, Ironi Tiberias, Liga Leumit 22-23)",91.63474031228353
"N. Antonov (28, Újpest, NB I 22-23)",89.52674153241055
"B. Doherty (26, Derry City, League of Ireland PL 2023)",88.48489353491689
"N. Antonov (28, Újpest, NB I 22-23)",88.40245185263795
"A. Büttner (34, De Graafschap, Eerste Divisie 22-23)",87.77744858250718
"N. Antonov (28, Újpest, NB I 22-23)",87.54301621635602
"N. Antonov (28, Újpest, NB I 22-23)",87.50039623439467
"D. Köhn (24, Hannover 96, 2. Bundesliga 22-23)",87.49188044453936
"N. Antonov (28, Újpest, NB I 22-23)",87.47464548626493
"B. Sosa (25, Stuttgart, Bundesliga 22-23)",87.23593353790503
"M. Costly (27, Ingolstadt, 3. Liga 22-23)",87.2115978213287
"N. Antonov (28, Újpest, NB I 22-23)",87.12011188236353
"N. Antonov (28, Újpest, NB I 22-23)",86.93124165356721
"L. Paqarada (28, St. Pauli, 2. Bundesliga 22-23)",86.91957374972952
"N. Antonov (28, Újpest, NB I 22-23)",86.87200765262088
"N. Ochojski (24, Verl, 3. Liga 22-23)",86.74150294264525
"N. Antonov (28, Újpest, NB I 22-23)",86.52700072111413
"N. Antonov (28, Újpest, NB I 22-23)",86.43591200534475
"N. Antonov (28, Újpest, NB I 22-23)",86.37857885986878
"R. Schouten (25, De Graafschap, Eerste Divisie 22-23)",86.32432040542054
"N. Antonov (28, Újpest, NB I 22-23)",86.10312824907274
"T. Vargas (23, Nîmes, Ligue 2 22-23)",86.09541286967954
"Caio Roque (21, Lommel SK, Belgian First Division B 22-23)",85.619394802663
"A. Dedov (33, Zimbru, Moldovan Super Liga 22-23)",85.5210840499732
"L. Lukačević (24, Admira, Austrian 2. Liga 22-23)",85.37567221967657
