Player 1,Similarity
"N. Ajhmajer (20, Celje, 1. SNL 22-23)",83.79374606363174
"N. Ajhmajer (20, Celje, 1. SNL 22-23)",81.76263150544646
"N. Ajhmajer (20, Celje, 1. SNL 22-23)",80.82228759168999
"N. Ajhmajer (20, Celje, 1. SNL 22-23)",79.98614747525494
"N. Ajhmajer (20, Celje, 1. SNL 22-23)",79.57824317636299
"N. Ajhmajer (20, Celje, 1. SNL 22-23)",79.0583997202787
"N. Ajhmajer (20, Celje, 1. SNL 22-23)",78.96341644507349
"N. Ajhmajer (20, Celje, 1. SNL 22-23)",78.59109694632359
"N. Ajhmajer (20, Celje, 1. SNL 22-23)",77.85513019787498
"N. Ajhmajer (20, Celje, 1. SNL 22-23)",77.6631945195237
"N. Ajhmajer (20, Celje, 1. SNL 22-23)",77.35371352860882
"N. Ajhmajer (20, Celje, 1. SNL 22-23)",77.2111492518978
"N. Ajhmajer (20, Celje, 1. SNL 22-23)",77.15638067763177
"N. Ajhmajer (20, Celje, 1. SNL 22-23)",77.15516989669776
"N. Ajhmajer (20, Celje, 1. SNL 22-23)",77.05075930326552
"N. Ajhmajer (20, Celje, 1. SNL 22-23)",77.00960106586089
"N. Ajhmajer (20, Celje, 1. SNL 22-23)",76.74924758181928
"N. Ajhmajer (20, Celje, 1. SNL 22-23)",76.70955304262401
"N. Ajhmajer (20, Celje, 1. SNL 22-23)",76.54511523564467
"N. Ajhmajer (20, Celje, 1. SNL 22-23)",76.478792072781
"N. Ajhmajer (20, Celje, 1. SNL 22-23)",76.44314657418697
"N. Ajhmajer (20, Celje, 1. SNL 22-23)",76.43197791352004
"N. Ajhmajer (20, Celje, 1. SNL 22-23)",76.42946677408463
"N. Ajhmajer (20, Celje, 1. SNL 22-23)",76.4292031871593
"N. Ajhmajer (20, Celje, 1. SNL 22-23)",76.41270055131874
