Player 1,Similarity
"N. Butzen (30, Zwickau, 3. Liga 22-23)",87.96879205876417
"N. Butzen (30, Zwickau, 3. Liga 22-23)",80.08621151714983
"N. Butzen (30, Zwickau, 3. Liga 22-23)",78.0616330125547
"N. Butzen (30, Zwickau, 3. Liga 22-23)",76.81643949846723
"N. Butzen (30, Zwickau, 3. Liga 22-23)",75.38971037595867
"M. Thiede (31, Karlsruher SC, 2. Bundesliga 22-23)",75.28783996501124
"N. Butzen (30, Zwickau, 3. Liga 22-23)",74.31219622218296
"N. Butzen (30, Zwickau, 3. Liga 22-23)",73.46733847071575
"N. Butzen (30, Zwickau, 3. Liga 22-23)",73.06018530108645
"N. Butzen (30, Zwickau, 3. Liga 22-23)",72.79585666548317
"N. Butzen (30, Zwickau, 3. Liga 22-23)",72.76528851601043
"N. Butzen (30, Zwickau, 3. Liga 22-23)",72.69074856781292
"N. Butzen (30, Zwickau, 3. Liga 22-23)",72.68545101717996
"N. Butzen (30, Zwickau, 3. Liga 22-23)",71.4810611353012
"N. Butzen (30, Zwickau, 3. Liga 22-23)",71.09207610097062
"N. Butzen (30, Zwickau, 3. Liga 22-23)",70.97646810655283
"N. Butzen (30, Zwickau, 3. Liga 22-23)",70.97392499007933
"N. Butzen (30, Zwickau, 3. Liga 22-23)",70.88484820146122
"N. Butzen (30, Zwickau, 3. Liga 22-23)",70.34372801575002
"N. Butzen (30, Zwickau, 3. Liga 22-23)",70.276554898936
"N. Butzen (30, Zwickau, 3. Liga 22-23)",70.21282552243528
"N. Butzen (30, Zwickau, 3. Liga 22-23)",69.63960775487953
"N. Butzen (30, Zwickau, 3. Liga 22-23)",68.68775328913797
"N. Butzen (30, Zwickau, 3. Liga 22-23)",68.61838220159464
"N. Butzen (30, Zwickau, 3. Liga 22-23)",68.59950258554908
