Player 1,Similarity
"N. Cambiaghi (22, Empoli, Serie A 22-23)",88.03874874711808
"N. Cambiaghi (22, Empoli, Serie A 22-23)",84.13063409418221
"N. Cambiaghi (22, Empoli, Serie A 22-23)",82.78715130349222
"N. Cambiaghi (22, Empoli, Serie A 22-23)",82.12685372358379
"N. Cambiaghi (22, Empoli, Serie A 22-23)",80.88880789409872
"N. Cambiaghi (22, Empoli, Serie A 22-23)",78.69194860722862
"N. Cambiaghi (22, Empoli, Serie A 22-23)",78.31445327717196
"N. Cambiaghi (22, Empoli, Serie A 22-23)",78.23691279310313
"N. Cambiaghi (22, Empoli, Serie A 22-23)",78.12827761536221
"N. Cambiaghi (22, Empoli, Serie A 22-23)",78.09018980792803
"N. Cambiaghi (22, Empoli, Serie A 22-23)",77.82172051421044
"N. Cambiaghi (22, Empoli, Serie A 22-23)",77.64825191969452
"G. Misehouy (17, Ajax II, Eerste Divisie 22-23)",77.48313154747612
"N. Cambiaghi (22, Empoli, Serie A 22-23)",77.26782483485711
"N. Cambiaghi (22, Empoli, Serie A 22-23)",76.99322234254447
"N. Cambiaghi (22, Empoli, Serie A 22-23)",75.37079753247471
"N. Cambiaghi (22, Empoli, Serie A 22-23)",75.3281593016497
"N. Cambiaghi (22, Empoli, Serie A 22-23)",75.29021897688651
"N. Cambiaghi (22, Empoli, Serie A 22-23)",75.07018789519834
"N. Cambiaghi (22, Empoli, Serie A 22-23)",74.87594036721389
"N. Cambiaghi (22, Empoli, Serie A 22-23)",74.78895208784219
"N. Cambiaghi (22, Empoli, Serie A 22-23)",74.61616494229243
"N. Cambiaghi (22, Empoli, Serie A 22-23)",74.60725656354387
"N. Cambiaghi (22, Empoli, Serie A 22-23)",74.25899092704357
"N. Cambiaghi (22, Empoli, Serie A 22-23)",74.12783175377665
