Player 1,Similarity
"N. Janković (21, Rijeka, 1. HNL 22-23)",86.20706105725121
"N. Janković (21, Rijeka, 1. HNL 22-23)",84.29193942754446
"N. Janković (21, Rijeka, 1. HNL 22-23)",83.79486510449615
"N. Janković (21, Rijeka, 1. HNL 22-23)",82.42084608187443
"N. Janković (21, Rijeka, 1. HNL 22-23)",81.62977488890346
"N. Janković (21, Rijeka, 1. HNL 22-23)",81.35518838072893
"N. Janković (21, Rijeka, 1. HNL 22-23)",80.33874473056974
"N. Janković (21, Rijeka, 1. HNL 22-23)",79.79058274073051
"N. Janković (21, Rijeka, 1. HNL 22-23)",79.41480974492802
"N. Janković (21, Rijeka, 1. HNL 22-23)",79.34745876743307
"N. Janković (21, Rijeka, 1. HNL 22-23)",79.33372569273003
"N. Janković (21, Rijeka, 1. HNL 22-23)",79.33233751532902
"N. Janković (21, Rijeka, 1. HNL 22-23)",79.29956599124924
"N. Janković (21, Rijeka, 1. HNL 22-23)",79.0477538607762
"N. Janković (21, Rijeka, 1. HNL 22-23)",78.3127718214904
"N. Janković (21, Rijeka, 1. HNL 22-23)",78.20621751303496
"N. Janković (21, Rijeka, 1. HNL 22-23)",78.17172188907604
"N. Janković (21, Rijeka, 1. HNL 22-23)",78.15472744214911
"N. Janković (21, Rijeka, 1. HNL 22-23)",77.59281485082147
"N. Janković (21, Rijeka, 1. HNL 22-23)",77.49084699325078
"N. Janković (21, Rijeka, 1. HNL 22-23)",77.24263854237468
"N. Janković (21, Rijeka, 1. HNL 22-23)",77.00188989895696
