Player 1,Similarity
"N. Kölle (23, MSV Duisburg, 3. Liga 22-23)",86.29685292813862
"N. Kölle (23, MSV Duisburg, 3. Liga 22-23)",85.05807062722684
"N. Kölle (23, MSV Duisburg, 3. Liga 22-23)",82.86872536218262
"N. Kölle (23, MSV Duisburg, 3. Liga 22-23)",81.78729882302571
"N. Kölle (23, MSV Duisburg, 3. Liga 22-23)",80.9274115441945
"N. Kölle (23, MSV Duisburg, 3. Liga 22-23)",80.80728291556645
"N. Kölle (23, MSV Duisburg, 3. Liga 22-23)",80.57611341537152
"N. Kölle (23, MSV Duisburg, 3. Liga 22-23)",80.2725888794847
"N. Kölle (23, MSV Duisburg, 3. Liga 22-23)",80.07235273076367
"N. Kölle (23, MSV Duisburg, 3. Liga 22-23)",79.56627226852316
"N. Kölle (23, MSV Duisburg, 3. Liga 22-23)",79.35022959169011
"N. Kölle (23, MSV Duisburg, 3. Liga 22-23)",78.78290777377667
"N. Kölle (23, MSV Duisburg, 3. Liga 22-23)",78.15008303118923
"N. Kölle (23, MSV Duisburg, 3. Liga 22-23)",78.03389746266951
"N. Kölle (23, MSV Duisburg, 3. Liga 22-23)",77.95156905644451
"N. Kölle (23, MSV Duisburg, 3. Liga 22-23)",77.52391834726376
"N. Kölle (23, MSV Duisburg, 3. Liga 22-23)",77.46008496859066
"N. Kölle (23, MSV Duisburg, 3. Liga 22-23)",77.4549276534953
"N. Kölle (23, MSV Duisburg, 3. Liga 22-23)",77.35765153611365
"N. Kölle (23, MSV Duisburg, 3. Liga 22-23)",77.11861756043672
"N. Kölle (23, MSV Duisburg, 3. Liga 22-23)",77.02975636074055
"N. Kölle (23, MSV Duisburg, 3. Liga 22-23)",76.90301119492663
"N. Kölle (23, MSV Duisburg, 3. Liga 22-23)",76.39177326010436
"N. Kölle (23, MSV Duisburg, 3. Liga 22-23)",76.19952595850461
"N. Kölle (23, MSV Duisburg, 3. Liga 22-23)",76.02787207176978
