Player 1,Similarity
"N. May (21, Viktoria Köln, 3. Liga 22-23)",80.25140456073649
"N. May (21, Viktoria Köln, 3. Liga 22-23)",80.11994634636864
"N. May (21, Viktoria Köln, 3. Liga 22-23)",76.65355779011345
"N. May (21, Viktoria Köln, 3. Liga 22-23)",75.83394278495271
"N. May (21, Viktoria Köln, 3. Liga 22-23)",75.60495831998226
"N. May (21, Viktoria Köln, 3. Liga 22-23)",75.4624008979898
"J. Gyamerah (27, Nürnberg, 2. Bundesliga 22-23)",75.37489276127984
"N. May (21, Viktoria Köln, 3. Liga 22-23)",74.3792354032288
"N. May (21, Viktoria Köln, 3. Liga 22-23)",74.2607981696375
"N. May (21, Viktoria Köln, 3. Liga 22-23)",74.05009851656537
"N. May (21, Viktoria Köln, 3. Liga 22-23)",73.68560989390487
"N. May (21, Viktoria Köln, 3. Liga 22-23)",73.58314616828075
"N. May (21, Viktoria Köln, 3. Liga 22-23)",73.27487701096219
"N. May (21, Viktoria Köln, 3. Liga 22-23)",73.16732495371788
"N. May (21, Viktoria Köln, 3. Liga 22-23)",73.06852312697742
"N. May (21, Viktoria Köln, 3. Liga 22-23)",73.06395244612004
"M. Karbownik (22, Fortuna Düsseldorf, 2. Bundesliga 22-23)",72.75655337411084
"N. May (21, Viktoria Köln, 3. Liga 22-23)",72.34241948808102
"N. May (21, Viktoria Köln, 3. Liga 22-23)",72.11633718919366
"N. May (21, Viktoria Köln, 3. Liga 22-23)",72.10328129943944
"N. May (21, Viktoria Köln, 3. Liga 22-23)",71.79193532562756
"N. May (21, Viktoria Köln, 3. Liga 22-23)",71.76778046491538
"N. May (21, Viktoria Köln, 3. Liga 22-23)",71.29222646643187
"N. May (21, Viktoria Köln, 3. Liga 22-23)",71.13921817052535
"N. May (21, Viktoria Köln, 3. Liga 22-23)",71.08841450078526
