Player 1,Similarity
"N. Ochojski (24, Verl, 3. Liga 22-23)",91.09064785853042
"N. Ochojski (24, Verl, 3. Liga 22-23)",90.54425274004934
"D. Köhn (24, Hannover 96, 2. Bundesliga 22-23)",89.59285342164739
"N. Ochojski (24, Verl, 3. Liga 22-23)",88.2274326722087
"N. Ochojski (24, Verl, 3. Liga 22-23)",88.1295047430326
"N. Ochojski (24, Verl, 3. Liga 22-23)",88.03815377036209
"N. Ochojski (24, Verl, 3. Liga 22-23)",87.8071490587616
"N. Ochojski (24, Verl, 3. Liga 22-23)",87.41854655264319
"M. Costly (27, Ingolstadt, 3. Liga 22-23)",87.07486821692945
"N. Ochojski (24, Verl, 3. Liga 22-23)",86.91334635283253
"N. Ochojski (24, Verl, 3. Liga 22-23)",86.84774213509094
"N. Ochojski (24, Verl, 3. Liga 22-23)",86.74150294264525
"N. Ochojski (24, Verl, 3. Liga 22-23)",86.5175975745807
"N. Ochojski (24, Verl, 3. Liga 22-23)",86.14538274278206
"N. Ochojski (24, Verl, 3. Liga 22-23)",86.0255223281323
"N. Ochojski (24, Verl, 3. Liga 22-23)",85.9085388263663
"N. Ochojski (24, Verl, 3. Liga 22-23)",85.68366077686524
"N. Ochojski (24, Verl, 3. Liga 22-23)",85.44607858437926
"N. Ochojski (24, Verl, 3. Liga 22-23)",84.99549714581602
"N. Ochojski (24, Verl, 3. Liga 22-23)",84.92369090609051
"N. Ochojski (24, Verl, 3. Liga 22-23)",84.53675729563777
"N. Ochojski (24, Verl, 3. Liga 22-23)",84.52492510528369
"N. Ochojski (24, Verl, 3. Liga 22-23)",84.07888885109797
"N. Ochojski (24, Verl, 3. Liga 22-23)",84.04856565167732
"N. Ochojski (24, Verl, 3. Liga 22-23)",84.03304428865941
