Player 1,Similarity
"N. Omerović (20, Osijek, 1. HNL 22-23)",85.64291910450785
"N. Omerović (20, Osijek, 1. HNL 22-23)",84.34863422166468
"N. Omerović (20, Osijek, 1. HNL 22-23)",83.7890869928195
"N. Omerović (20, Osijek, 1. HNL 22-23)",82.75161449572454
"N. Omerović (20, Osijek, 1. HNL 22-23)",81.57371911403989
"N. Omerović (20, Osijek, 1. HNL 22-23)",81.5425509016682
"N. Omerović (20, Osijek, 1. HNL 22-23)",81.24678763213103
"N. Omerović (20, Osijek, 1. HNL 22-23)",80.7655334605902
"N. Omerović (20, Osijek, 1. HNL 22-23)",80.35192141994224
"N. Omerović (20, Osijek, 1. HNL 22-23)",80.24121673469409
"N. Omerović (20, Osijek, 1. HNL 22-23)",80.19528987154946
"N. Omerović (20, Osijek, 1. HNL 22-23)",79.9324122107704
"N. Omerović (20, Osijek, 1. HNL 22-23)",79.82177204960674
"N. Omerović (20, Osijek, 1. HNL 22-23)",79.74200447312857
"N. Omerović (20, Osijek, 1. HNL 22-23)",79.5017559941521
"N. Omerović (20, Osijek, 1. HNL 22-23)",79.47178733820357
"N. Omerović (20, Osijek, 1. HNL 22-23)",79.32900050673013
"N. Omerović (20, Osijek, 1. HNL 22-23)",79.32605461454497
"N. Omerović (20, Osijek, 1. HNL 22-23)",79.25320509417602
"N. Omerović (20, Osijek, 1. HNL 22-23)",78.7618079121125
"N. Omerović (20, Osijek, 1. HNL 22-23)",78.27041853437677
"N. Omerović (20, Osijek, 1. HNL 22-23)",78.25785353627373
"N. Omerović (20, Osijek, 1. HNL 22-23)",78.0764798299298
"N. Omerović (20, Osijek, 1. HNL 22-23)",77.73634172516576
"N. Omerović (20, Osijek, 1. HNL 22-23)",77.64799003781796
