Player 1,Similarity
"N. Simon (23, AŠK Bravo, 1. SNL 22-23)",81.7474369494102
"N. Simon (23, AŠK Bravo, 1. SNL 22-23)",75.91369652615676
"N. Simon (23, AŠK Bravo, 1. SNL 22-23)",73.26169920260803
"N. Simon (23, AŠK Bravo, 1. SNL 22-23)",72.99096978333964
"N. Simon (23, AŠK Bravo, 1. SNL 22-23)",72.96339438397695
"N. Simon (23, AŠK Bravo, 1. SNL 22-23)",72.02223131932061
"N. Simon (23, AŠK Bravo, 1. SNL 22-23)",71.57176201409074
"N. Simon (23, AŠK Bravo, 1. SNL 22-23)",71.41352492742865
"N. Simon (23, AŠK Bravo, 1. SNL 22-23)",71.3242089170815
"N. Simon (23, AŠK Bravo, 1. SNL 22-23)",70.38366320946817
"N. Simon (23, AŠK Bravo, 1. SNL 22-23)",69.66489369041136
"N. Simon (23, AŠK Bravo, 1. SNL 22-23)",69.65049844272374
"N. Simon (23, AŠK Bravo, 1. SNL 22-23)",69.42398880483435
"N. Simon (23, AŠK Bravo, 1. SNL 22-23)",69.37853611053268
"N. Simon (23, AŠK Bravo, 1. SNL 22-23)",68.8412060414255
"N. Simon (23, AŠK Bravo, 1. SNL 22-23)",68.47502132164142
"N. Simon (23, AŠK Bravo, 1. SNL 22-23)",68.41646305218151
"N. Simon (23, AŠK Bravo, 1. SNL 22-23)",68.22207941028381
"N. Simon (23, AŠK Bravo, 1. SNL 22-23)",67.68171652919438
"N. Simon (23, AŠK Bravo, 1. SNL 22-23)",67.47486522332183
"N. Simon (23, AŠK Bravo, 1. SNL 22-23)",66.79988365978731
"N. Simon (23, AŠK Bravo, 1. SNL 22-23)",66.6888205988198
"N. Simon (23, AŠK Bravo, 1. SNL 22-23)",66.66835140118786
"N. Simon (23, AŠK Bravo, 1. SNL 22-23)",66.43984168173888
"N. Simon (23, AŠK Bravo, 1. SNL 22-23)",66.30262136433619
