Player 1,Similarity
"N. Đorić (23, Šibenik, 1. HNL 22-23)",86.92041742765748
"N. Đorić (23, Šibenik, 1. HNL 22-23)",85.78515145986971
"N. Đorić (23, Šibenik, 1. HNL 22-23)",82.4932677086981
"N. Đorić (23, Šibenik, 1. HNL 22-23)",82.39089871113164
"N. Đorić (23, Šibenik, 1. HNL 22-23)",82.35842043115797
"N. Đorić (23, Šibenik, 1. HNL 22-23)",82.3555205329389
"N. Đorić (23, Šibenik, 1. HNL 22-23)",81.86855130063594
"N. Đorić (23, Šibenik, 1. HNL 22-23)",81.5809546551174
"N. Đorić (23, Šibenik, 1. HNL 22-23)",81.11256706107946
"N. Đorić (23, Šibenik, 1. HNL 22-23)",81.07764342454752
"N. Đorić (23, Šibenik, 1. HNL 22-23)",81.05235980669117
"N. Đorić (23, Šibenik, 1. HNL 22-23)",81.00204437709506
"N. Đorić (23, Šibenik, 1. HNL 22-23)",80.3231550632123
"N. Đorić (23, Šibenik, 1. HNL 22-23)",80.05888757844343
"N. Đorić (23, Šibenik, 1. HNL 22-23)",79.95759612230374
"N. Đorić (23, Šibenik, 1. HNL 22-23)",79.31296857369553
"N. Đorić (23, Šibenik, 1. HNL 22-23)",79.21059511163946
"N. Đorić (23, Šibenik, 1. HNL 22-23)",79.12642188766763
"N. Đorić (23, Šibenik, 1. HNL 22-23)",78.81837922718297
"N. Đorić (23, Šibenik, 1. HNL 22-23)",78.52321668782784
"N. Đorić (23, Šibenik, 1. HNL 22-23)",78.48252333527932
"N. Đorić (23, Šibenik, 1. HNL 22-23)",78.37537639764378
"N. Đorić (23, Šibenik, 1. HNL 22-23)",77.93147547156907
"N. Đorić (23, Šibenik, 1. HNL 22-23)",77.89643052556309
"N. Đorić (23, Šibenik, 1. HNL 22-23)",77.81467178476736
