Player 1,Similarity
"O. Correia (23, Koper, 1. SNL 22-23)",84.61247088890056
"O. Correia (23, Koper, 1. SNL 22-23)",83.99293182160729
"O. Correia (23, Koper, 1. SNL 22-23)",83.96763913592137
"O. Correia (23, Koper, 1. SNL 22-23)",83.54389193975396
"O. Correia (23, Koper, 1. SNL 22-23)",81.79039826946396
"O. Correia (23, Koper, 1. SNL 22-23)",81.57855429173352
"O. Correia (23, Koper, 1. SNL 22-23)",81.52804521324751
"O. Correia (23, Koper, 1. SNL 22-23)",81.26403222048295
"O. Correia (23, Koper, 1. SNL 22-23)",80.94009697864198
"O. Correia (23, Koper, 1. SNL 22-23)",80.16634589326443
"O. Correia (23, Koper, 1. SNL 22-23)",79.80403327299847
"O. Correia (23, Koper, 1. SNL 22-23)",79.72843340461692
"O. Correia (23, Koper, 1. SNL 22-23)",79.60860819614908
"O. Correia (23, Koper, 1. SNL 22-23)",79.2912872066023
"O. Correia (23, Koper, 1. SNL 22-23)",79.25450344803141
"O. Correia (23, Koper, 1. SNL 22-23)",79.11984620226949
"O. Correia (23, Koper, 1. SNL 22-23)",79.11952844585221
"O. Correia (23, Koper, 1. SNL 22-23)",78.75790610762293
"O. Correia (23, Koper, 1. SNL 22-23)",78.66037947964092
"O. Correia (23, Koper, 1. SNL 22-23)",78.23457405470877
"O. Correia (23, Koper, 1. SNL 22-23)",78.08331787475626
"O. Correia (23, Koper, 1. SNL 22-23)",78.04274847935017
"O. Correia (23, Koper, 1. SNL 22-23)",77.92655581637689
"O. Correia (23, Koper, 1. SNL 22-23)",77.86583480393227
"M. Marić (25, Lokomotiva Zagreb, 1. HNL 22-23)",77.6429009774071
