Player 1,Similarity
"O. Käuper (26, Meppen, 3. Liga 22-23)",77.42980712420214
"O. Käuper (26, Meppen, 3. Liga 22-23)",76.43017112413251
"O. Käuper (26, Meppen, 3. Liga 22-23)",74.63969439747295
"O. Käuper (26, Meppen, 3. Liga 22-23)",74.24751966388679
"O. Käuper (26, Meppen, 3. Liga 22-23)",74.21029644876204
"O. Käuper (26, Meppen, 3. Liga 22-23)",73.17092777787548
"O. Käuper (26, Meppen, 3. Liga 22-23)",72.84453798896452
"O. Käuper (26, Meppen, 3. Liga 22-23)",72.66262676446355
"O. Käuper (26, Meppen, 3. Liga 22-23)",72.5484332750225
"O. Käuper (26, Meppen, 3. Liga 22-23)",72.01519643910163
"O. Käuper (26, Meppen, 3. Liga 22-23)",71.42062568696507
"O. Käuper (26, Meppen, 3. Liga 22-23)",71.41016795742391
"O. Käuper (26, Meppen, 3. Liga 22-23)",70.8041064791092
"O. Käuper (26, Meppen, 3. Liga 22-23)",70.45277238727786
"O. Käuper (26, Meppen, 3. Liga 22-23)",70.44362531193971
"O. Käuper (26, Meppen, 3. Liga 22-23)",69.99272541321054
"O. Käuper (26, Meppen, 3. Liga 22-23)",69.7252360726264
"J. Hendrix (28, Fortuna Düsseldorf, 2. Bundesliga 22-23)",68.83797287914336
"P. Will (24, Dynamo Dresden, 3. Liga 22-23)",68.78977235853834
"O. Käuper (26, Meppen, 3. Liga 22-23)",68.50784830125973
"O. Käuper (26, Meppen, 3. Liga 22-23)",68.47338996979005
"O. Käuper (26, Meppen, 3. Liga 22-23)",68.27680795787118
"J. Geis (29, Nürnberg, 2. Bundesliga 22-23)",68.25969078862157
"O. Käuper (26, Meppen, 3. Liga 22-23)",68.16232641854269
"O. Käuper (26, Meppen, 3. Liga 22-23)",67.8014040309356
