Player 1,Similarity
"O. Petrusenko (25, Istra 1961, 1. HNL 22-23)",81.71851424275566
"O. Petrusenko (25, Istra 1961, 1. HNL 22-23)",81.52025631219216
"O. Petrusenko (25, Istra 1961, 1. HNL 22-23)",80.6893763882655
"O. Petrusenko (25, Istra 1961, 1. HNL 22-23)",78.44175097057547
"O. Petrusenko (25, Istra 1961, 1. HNL 22-23)",77.38314486343
"O. Petrusenko (25, Istra 1961, 1. HNL 22-23)",76.62930025953871
"O. Petrusenko (25, Istra 1961, 1. HNL 22-23)",75.73931765518545
"O. Petrusenko (25, Istra 1961, 1. HNL 22-23)",75.11317359142265
"O. Petrusenko (25, Istra 1961, 1. HNL 22-23)",75.04991956444667
"O. Petrusenko (25, Istra 1961, 1. HNL 22-23)",74.86475698580931
"O. Petrusenko (25, Istra 1961, 1. HNL 22-23)",74.48035771400015
"O. Petrusenko (25, Istra 1961, 1. HNL 22-23)",74.42293313081234
"O. Petrusenko (25, Istra 1961, 1. HNL 22-23)",74.31603846740028
"O. Petrusenko (25, Istra 1961, 1. HNL 22-23)",73.97042956388532
"O. Petrusenko (25, Istra 1961, 1. HNL 22-23)",73.39080492461679
"O. Petrusenko (25, Istra 1961, 1. HNL 22-23)",72.47491061805589
"O. Petrusenko (25, Istra 1961, 1. HNL 22-23)",72.41497540458084
"O. Petrusenko (25, Istra 1961, 1. HNL 22-23)",71.62708195458865
"O. Petrusenko (25, Istra 1961, 1. HNL 22-23)",71.30180828373086
"O. Petrusenko (25, Istra 1961, 1. HNL 22-23)",71.21487801548733
"O. Petrusenko (25, Istra 1961, 1. HNL 22-23)",71.11587501193688
"O. Petrusenko (25, Istra 1961, 1. HNL 22-23)",70.69855684956251
"O. Petrusenko (25, Istra 1961, 1. HNL 22-23)",70.15304802219369
"O. Petrusenko (25, Istra 1961, 1. HNL 22-23)",70.00746310996765
"O. Petrusenko (25, Istra 1961, 1. HNL 22-23)",69.25387723615539
