Player 1,Similarity
"O. Traorè (25, Osnabrück, 3. Liga 22-23)",91.53243546855916
"O. Traorè (25, Osnabrück, 3. Liga 22-23)",88.98008256173287
"O. Traorè (25, Osnabrück, 3. Liga 22-23)",88.54752632777077
"O. Traorè (25, Osnabrück, 3. Liga 22-23)",88.07049031267906
"J. Urbančič (22, Gorica, 1. SNL 22-23)",87.734825181488
"O. Traorè (25, Osnabrück, 3. Liga 22-23)",87.57667739304053
"O. Traorè (25, Osnabrück, 3. Liga 22-23)",86.80891384709827
"O. Traorè (25, Osnabrück, 3. Liga 22-23)",86.65493925635516
"O. Traorè (25, Osnabrück, 3. Liga 22-23)",86.07246702610041
"O. Traorè (25, Osnabrück, 3. Liga 22-23)",85.89307975823266
"O. Traorè (25, Osnabrück, 3. Liga 22-23)",85.82454962083406
"M. Karbownik (22, Fortuna Düsseldorf, 2. Bundesliga 22-23)",85.51044838676121
"O. Traorè (25, Osnabrück, 3. Liga 22-23)",84.80670982596503
"O. Traorè (25, Osnabrück, 3. Liga 22-23)",84.80564230582178
"O. Traorè (25, Osnabrück, 3. Liga 22-23)",84.55738441498787
"O. Traorè (25, Osnabrück, 3. Liga 22-23)",84.39004870131676
"O. Traorè (25, Osnabrück, 3. Liga 22-23)",84.30557328695464
"M. Bader (25, Darmstadt 98, 2. Bundesliga 22-23)",84.18574761389344
"O. Traorè (25, Osnabrück, 3. Liga 22-23)",83.7385494105318
"O. Traorè (25, Osnabrück, 3. Liga 22-23)",83.6313557254321
"O. Traorè (25, Osnabrück, 3. Liga 22-23)",83.392432430579
"O. Traorè (25, Osnabrück, 3. Liga 22-23)",83.32844471722133
"O. Traorè (25, Osnabrück, 3. Liga 22-23)",83.18064167003345
"O. Traorè (25, Osnabrück, 3. Liga 22-23)",83.11392445411677
"O. Traorè (25, Osnabrück, 3. Liga 22-23)",83.08626683027924
