Player 1,Similarity
"Osmar Barba (35, Seoul, K League 1 2023)",75.19286345666887
"Osmar Barba (35, Seoul, K League 1 2023)",74.07626249515998
"Osmar Barba (35, Seoul, K League 1 2023)",73.50058309381589
"Osmar Barba (35, Seoul, K League 1 2023)",72.8619907046631
"Osmar Barba (35, Seoul, K League 1 2023)",72.63002997104479
"Osmar Barba (35, Seoul, K League 1 2023)",71.90812189452177
"Osmar Barba (35, Seoul, K League 1 2023)",71.0724862989102
"Osmar Barba (35, Seoul, K League 1 2023)",70.27045129775583
"T. Ko (25, Albirex Niigata, J1 2023)",70.01665451114465
"Osmar Barba (35, Seoul, K League 1 2023)",69.0108337103477
"A. Moreno (24, Racing Club, Argentinian Primera División 2023)",68.90119707499763
"Osmar Barba (35, Seoul, K League 1 2023)",68.7956523780614
"Osmar Barba (35, Seoul, K League 1 2023)",68.41356563634878
"M. Vrbanec (26, Celje, 1. SNL 22-23)",68.3096658393002
"Osmar Barba (35, Seoul, K League 1 2023)",68.28341022056502
"K. Tachibanada (24, Kawasaki Frontale, J1 2023)",68.11809976059729
"Osmar Barba (35, Seoul, K League 1 2023)",67.69135729088899
"M. Kjølø (21, Twente, Eredivisie 22-23)",67.5572403987784
"Osmar Barba (35, Seoul, K League 1 2023)",67.55281042309323
"Mohamed Ghanam (26, Future, Egyptian Premier League 22-23)",67.05825082354995
"Osmar Barba (35, Seoul, K League 1 2023)",66.62074145525075
"Osmar Barba (35, Seoul, K League 1 2023)",66.59326289804977
"F. Moyano (25, Argentinos Juniors, Argentinian Primera División 2023)",66.50057175393654
"Osmar Barba (35, Seoul, K League 1 2023)",66.36347065214129
"Osmar Barba (35, Seoul, K League 1 2023)",66.32664415874113
