Player 1,Similarity
"P. Bočkaj (26, Dinamo Zagreb, 1. HNL 22-23)",92.36384022577408
"P. Bočkaj (26, Dinamo Zagreb, 1. HNL 22-23)",90.65869524924834
"P. Bočkaj (26, Dinamo Zagreb, 1. HNL 22-23)",90.46727279724657
"P. Bočkaj (26, Dinamo Zagreb, 1. HNL 22-23)",90.29291059951552
"P. Bočkaj (26, Dinamo Zagreb, 1. HNL 22-23)",90.110332933948
"P. Bočkaj (26, Dinamo Zagreb, 1. HNL 22-23)",89.90218696160458
"P. Bočkaj (26, Dinamo Zagreb, 1. HNL 22-23)",89.87068043423301
"P. Bočkaj (26, Dinamo Zagreb, 1. HNL 22-23)",89.62452013255438
"P. Bočkaj (26, Dinamo Zagreb, 1. HNL 22-23)",89.32864194079461
"P. Bočkaj (26, Dinamo Zagreb, 1. HNL 22-23)",89.17455319483484
"P. Bočkaj (26, Dinamo Zagreb, 1. HNL 22-23)",88.85547690634088
"P. Bočkaj (26, Dinamo Zagreb, 1. HNL 22-23)",88.71582841373788
"P. Bočkaj (26, Dinamo Zagreb, 1. HNL 22-23)",88.59265949160162
"P. Bočkaj (26, Dinamo Zagreb, 1. HNL 22-23)",88.49501022203751
"P. Bočkaj (26, Dinamo Zagreb, 1. HNL 22-23)",88.48562193891362
"P. Bočkaj (26, Dinamo Zagreb, 1. HNL 22-23)",88.40025882920328
"P. Bočkaj (26, Dinamo Zagreb, 1. HNL 22-23)",88.3867234777957
"P. Bočkaj (26, Dinamo Zagreb, 1. HNL 22-23)",88.17433842695885
"P. Bočkaj (26, Dinamo Zagreb, 1. HNL 22-23)",88.1392081266661
"P. Bočkaj (26, Dinamo Zagreb, 1. HNL 22-23)",87.93937694164006
"P. Bočkaj (26, Dinamo Zagreb, 1. HNL 22-23)",87.93863356003577
"P. Bočkaj (26, Dinamo Zagreb, 1. HNL 22-23)",87.64149206011943
"P. Bočkaj (26, Dinamo Zagreb, 1. HNL 22-23)",87.39657445844482
"P. Bočkaj (26, Dinamo Zagreb, 1. HNL 22-23)",87.37575461455683
"P. Bočkaj (26, Dinamo Zagreb, 1. HNL 22-23)",87.3223458450742
