Player 1,Similarity
"P. Ba (25, Grenoble, Ligue 2 22-23)",90.8469222324832
"S. Conteh (26, Paderborn, 2. Bundesliga 22-23)",90.7416657183355
"P. Ba (25, Grenoble, Ligue 2 22-23)",89.84496593684935
"P. Ba (25, Grenoble, Ligue 2 22-23)",89.6763411534939
"P. Ba (25, Grenoble, Ligue 2 22-23)",89.4472473807435
"P. Ba (25, Grenoble, Ligue 2 22-23)",88.76257224967733
"H. Martín (30, América, Liga MX 22-23)",88.62539528448006
"P. Ba (25, Grenoble, Ligue 2 22-23)",88.40564559040776
"P. Ba (25, Grenoble, Ligue 2 22-23)",88.19072316792334
"P. Ba (25, Grenoble, Ligue 2 22-23)",87.81235919353324
"P. Ba (25, Grenoble, Ligue 2 22-23)",87.785850231763
"P. Ba (25, Grenoble, Ligue 2 22-23)",87.60409509829981
"P. Ba (25, Grenoble, Ligue 2 22-23)",87.4169111758633
"J. Mbakogu (30, Triestina, Serie C 22-23)",87.35108365572559
"P. Ba (25, Grenoble, Ligue 2 22-23)",87.11653122194178
"P. Ba (25, Grenoble, Ligue 2 22-23)",86.99768433030455
"P. Ba (25, Grenoble, Ligue 2 22-23)",86.97279755075073
"B. Pethő (24, Gyirmót, NB II 22-23)",86.83019889436514
"O. Watkins (27, Aston Villa, Premier League 22-23)",86.79835522315645
"G. Pușcaș (27, Genoa, Serie B 22-23)",86.78583521685002
"P. Ba (25, Grenoble, Ligue 2 22-23)",86.68358307083292
"A. Porras (32, Guastatoya, Guatemala Liga Nacional 22-23)",86.495093023957
"P. Ba (25, Grenoble, Ligue 2 22-23)",86.40665333067193
"P. Ba (25, Grenoble, Ligue 2 22-23)",86.38489956029288
"P. Ba (25, Grenoble, Ligue 2 22-23)",86.35737448703502
