Player 1,Similarity
"Q. Promes (31, Spartak Moskva, Russian Premier League 22-23)",92.47198525330968
"P. Dybala (29, Roma, Serie A 22-23)",91.49525600354332
"P. Dybala (29, Roma, Serie A 22-23)",88.62223373796829
"Cesinha (33, Daegu, K League 1 2023)",88.30124677425461
"P. Dybala (29, Roma, Serie A 22-23)",85.77394115426567
"P. Dybala (29, Roma, Serie A 22-23)",85.76752939225275
"P. Dybala (29, Roma, Serie A 22-23)",85.70975768858034
"P. Dybala (29, Roma, Serie A 22-23)",85.65964748486255
"P. Dybala (29, Roma, Serie A 22-23)",84.56207738061345
"P. Dybala (29, Roma, Serie A 22-23)",83.58817059990477
"P. Dybala (29, Roma, Serie A 22-23)",83.50510843841617
"P. Dybala (29, Roma, Serie A 22-23)",82.895030223041
"P. Dybala (29, Roma, Serie A 22-23)",82.68333751791141
"P. Dybala (29, Roma, Serie A 22-23)",82.67151728369376
"P. Dybala (29, Roma, Serie A 22-23)",82.25135242087075
"P. Dybala (29, Roma, Serie A 22-23)",82.10711184775663
"P. Dybala (29, Roma, Serie A 22-23)",82.0959733935278
"P. Dybala (29, Roma, Serie A 22-23)",82.0599650321087
"P. Dybala (29, Roma, Serie A 22-23)",81.73559508524741
"P. Dybala (29, Roma, Serie A 22-23)",81.6539552909983
"P. Dybala (29, Roma, Serie A 22-23)",81.64354333963098
"P. Dybala (29, Roma, Serie A 22-23)",81.52297441607205
"P. Dybala (29, Roma, Serie A 22-23)",80.98058718116494
"P. Dybala (29, Roma, Serie A 22-23)",80.83502262298371
"P. Dybala (29, Roma, Serie A 22-23)",80.30000138613475
