Player 1,Similarity
"R. Manning (26, Swansea City, Championship 22-23)",91.997637247846
"P. Frankowski (28, Lens, Ligue 1 22-23)",91.98772025126586
"B. Sosa (25, Stuttgart, Bundesliga 22-23)",91.98683990691453
"P. Frankowski (28, Lens, Ligue 1 22-23)",91.51250964926176
"A. Büttner (34, De Graafschap, Eerste Divisie 22-23)",91.20864658699848
"P. Frankowski (28, Lens, Ligue 1 22-23)",90.1580119094631
"P. Frankowski (28, Lens, Ligue 1 22-23)",90.047501980546
"P. Frankowski (28, Lens, Ligue 1 22-23)",89.90673565358622
"P. Frankowski (28, Lens, Ligue 1 22-23)",89.87435233423552
"P. Frankowski (28, Lens, Ligue 1 22-23)",89.43282533850667
"J. Bree (25, Luton Town, Championship 22-23)",88.99384673141509
"L. Davis (23, Ipswich Town, League One 22-23)",88.84458934699538
"P. Frankowski (28, Lens, Ligue 1 22-23)",88.7919662401948
"P. Frankowski (28, Lens, Ligue 1 22-23)",88.78502506242515
"P. Bočkaj (26, Dinamo Zagreb, 1. HNL 22-23)",88.71582841373788
"I. Rivero (31, Cruz Azul, Liga MX 22-23)",88.34736867402675
"P. Frankowski (28, Lens, Ligue 1 22-23)",88.14111936815384
"P. Frankowski (28, Lens, Ligue 1 22-23)",88.08165692443384
"D. Raum (25, RB Leipzig, Bundesliga 22-23)",87.81282504952462
"P. Frankowski (28, Lens, Ligue 1 22-23)",87.63165119506532
"Miiko Albornoz (32, Vejle, Danish 1. Division 22-23)",87.61566267105361
"P. Frankowski (28, Lens, Ligue 1 22-23)",87.5847459939519
"P. Frankowski (28, Lens, Ligue 1 22-23)",87.56556237868865
"J. Keiblinger (22, St. Pölten, Austrian 2. Liga 22-23)",87.52411329835925
"P. Frankowski (28, Lens, Ligue 1 22-23)",87.43515997679727
