Player 1,Similarity
"P. Rosario (26, Nice, Ligue 1 22-23)",84.16874253100868
"A. Tahiri (28, Heerenveen, Eredivisie 22-23)",83.13540516787457
"P. Rosario (26, Nice, Ligue 1 22-23)",82.64211940359078
"E. Shirai (27, Tokushima Vortis, J2 2023)",81.72836294787156
"P. Rosario (26, Nice, Ligue 1 22-23)",81.42117997218156
"P. Rosario (26, Nice, Ligue 1 22-23)",81.24620516128344
"P. Rosario (26, Nice, Ligue 1 22-23)",81.10508765810688
"M. Marić (25, Lokomotiva Zagreb, 1. HNL 22-23)",79.51921750386734
"J. Ogu (35, Maccabi Kabilio Jaffa, Liga Leumit 22-23)",79.1856978711201
"H. Larsson (18, Malmö FF, Allsvenskan 2023)",79.17233680382274
"P. Rosario (26, Nice, Ligue 1 22-23)",78.79891058238456
"P. Rosario (26, Nice, Ligue 1 22-23)",78.36867642211325
"D. Proper (21, NEC, Eredivisie 22-23)",78.34668509455281
"P. Rosario (26, Nice, Ligue 1 22-23)",77.66116140290148
"P. Rosario (26, Nice, Ligue 1 22-23)",77.60525591638257
"M. Zabukovnik (22, Celje, 1. SNL 22-23)",77.50502312116986
"Y. Kobayashi (28, JEF United, J2 2023)",77.05910132162788
"A. Diakhate (35, Kaspyi, Kazakh Premier League 2023)",76.97903529296605
"P. Rosario (26, Nice, Ligue 1 22-23)",76.08477287047134
"P. Rosario (26, Nice, Ligue 1 22-23)",76.0743035595715
"C. Sepúlveda (30, Huachipato, Chilean Primera División 2023)",75.97697584386559
"L. Kotev (25, Arda, Bulgarian First League 22-23)",75.911949848143
"Martín Zubimendi (24, Real Sociedad, La Liga 22-23)",75.78012004410117
"P. Rosario (26, Nice, Ligue 1 22-23)",75.62738446065093
"P. Rosario (26, Nice, Ligue 1 22-23)",75.4872646039366
