Player 1,Similarity
"P. Steinhart (30, 1860 München, 3. Liga 22-23)",85.59133151122559
"P. Steinhart (30, 1860 München, 3. Liga 22-23)",84.10287150773564
"P. Steinhart (30, 1860 München, 3. Liga 22-23)",83.96416462903504
"P. Steinhart (30, 1860 München, 3. Liga 22-23)",83.44842070315832
"P. Steinhart (30, 1860 München, 3. Liga 22-23)",80.73838807717024
"P. Steinhart (30, 1860 München, 3. Liga 22-23)",80.22144395562685
"P. Steinhart (30, 1860 München, 3. Liga 22-23)",80.0776399762736
"P. Steinhart (30, 1860 München, 3. Liga 22-23)",79.81044024289436
"P. Steinhart (30, 1860 München, 3. Liga 22-23)",79.79571326241816
"P. Steinhart (30, 1860 München, 3. Liga 22-23)",79.7759812516207
"P. Steinhart (30, 1860 München, 3. Liga 22-23)",79.39755844843836
"P. Steinhart (30, 1860 München, 3. Liga 22-23)",78.61342123645015
"P. Steinhart (30, 1860 München, 3. Liga 22-23)",78.37225002145564
"P. Steinhart (30, 1860 München, 3. Liga 22-23)",78.17455859727106
"P. Steinhart (30, 1860 München, 3. Liga 22-23)",78.09931797366248
"P. Steinhart (30, 1860 München, 3. Liga 22-23)",77.88700323856322
"P. Steinhart (30, 1860 München, 3. Liga 22-23)",77.7884321134045
"P. Steinhart (30, 1860 München, 3. Liga 22-23)",77.6224230610237
"P. Steinhart (30, 1860 München, 3. Liga 22-23)",77.56022676257204
"P. Steinhart (30, 1860 München, 3. Liga 22-23)",77.43828375232256
"P. Steinhart (30, 1860 München, 3. Liga 22-23)",77.35874686639293
"P. Steinhart (30, 1860 München, 3. Liga 22-23)",76.64396865391693
"P. Steinhart (30, 1860 München, 3. Liga 22-23)",76.19269949004875
"P. Steinhart (30, 1860 München, 3. Liga 22-23)",76.12461629269197
"P. Steinhart (30, 1860 München, 3. Liga 22-23)",76.07498226798782
