Player 1,Similarity
"P. Salomon (34, Šibenik, 1. HNL 22-23)",83.90940747226774
"P. Salomon (34, Šibenik, 1. HNL 22-23)",81.60847490086186
"P. Salomon (34, Šibenik, 1. HNL 22-23)",80.90413048386857
"P. Salomon (34, Šibenik, 1. HNL 22-23)",79.63865394719124
"P. Salomon (34, Šibenik, 1. HNL 22-23)",79.14399083887544
"P. Salomon (34, Šibenik, 1. HNL 22-23)",79.08635528241025
"P. Salomon (34, Šibenik, 1. HNL 22-23)",78.82666497037778
"P. Salomon (34, Šibenik, 1. HNL 22-23)",75.00930861116863
"P. Salomon (34, Šibenik, 1. HNL 22-23)",74.86619576000835
"P. Salomon (34, Šibenik, 1. HNL 22-23)",74.82339183064354
"P. Salomon (34, Šibenik, 1. HNL 22-23)",73.34137888422705
"P. Salomon (34, Šibenik, 1. HNL 22-23)",72.7434008415861
"P. Salomon (34, Šibenik, 1. HNL 22-23)",71.95010041986954
"P. Salomon (34, Šibenik, 1. HNL 22-23)",71.72544110726321
"P. Salomon (34, Šibenik, 1. HNL 22-23)",71.39316530395166
"P. Salomon (34, Šibenik, 1. HNL 22-23)",70.19898566034739
"P. Salomon (34, Šibenik, 1. HNL 22-23)",69.95338293444686
"P. Salomon (34, Šibenik, 1. HNL 22-23)",69.82375142322071
"P. Salomon (34, Šibenik, 1. HNL 22-23)",69.70531570947323
"P. Salomon (34, Šibenik, 1. HNL 22-23)",69.60625299769393
"P. Salomon (34, Šibenik, 1. HNL 22-23)",68.86777388293768
"P. Salomon (34, Šibenik, 1. HNL 22-23)",68.84575029893246
"P. Salomon (34, Šibenik, 1. HNL 22-23)",68.794603814999
"P. Salomon (34, Šibenik, 1. HNL 22-23)",68.76781136169299
"P. Salomon (34, Šibenik, 1. HNL 22-23)",68.70299279125959
