Player 1,Similarity
"P. Treu (22, Freiburg II, 3. Liga 22-23)",91.02766547656852
"P. Treu (22, Freiburg II, 3. Liga 22-23)",89.48033366129783
"P. Treu (22, Freiburg II, 3. Liga 22-23)",88.97101197524856
"P. Treu (22, Freiburg II, 3. Liga 22-23)",88.60003729054547
"P. Treu (22, Freiburg II, 3. Liga 22-23)",88.3545333043816
"P. Treu (22, Freiburg II, 3. Liga 22-23)",88.27312909634612
"P. Treu (22, Freiburg II, 3. Liga 22-23)",88.11929403361428
"P. Treu (22, Freiburg II, 3. Liga 22-23)",87.7208200862667
"M. Bader (25, Darmstadt 98, 2. Bundesliga 22-23)",87.54784523320632
"P. Treu (22, Freiburg II, 3. Liga 22-23)",87.51457470751984
"P. Treu (22, Freiburg II, 3. Liga 22-23)",87.18866563415816
"P. Treu (22, Freiburg II, 3. Liga 22-23)",86.9854171636365
"P. Treu (22, Freiburg II, 3. Liga 22-23)",86.95450943282503
"P. Treu (22, Freiburg II, 3. Liga 22-23)",86.77867850909938
"P. Treu (22, Freiburg II, 3. Liga 22-23)",86.59150878958268
"P. Treu (22, Freiburg II, 3. Liga 22-23)",86.5678997691132
"P. Treu (22, Freiburg II, 3. Liga 22-23)",86.2137940490837
"P. Treu (22, Freiburg II, 3. Liga 22-23)",85.99174223261072
"P. Treu (22, Freiburg II, 3. Liga 22-23)",85.98191171201613
"P. Treu (22, Freiburg II, 3. Liga 22-23)",85.81249176968649
"P. Treu (22, Freiburg II, 3. Liga 22-23)",85.63725452872336
"P. Treu (22, Freiburg II, 3. Liga 22-23)",85.5860582862366
"P. Treu (22, Freiburg II, 3. Liga 22-23)",85.47513315543239
"P. Treu (22, Freiburg II, 3. Liga 22-23)",85.29770316779766
"P. Treu (22, Freiburg II, 3. Liga 22-23)",85.05710961170648
