Player 1,Similarity
"P. Utaka (39, Ventforet Kofu, J2 2023)",91.14474303516006
"Z. Marušić (29, Dinamo Tbilisi, Erovnuli Liga 2023)",90.22367313238628
"D. David (27, Maccabi Haifa, Ligat Ha'al 22-23)",89.17193176667216
"P. Utaka (39, Ventforet Kofu, J2 2023)",88.15089055490701
"Rubén Castro (41, Málaga, La Liga 2 22-23)",87.45746468683984
"P. Utaka (39, Ventforet Kofu, J2 2023)",87.44723199791015
"P. Utaka (39, Ventforet Kofu, J2 2023)",86.95077110881911
"V. Jurečka (28, Slavia Praha, Czech Fortuna Liga 22-23)",86.85388668342372
"P. Utaka (39, Ventforet Kofu, J2 2023)",86.54377514463411
"P. Utaka (39, Ventforet Kofu, J2 2023)",86.4902449653803
"H. Preciado (28, Santos Laguna, Liga MX 22-23)",86.28238544371574
"M. Kuzma (34, Podbrezová, Slovak Super Liga 22-23)",86.24375264611032
"P. Utaka (39, Ventforet Kofu, J2 2023)",86.1049610900475
"P. Utaka (39, Ventforet Kofu, J2 2023)",86.08574146998211
"P. Utaka (39, Ventforet Kofu, J2 2023)",86.02082857832578
"P. Utaka (39, Ventforet Kofu, J2 2023)",85.65163819661925
"K. Koné (33, Yverdon Sport, Swiss Challenge League 22-23)",85.56481403019313
"P. Utaka (39, Ventforet Kofu, J2 2023)",85.53677883295117
"P. Utaka (39, Ventforet Kofu, J2 2023)",85.40458427810458
"P. Utaka (39, Ventforet Kofu, J2 2023)",85.37237892733972
"D. Vente (24, Roda JC, Eerste Divisie 22-23)",85.33826876498355
"K. Gameiro (36, Strasbourg, Ligue 1 22-23)",85.22742887324581
"P. Utaka (39, Ventforet Kofu, J2 2023)",85.14842193002346
"D. Gabay (36, Maccabi Kabilio Jaffa, Liga Leumit 22-23)",85.12636938047933
"P. Utaka (39, Ventforet Kofu, J2 2023)",85.05947655961837
