Player 1,Similarity
"Pablo Clavería (27, Lugo, La Liga 2 22-23)",66.23734432733849
"Pablo Clavería (27, Lugo, La Liga 2 22-23)",65.98986687911275
"Pablo Clavería (27, Lugo, La Liga 2 22-23)",65.82715532841587
"Pablo Clavería (27, Lugo, La Liga 2 22-23)",65.71837348907063
"Pablo Clavería (27, Lugo, La Liga 2 22-23)",65.0652415980743
"Pablo Clavería (27, Lugo, La Liga 2 22-23)",64.82231777692643
"Pablo Clavería (27, Lugo, La Liga 2 22-23)",64.49073186177483
"Pablo Clavería (27, Lugo, La Liga 2 22-23)",64.42204778977414
"Pablo Clavería (27, Lugo, La Liga 2 22-23)",63.397743617317936
"Pablo Clavería (27, Lugo, La Liga 2 22-23)",62.983309839024045
"Pablo Clavería (27, Lugo, La Liga 2 22-23)",60.29416871073364
"Pablo Clavería (27, Lugo, La Liga 2 22-23)",60.02106780044865
"Pablo Clavería (27, Lugo, La Liga 2 22-23)",59.18695579004377
"Pablo Clavería (27, Lugo, La Liga 2 22-23)",58.85547620681271
"A. Tanjung (29, PSM, BRI Liga 1 22-23)",58.83068174180084
"Pablo Clavería (27, Lugo, La Liga 2 22-23)",58.53843213192405
"Pablo Clavería (27, Lugo, La Liga 2 22-23)",58.26756274139397
"Pablo Clavería (27, Lugo, La Liga 2 22-23)",57.366986966454704
"Pablo Clavería (27, Lugo, La Liga 2 22-23)",57.07354970535189
"D. Matković (21, Leotar, Bosnian Premier League 22-23)",57.00075013089098
"T. Rieder (29, 1860 München, 3. Liga 22-23)",56.970277777140446
"Pablo Clavería (27, Lugo, La Liga 2 22-23)",56.85853025677342
"Pablo Clavería (27, Lugo, La Liga 2 22-23)",56.74139029879589
"P. Grabher (29, Austria Lustenau, Austrian Bundesliga 22-23)",56.64398541931257
"Pablo Clavería (27, Lugo, La Liga 2 22-23)",56.111275653599776
