Player 1,Similarity
"L. Boyé (27, Elche, La Liga 22-23)",86.08107501707356
"J. Thiaré (30, Le Havre, Ligue 2 22-23)",85.81496323508455
"Pedro Henrique (31, Persikabo 1973, BRI Liga 1 22-23)",85.03326408678099
"Pedro Henrique (31, Persikabo 1973, BRI Liga 1 22-23)",83.64689375124475
"Pedro Henrique (31, Persikabo 1973, BRI Liga 1 22-23)",81.72822558227249
"Pedro Henrique (31, Persikabo 1973, BRI Liga 1 22-23)",81.54941394186547
"Pedro Henrique (31, Persikabo 1973, BRI Liga 1 22-23)",81.37628946304211
"Pedro Henrique (31, Persikabo 1973, BRI Liga 1 22-23)",80.62004248239519
"L. Landín (37, Comunicaciones, Guatemala Liga Nacional 22-23)",79.22837110566657
"Pedro Henrique (31, Persikabo 1973, BRI Liga 1 22-23)",78.94648285051495
"Pedro Henrique (31, Persikabo 1973, BRI Liga 1 22-23)",78.83221774830261
"Pedro Henrique (31, Persikabo 1973, BRI Liga 1 22-23)",78.80051315683414
"Pedro Henrique (31, Persikabo 1973, BRI Liga 1 22-23)",78.67490701414886
"Pedro Henrique (31, Persikabo 1973, BRI Liga 1 22-23)",78.16273922887585
"V. Triboulet (23, Beroe, Bulgarian First League 22-23)",77.1103259920777
"Pedro Henrique (31, Persikabo 1973, BRI Liga 1 22-23)",76.83531278200573
"Pedro Henrique (31, Persikabo 1973, BRI Liga 1 22-23)",76.81733439605262
"Pedro Henrique (31, Persikabo 1973, BRI Liga 1 22-23)",76.76316291538076
"Pedro Henrique (31, Persikabo 1973, BRI Liga 1 22-23)",76.53529418645952
"Pedro Henrique (31, Persikabo 1973, BRI Liga 1 22-23)",76.42809040654922
"Pedro Henrique (31, Persikabo 1973, BRI Liga 1 22-23)",76.16160634824121
"Pedro Henrique (31, Persikabo 1973, BRI Liga 1 22-23)",75.92476287121384
"Pedro Henrique (31, Persikabo 1973, BRI Liga 1 22-23)",75.78254954843683
"Pedro Henrique (31, Persikabo 1973, BRI Liga 1 22-23)",75.59502374339472
"Pedro Henrique (31, Persikabo 1973, BRI Liga 1 22-23)",75.52849045961281
