Player 1,Similarity
"Pepelu (24, Levante, La Liga 2 22-23)",85.53540214933875
"Pepelu (24, Levante, La Liga 2 22-23)",83.61198673817199
"Pepelu (24, Levante, La Liga 2 22-23)",83.57390477622526
"M. Sequen (29, Municipal, Guatemala Liga Nacional 22-23)",83.15950738377836
"L. Flores (29, Sporting San José, Costa Rica Primera División 22-23)",82.68506408035826
"J. Alvarado (23, Medellín, Colombian Primera Division 22-23)",81.49285049955579
"Pepelu (24, Levante, La Liga 2 22-23)",81.2355094054419
"Pepelu (24, Levante, La Liga 2 22-23)",80.96439867276452
"Pepelu (24, Levante, La Liga 2 22-23)",80.79619982495986
"Pepelu (24, Levante, La Liga 2 22-23)",80.49378650677983
"Pepelu (24, Levante, La Liga 2 22-23)",80.24014220659882
"L. Piovi (30, LDU Quito, Ecuador Liga Pro 2023)",80.02809717516764
"Pepelu (24, Levante, La Liga 2 22-23)",79.80103830982297
"Pepelu (24, Levante, La Liga 2 22-23)",78.76835059850855
"Pepelu (24, Levante, La Liga 2 22-23)",78.31627006594141
"Hak-Yeong Shin (29, Gangneung City, K3 League 2023)",77.9203675971144
"Pepelu (24, Levante, La Liga 2 22-23)",77.86526691998166
"M. Russell (34, Iztapa, Guatemala Liga Nacional 22-23)",77.71691495523127
"Pepelu (24, Levante, La Liga 2 22-23)",77.0545020219163
"Pepelu (24, Levante, La Liga 2 22-23)",76.9329520475621
"Pepelu (24, Levante, La Liga 2 22-23)",76.89320838025584
"Pepelu (24, Levante, La Liga 2 22-23)",76.7456535288491
"Rai Marchán (29, Melbourne Victory, A-League Men 22-23)",76.70010568024536
"Pepelu (24, Levante, La Liga 2 22-23)",76.684611541427
"Pepelu (24, Levante, La Liga 2 22-23)",76.52788232190034
