Player 1,Similarity
"Pere Milla (30, Elche, La Liga 22-23)",80.9390061396558
"Pere Milla (30, Elche, La Liga 22-23)",77.00108098917163
"Pere Milla (30, Elche, La Liga 22-23)",76.7160576566115
"Pere Milla (30, Elche, La Liga 22-23)",76.41479686998048
"Pere Milla (30, Elche, La Liga 22-23)",76.14343755582121
"Pere Milla (30, Elche, La Liga 22-23)",76.11608794406837
"Pere Milla (30, Elche, La Liga 22-23)",75.84409885030658
"Pere Milla (30, Elche, La Liga 22-23)",75.79142632145894
"Rodrigo (32, Leeds United, Premier League 22-23)",75.74275187346451
"Pere Milla (30, Elche, La Liga 22-23)",75.40536626863798
"Pere Milla (30, Elche, La Liga 22-23)",74.95057365830674
"Pere Milla (30, Elche, La Liga 22-23)",74.84587556841981
"Gerard Moreno (31, Villarreal, La Liga 22-23)",74.366805667668
"Pere Milla (30, Elche, La Liga 22-23)",73.92433674297149
"Pere Milla (30, Elche, La Liga 22-23)",73.81950494647865
"Pere Milla (30, Elche, La Liga 22-23)",73.58816501556882
"Pere Milla (30, Elche, La Liga 22-23)",73.31956384254607
"Pere Milla (30, Elche, La Liga 22-23)",73.24038498989049
"Mika (30, KTP, Veikkausliiga 2023)",73.0882416450294
"Pere Milla (30, Elche, La Liga 22-23)",73.0664541752559
"Pere Milla (30, Elche, La Liga 22-23)",72.99706492723395
"Pere Milla (30, Elche, La Liga 22-23)",72.76772293432595
"Pere Milla (30, Elche, La Liga 22-23)",72.58629637614617
"B. Graham (35, Partick Thistle, Scottish Championship 22-23)",72.44338195578199
"Pere Milla (30, Elche, La Liga 22-23)",72.33525487364919
