Player 1,Similarity
"Pêpê (26, Cartagena, La Liga 2 22-23)",84.802368719561
"Pêpê (26, Cartagena, La Liga 2 22-23)",81.82518532651711
"Pêpê (26, Cartagena, La Liga 2 22-23)",77.30268035871366
"Pêpê (26, Cartagena, La Liga 2 22-23)",76.45615226691409
"H. Hackney (20, Middlesbrough, Championship 22-23)",76.13086643614463
"Pêpê (26, Cartagena, La Liga 2 22-23)",76.03527658804944
"Tiago Dantas (22, PAOK, Greek Super League 22-23)",75.81945961579437
"Pêpê (26, Cartagena, La Liga 2 22-23)",75.69996249500147
"Pêpê (26, Cartagena, La Liga 2 22-23)",75.32035499961943
"Pêpê (26, Cartagena, La Liga 2 22-23)",75.23789291598621
"Pêpê (26, Cartagena, La Liga 2 22-23)",74.66444157861322
"Pêpê (26, Cartagena, La Liga 2 22-23)",73.81167812071092
"Pêpê (26, Cartagena, La Liga 2 22-23)",73.55667926489058
"Pêpê (26, Cartagena, La Liga 2 22-23)",73.55604931724001
"Pêpê (26, Cartagena, La Liga 2 22-23)",73.1534578124936
"H. Larsson (18, Malmö FF, Allsvenskan 2023)",73.05070465821007
"Pêpê (26, Cartagena, La Liga 2 22-23)",72.6080411835089
"Pêpê (26, Cartagena, La Liga 2 22-23)",72.53031044089488
"Pêpê (26, Cartagena, La Liga 2 22-23)",72.41567037168163
"Pêpê (26, Cartagena, La Liga 2 22-23)",72.40772883038484
"Pêpê (26, Cartagena, La Liga 2 22-23)",72.36523472509394
"Pêpê (26, Cartagena, La Liga 2 22-23)",72.25897749319981
"Pêpê (26, Cartagena, La Liga 2 22-23)",72.24094036846842
"Pêpê (26, Cartagena, La Liga 2 22-23)",72.00718494996713
"Pêpê (26, Cartagena, La Liga 2 22-23)",71.86187314263009
