Player 1,Similarity
"Q. Moll (32, 1860 München, 3. Liga 22-23)",81.34406514051126
"Q. Moll (32, 1860 München, 3. Liga 22-23)",76.8362005135535
"Q. Moll (32, 1860 München, 3. Liga 22-23)",76.41354602377643
"Q. Moll (32, 1860 München, 3. Liga 22-23)",75.54108472686261
"Q. Moll (32, 1860 München, 3. Liga 22-23)",75.53956092743277
"Q. Moll (32, 1860 München, 3. Liga 22-23)",75.52313350494413
"Q. Moll (32, 1860 München, 3. Liga 22-23)",75.4771849147409
"Q. Moll (32, 1860 München, 3. Liga 22-23)",75.04090653253235
"Q. Moll (32, 1860 München, 3. Liga 22-23)",74.46739424116588
"Q. Moll (32, 1860 München, 3. Liga 22-23)",74.19380389241616
"Q. Moll (32, 1860 München, 3. Liga 22-23)",73.65614038965846
"Q. Moll (32, 1860 München, 3. Liga 22-23)",72.04684475768613
"Q. Moll (32, 1860 München, 3. Liga 22-23)",71.95640720891157
"Q. Moll (32, 1860 München, 3. Liga 22-23)",71.92983340895769
"Q. Moll (32, 1860 München, 3. Liga 22-23)",71.56319498488153
"Q. Moll (32, 1860 München, 3. Liga 22-23)",71.2974576749567
"Q. Moll (32, 1860 München, 3. Liga 22-23)",70.61789274903448
"Q. Moll (32, 1860 München, 3. Liga 22-23)",70.21508423386476
"Q. Moll (32, 1860 München, 3. Liga 22-23)",69.74143868417995
"Q. Moll (32, 1860 München, 3. Liga 22-23)",69.68292975920998
"Q. Moll (32, 1860 München, 3. Liga 22-23)",69.41719302347929
"Q. Moll (32, 1860 München, 3. Liga 22-23)",68.7331467256808
"Q. Moll (32, 1860 München, 3. Liga 22-23)",68.69304802592644
"Q. Moll (32, 1860 München, 3. Liga 22-23)",68.67194957448307
"Q. Moll (32, 1860 München, 3. Liga 22-23)",68.6048296223247
