Player 1,Similarity
"Quini (33, Granada, La Liga 2 22-23)",84.8456391947986
"Quini (33, Granada, La Liga 2 22-23)",81.68541921327825
"Quini (33, Granada, La Liga 2 22-23)",80.86629564324134
"Quini (33, Granada, La Liga 2 22-23)",80.39999804294523
"Quini (33, Granada, La Liga 2 22-23)",80.2930214534774
"V. Velev (23, OFK Pirin, Bulgarian First League 22-23)",80.02243420896126
"J. Farrell (20, Central Coast Mariners, A-League Men 22-23)",78.39070443845816
"Quini (33, Granada, La Liga 2 22-23)",77.93096088470234
"Quini (33, Granada, La Liga 2 22-23)",77.7341915614586
"Quini (33, Granada, La Liga 2 22-23)",77.60893349992938
"Quini (33, Granada, La Liga 2 22-23)",77.47095788710774
"M. Antoniou (29, Anorthosis, Cyprus 1. Division 22-23)",77.30756781285385
"Quini (33, Granada, La Liga 2 22-23)",77.02260833809686
"D. Santis (20, Comunicaciones, Guatemala Liga Nacional 22-23)",77.01076764503586
"Quini (33, Granada, La Liga 2 22-23)",76.39330198779355
"F. Saputra (31, Dewa United, BRI Liga 1 22-23)",76.32839435825305
"Quini (33, Granada, La Liga 2 22-23)",76.23642125654179
"Quini (33, Granada, La Liga 2 22-23)",75.92557174945273
"Quini (33, Granada, La Liga 2 22-23)",75.50199674722876
"Quini (33, Granada, La Liga 2 22-23)",75.38988444772495
"R. Dragoshi (23, Kukësi, Albanian Premier League 22-23)",75.31388873969144
"I. Jašarević (27, Željezničar, Bosnian Premier League 22-23)",75.28326096479917
"Saná (23, Beroe, Bulgarian First League 22-23)",75.19536650187125
"D. Suarez (28, Cumbayá, Ecuador Liga Pro 2023)",75.16719183291424
"Quini (33, Granada, La Liga 2 22-23)",74.98330132929293
