Player 1,Similarity
"R. Amane (20, Häcken, Allsvenskan 2023)",87.35831093220841
"A. Cáceres (30, Sydney, A-League Men 22-23)",82.33253877939383
"R. Amane (20, Häcken, Allsvenskan 2023)",80.62698533838383
"R. Amane (20, Häcken, Allsvenskan 2023)",79.82481255889722
"R. Amane (20, Häcken, Allsvenskan 2023)",79.01780032164802
"R. Amane (20, Häcken, Allsvenskan 2023)",78.42855457605961
"R. Amane (20, Häcken, Allsvenskan 2023)",78.15964028299908
"J. Repas (26, Maribor, 1. SNL 22-23)",77.8596290405947
"R. Amane (20, Häcken, Allsvenskan 2023)",77.8335202998439
"R. Amane (20, Häcken, Allsvenskan 2023)",77.25971420531476
"R. Amane (20, Häcken, Allsvenskan 2023)",77.00477226432419
"R. Amane (20, Häcken, Allsvenskan 2023)",76.90322696032858
"R. Amane (20, Häcken, Allsvenskan 2023)",76.32246871702019
"R. Amane (20, Häcken, Allsvenskan 2023)",76.22497144389759
"R. Amane (20, Häcken, Allsvenskan 2023)",75.98627488063494
"R. Amane (20, Häcken, Allsvenskan 2023)",75.82914241991199
"R. Amane (20, Häcken, Allsvenskan 2023)",75.20372827157277
"R. Amane (20, Häcken, Allsvenskan 2023)",75.13098062078747
"R. Amane (20, Häcken, Allsvenskan 2023)",75.1242269654424
"R. Amane (20, Häcken, Allsvenskan 2023)",74.9652407931015
"R. Amane (20, Häcken, Allsvenskan 2023)",74.76560593091837
"R. Amane (20, Häcken, Allsvenskan 2023)",74.70781017588317
"R. Amane (20, Häcken, Allsvenskan 2023)",74.70260391503112
"R. Amane (20, Häcken, Allsvenskan 2023)",74.61448031037719
"R. Amane (20, Häcken, Allsvenskan 2023)",74.29057506122257
