Player 1,Similarity
"R. Baturina (22, Maribor, 1. SNL 22-23)",89.7761581616919
"R. Baturina (22, Maribor, 1. SNL 22-23)",87.46020952691876
"N. Broadhead (25, Wigan Athletic, Championship 22-23)",86.40685938863977
"J. Tagueu (29, Marítimo, Primeira Liga 22-23)",85.50824448640016
"R. Baturina (22, Maribor, 1. SNL 22-23)",85.36990775324412
"R. Baturina (22, Maribor, 1. SNL 22-23)",84.95498154556718
"R. Baturina (22, Maribor, 1. SNL 22-23)",84.23237913928273
"R. Baturina (22, Maribor, 1. SNL 22-23)",83.54246203245869
"R. Baturina (22, Maribor, 1. SNL 22-23)",83.42885498567989
"R. Baturina (22, Maribor, 1. SNL 22-23)",83.40310222411753
"R. Baturina (22, Maribor, 1. SNL 22-23)",83.08780686919485
"R. Baturina (22, Maribor, 1. SNL 22-23)",83.00072500554332
"R. Baturina (22, Maribor, 1. SNL 22-23)",82.71000080568326
"R. Baturina (22, Maribor, 1. SNL 22-23)",82.51890576186898
"R. Baturina (22, Maribor, 1. SNL 22-23)",82.47237916685638
"R. Baturina (22, Maribor, 1. SNL 22-23)",82.40571889488159
"R. Baturina (22, Maribor, 1. SNL 22-23)",82.39028080858478
"R. Baturina (22, Maribor, 1. SNL 22-23)",82.30486470064201
"R. Baturina (22, Maribor, 1. SNL 22-23)",82.29897397775953
"R. Baturina (22, Maribor, 1. SNL 22-23)",82.25732231214387
"A. Pereira (23, Resistencia, Paraguay Division Profesional 2023)",82.19336943628667
"Min-Woo Kim (26, Jinju Citizen, K4 League 2023)",81.99059913366588
"R. Baturina (22, Maribor, 1. SNL 22-23)",81.7699694202457
"R. Baturina (22, Maribor, 1. SNL 22-23)",81.5659119516976
"J. Alvarado (23, León, Liga MX 22-23)",81.53988187700759
