Player 1,Similarity
"R. Barkley (29, Nice, Ligue 1 22-23)",84.24064583962318
"R. Barkley (29, Nice, Ligue 1 22-23)",81.58247708918773
"R. Barkley (29, Nice, Ligue 1 22-23)",78.5093708088222
"R. Barkley (29, Nice, Ligue 1 22-23)",77.67554015093586
"R. Barkley (29, Nice, Ligue 1 22-23)",77.4695453882929
"R. Barkley (29, Nice, Ligue 1 22-23)",76.78365102302868
"R. Barkley (29, Nice, Ligue 1 22-23)",76.35269401790073
"E. Breivik (23, Molde, Eliteserien 2023)",76.24690795653758
"R. Barkley (29, Nice, Ligue 1 22-23)",76.23306760766995
"R. Hrubý (29, Trinity Zlín, Czech Fortuna Liga 22-23)",75.40857426262397
"R. Barkley (29, Nice, Ligue 1 22-23)",75.39769763049684
"R. Barkley (29, Nice, Ligue 1 22-23)",75.25820800041316
"R. Barkley (29, Nice, Ligue 1 22-23)",75.17077807954054
"L. Bénes (25, Hamburger SV, 2. Bundesliga 22-23)",74.82199438926526
"P. Wydra (20, Rapid Wien II, Austrian 2. Liga 22-23)",74.4308862416783
"A. Arslan (29, Dynamo Dresden, 3. Liga 22-23)",74.08447115535782
"O. Gloukh (19, Maccabi Tel Aviv, Ligat Ha'al 22-23)",73.96867556722438
"R. Barkley (29, Nice, Ligue 1 22-23)",73.50781980562226
"R. Barkley (29, Nice, Ligue 1 22-23)",73.49966510911811
"C. Bozdogan (22, Utrecht, Eredivisie 22-23)",73.41052664750109
"R. Barkley (29, Nice, Ligue 1 22-23)",73.27700521392653
"R. Barkley (29, Nice, Ligue 1 22-23)",73.20914409869359
"R. Barkley (29, Nice, Ligue 1 22-23)",72.74757435124967
"G. Kharaishvili (26, Dinamo Tbilisi, Erovnuli Liga 2023)",72.26482249672395
"R. Barkley (29, Nice, Ligue 1 22-23)",72.22759219398156
