Player 1,Similarity
"R. Darwis (19, Persib, BRI Liga 1 22-23)",73.79178246019165
"R. Syuhada (18, PSIS Semarang, BRI Liga 1 22-23)",67.78988610901082
"R. Darwis (19, Persib, BRI Liga 1 22-23)",64.82187015515053
"R. Darwis (19, Persib, BRI Liga 1 22-23)",64.62938888106623
"R. Darwis (19, Persib, BRI Liga 1 22-23)",64.10610829333925
"R. Darwis (19, Persib, BRI Liga 1 22-23)",62.494285004336994
"G. Trdin (25, AŠK Bravo, 1. SNL 22-23)",61.94195072333471
"R. Darwis (19, Persib, BRI Liga 1 22-23)",61.76432376450801
"R. Darwis (19, Persib, BRI Liga 1 22-23)",61.58374797320874
"R. Darwis (19, Persib, BRI Liga 1 22-23)",61.56909738873845
"R. Darwis (19, Persib, BRI Liga 1 22-23)",61.00849449258961
"R. Darwis (19, Persib, BRI Liga 1 22-23)",60.10871184150288
"R. Darwis (19, Persib, BRI Liga 1 22-23)",59.991402108776896
"R. Darwis (19, Persib, BRI Liga 1 22-23)",59.96453595130391
"A. Oda (19, Rapid Wien II, Austrian 2. Liga 22-23)",59.957000646165305
"R. Darwis (19, Persib, BRI Liga 1 22-23)",59.70272685696203
"R. Kambuaya (26, Persib, BRI Liga 1 22-23)",59.56513909161929
"J. Palacios (22, Lernayin Artsakh, Armenian Premier League 22-23)",59.05902870622849
"R. Darwis (19, Persib, BRI Liga 1 22-23)",58.89834369145838
"R. Darwis (19, Persib, BRI Liga 1 22-23)",58.7454829574258
"R. Darwis (19, Persib, BRI Liga 1 22-23)",58.68312625574956
"R. Darwis (19, Persib, BRI Liga 1 22-23)",58.67543165314412
"R. Darwis (19, Persib, BRI Liga 1 22-23)",58.29258465603813
"R. Darwis (19, Persib, BRI Liga 1 22-23)",58.27595988348605
"R. Darwis (19, Persib, BRI Liga 1 22-23)",58.207088993881584
