Player 1,Similarity
"Jeong-Wan Yu (27, Seoul E-Land, K League 2 2023)",79.06474776670753
"R. Ennin (24, Honvéd, NB I 22-23)",78.38750626852965
"R. Ennin (24, Honvéd, NB I 22-23)",74.64820684665419
"R. Ennin (24, Honvéd, NB I 22-23)",73.55672336730281
"R. Ennin (24, Honvéd, NB I 22-23)",72.72935908708469
"R. Ennin (24, Honvéd, NB I 22-23)",72.63400041816058
"R. Ennin (24, Honvéd, NB I 22-23)",71.07137210477403
"R. Ennin (24, Honvéd, NB I 22-23)",70.94707583318083
"S. Yansane (20, Al Ahli, Qatari Stars League 22-23)",70.72111704701136
"R. Ennin (24, Honvéd, NB I 22-23)",70.21116733655133
"Agdon (30, Alashkert, Armenian Premier League 22-23)",70.19580003649062
"R. Ennin (24, Honvéd, NB I 22-23)",70.00858472540136
"R. Ennin (24, Honvéd, NB I 22-23)",69.85693315229297
"R. Ennin (24, Honvéd, NB I 22-23)",69.29480067530463
"C. Trejo (23, Atlas, Liga MX 22-23)",67.82977118342328
"M. Nzola (26, Spezia, Serie A 22-23)",67.78618779419693
"R. Ennin (24, Honvéd, NB I 22-23)",67.50881281958019
"R. Ennin (24, Honvéd, NB I 22-23)",67.43113117865279
"R. Ennin (24, Honvéd, NB I 22-23)",67.38066907753534
"R. Ennin (24, Honvéd, NB I 22-23)",67.37944749576205
"R. Ennin (24, Honvéd, NB I 22-23)",66.90751366640959
"R. Ennin (24, Honvéd, NB I 22-23)",66.58259274952609
"R. Ennin (24, Honvéd, NB I 22-23)",66.49305182894153
"R. Ennin (24, Honvéd, NB I 22-23)",66.02530823312512
"R. Ennin (24, Honvéd, NB I 22-23)",65.8574127240017
