Player 1,Similarity
"R. Holzhauser (30, 1860 München, 3. Liga 22-23)",92.96789617138262
"R. Holzhauser (30, 1860 München, 3. Liga 22-23)",91.68333902635064
"R. Holzhauser (30, 1860 München, 3. Liga 22-23)",91.36891091178406
"R. Holzhauser (30, 1860 München, 3. Liga 22-23)",91.26059109460458
"R. Holzhauser (30, 1860 München, 3. Liga 22-23)",91.21391898720007
"M. Wunderlich (37, Viktoria Köln, 3. Liga 22-23)",91.02831684786628
"R. Holzhauser (30, 1860 München, 3. Liga 22-23)",90.64977984246369
"R. Holzhauser (30, 1860 München, 3. Liga 22-23)",90.26912353920314
"R. Holzhauser (30, 1860 München, 3. Liga 22-23)",90.04234311040672
"R. Holzhauser (30, 1860 München, 3. Liga 22-23)",89.91129477762591
"R. Holzhauser (30, 1860 München, 3. Liga 22-23)",89.87518003485772
"R. Holzhauser (30, 1860 München, 3. Liga 22-23)",89.84461951846498
"R. Holzhauser (30, 1860 München, 3. Liga 22-23)",89.55825929812067
"R. Holzhauser (30, 1860 München, 3. Liga 22-23)",89.26091076540851
"R. Holzhauser (30, 1860 München, 3. Liga 22-23)",89.17691859186483
"R. Holzhauser (30, 1860 München, 3. Liga 22-23)",88.95357208724414
"R. Holzhauser (30, 1860 München, 3. Liga 22-23)",88.909473292004
"R. Holzhauser (30, 1860 München, 3. Liga 22-23)",88.88399179818528
"R. Holzhauser (30, 1860 München, 3. Liga 22-23)",88.44189968512252
"R. Holzhauser (30, 1860 München, 3. Liga 22-23)",88.34465463788158
"R. Holzhauser (30, 1860 München, 3. Liga 22-23)",88.3438669825287
"D. Popovič (33, Celje, 1. SNL 22-23)",88.27379737259749
