Player 1,Similarity
"R. Handa (21, Gamba Osaka, J1 2023)",82.47147971394372
"R. Handa (21, Gamba Osaka, J1 2023)",78.2566779756449
"R. Handa (21, Gamba Osaka, J1 2023)",77.37147318944588
"C. Jiménez (28, Antigua GFC, Guatemala Liga Nacional 22-23)",76.95086831429747
"J. Lelieveld (25, RKC Waalwijk, Eredivisie 22-23)",74.67241748910436
"D. Rensch (20, Ajax, Eredivisie 22-23)",73.60060030999175
"R. Handa (21, Gamba Osaka, J1 2023)",73.41683013801635
"Y. Hurtado (26, Águilas Doradas, Colombian Primera Division 22-23)",72.9046372456674
"R. Handa (21, Gamba Osaka, J1 2023)",72.04893003069576
"R. Handa (21, Gamba Osaka, J1 2023)",71.9177942986493
"M. van der Maarel (33, Utrecht, Eredivisie 22-23)",71.7988106395099
"R. Handa (21, Gamba Osaka, J1 2023)",71.56074565428628
"R. Handa (21, Gamba Osaka, J1 2023)",71.24891035216731
"B. Mazikou (26, Aris, Greek Super League 22-23)",70.99362921474449
"R. Handa (21, Gamba Osaka, J1 2023)",70.58752507193608
"O. Korsia (20, Enosis, Cyprus 1. Division 22-23)",69.9385011351975
"M. Peersman (32, Aris, Greek Super League 22-23)",69.45778166600353
"I. Vujica (26, Macarthur, A-League Men 22-23)",69.07044538607214
"R. Handa (21, Gamba Osaka, J1 2023)",69.01826815199234
"R. Handa (21, Gamba Osaka, J1 2023)",68.7790011579392
"R. Handa (21, Gamba Osaka, J1 2023)",68.59571825607178
"R. Handa (21, Gamba Osaka, J1 2023)",68.4982216121821
"R. Handa (21, Gamba Osaka, J1 2023)",67.80463748181951
"R. Handa (21, Gamba Osaka, J1 2023)",67.18345919132457
"R. Handa (21, Gamba Osaka, J1 2023)",66.3352941043633
