Player 1,Similarity
"G. D'Auria (26, Imolese, Serie C 22-23)",79.66849003648905
"R. Hamouma (36, Ajaccio, Ligue 1 22-23)",77.06458214977002
"R. Hamouma (36, Ajaccio, Ligue 1 22-23)",75.01055790472842
"R. Hamouma (36, Ajaccio, Ligue 1 22-23)",74.63148625877751
"D. Gray (26, Everton, Premier League 22-23)",74.55655890858847
"R. Hamouma (36, Ajaccio, Ligue 1 22-23)",73.20926789396567
"R. Hamouma (36, Ajaccio, Ligue 1 22-23)",72.988046564858
"Álex Blesa (21, Cultural Leonesa, Primera División RFEF 22-23)",72.69340869261923
"R. Hamouma (36, Ajaccio, Ligue 1 22-23)",72.58674643521242
"R. Hamouma (36, Ajaccio, Ligue 1 22-23)",72.08518731015225
"R. Hamouma (36, Ajaccio, Ligue 1 22-23)",71.43323180763885
"R. Hamouma (36, Ajaccio, Ligue 1 22-23)",71.4038404587764
"R. Hamouma (36, Ajaccio, Ligue 1 22-23)",70.98247248013502
"J. Bartolo (27, Asteras Tripolis, Greek Super League 22-23)",70.9125437500661
"R. Hamouma (36, Ajaccio, Ligue 1 22-23)",70.23348408374757
"R. Hamouma (36, Ajaccio, Ligue 1 22-23)",70.09317594940119
"R. Hamouma (36, Ajaccio, Ligue 1 22-23)",70.00530218727644
"A. Lomovitskiy (25, Khimki, Russian Premier League 22-23)",69.94042485335365
"Cesinha (33, Daegu, K League 1 2023)",69.68864528041797
"R. Hamouma (36, Ajaccio, Ligue 1 22-23)",69.35033955227725
"C. Brym (24, Eindhoven, Eerste Divisie 22-23)",69.10987932853875
"R. Hamouma (36, Ajaccio, Ligue 1 22-23)",68.95875950636544
"R. Hamouma (36, Ajaccio, Ligue 1 22-23)",68.90248772599102
"R. Hamouma (36, Ajaccio, Ligue 1 22-23)",68.84690438504694
"R. Hamouma (36, Ajaccio, Ligue 1 22-23)",68.79387917478726
