Player 1,Similarity
"R. Kida (25, Vegalta Sendai, J2 2023)",84.73115504388696
"R. Kida (25, Vegalta Sendai, J2 2023)",83.15829760116283
"F. Sakala (26, Rangers, Scottish Premiership 22-23)",82.95063425092208
"E. D'Ursi (28, Crotone, Serie C 22-23)",82.37372979839898
"R. Kida (25, Vegalta Sendai, J2 2023)",81.9641049868715
"R. Kida (25, Vegalta Sendai, J2 2023)",81.17507362737399
"R. Kida (25, Vegalta Sendai, J2 2023)",79.99450025959433
"R. Kida (25, Vegalta Sendai, J2 2023)",79.77976128193481
"R. Kida (25, Vegalta Sendai, J2 2023)",79.52350183410327
"R. Kida (25, Vegalta Sendai, J2 2023)",79.32654784773327
"Rodrygo (22, Real Madrid, La Liga 22-23)",79.18029800797869
"R. Kida (25, Vegalta Sendai, J2 2023)",78.73214766048467
"R. Kida (25, Vegalta Sendai, J2 2023)",78.59447124686201
"R. Kida (25, Vegalta Sendai, J2 2023)",78.53437689921857
"R. Kida (25, Vegalta Sendai, J2 2023)",78.49906887850085
"R. Kida (25, Vegalta Sendai, J2 2023)",78.45573703592638
"R. Kida (25, Vegalta Sendai, J2 2023)",78.37481724858083
"A. Sarr (21, Heerenveen, Eredivisie 22-23)",78.21354553596088
"R. Alliku (33, Flora, Estonian Meistriliiga 2023)",77.73139688020078
"S. Gnabry (27, Bayern München, Bundesliga 22-23)",77.42316794204656
"A. Limbombe (28, Almere City, Eerste Divisie 22-23)",77.40998752808292
"R. Kida (25, Vegalta Sendai, J2 2023)",77.29671213311937
"Á. Correa (28, Atlético Madrid, La Liga 22-23)",76.88783795634886
"R. Kida (25, Vegalta Sendai, J2 2023)",76.78263893497945
"R. Kida (25, Vegalta Sendai, J2 2023)",76.56863983046586
