Player 1,Similarity
"R. Kronaveter (36, Maribor, 1. SNL 22-23)",90.74837721716696
"R. Kronaveter (36, Maribor, 1. SNL 22-23)",90.48077332381072
"R. Kronaveter (36, Maribor, 1. SNL 22-23)",90.28748516199002
"R. Kronaveter (36, Maribor, 1. SNL 22-23)",89.67341379237455
"R. Kronaveter (36, Maribor, 1. SNL 22-23)",89.55930135196056
"R. Kronaveter (36, Maribor, 1. SNL 22-23)",89.17134166847238
"R. Kronaveter (36, Maribor, 1. SNL 22-23)",88.88943299718197
"D. Popovič (33, Celje, 1. SNL 22-23)",88.25528077331003
"R. Kronaveter (36, Maribor, 1. SNL 22-23)",88.16198021499991
"R. Kronaveter (36, Maribor, 1. SNL 22-23)",87.88957983288283
"R. Kronaveter (36, Maribor, 1. SNL 22-23)",87.88018014313872
"R. Kronaveter (36, Maribor, 1. SNL 22-23)",87.59494589308736
"R. Kronaveter (36, Maribor, 1. SNL 22-23)",87.50534176801168
"R. Kronaveter (36, Maribor, 1. SNL 22-23)",87.4328323826687
"R. Kronaveter (36, Maribor, 1. SNL 22-23)",87.23644140155471
"R. Kronaveter (36, Maribor, 1. SNL 22-23)",86.82486664131645
"R. Kronaveter (36, Maribor, 1. SNL 22-23)",86.71627328084577
"R. Kronaveter (36, Maribor, 1. SNL 22-23)",86.64252634415591
"R. Kronaveter (36, Maribor, 1. SNL 22-23)",86.58904808393153
"R. Kronaveter (36, Maribor, 1. SNL 22-23)",86.50841834679011
"R. Kronaveter (36, Maribor, 1. SNL 22-23)",86.48168439797178
"R. Kronaveter (36, Maribor, 1. SNL 22-23)",86.45068320866802
