Player 1,Similarity
"R. Matsuda (24, JEF United, J2 2023)",81.11090012698696
"R. Matsuda (24, JEF United, J2 2023)",78.45063205925632
"M. Dal Hende (32, SønderjyskE, Danish 1. Division 22-23)",78.0199431817878
"D. Nakashio (25, ThespaKusatsu Gunma, J2 2023)",77.95526145942877
"J. Davidson (31, Eupen, Belgian Pro League 22-23)",77.9381283392172
"R. Matsuda (24, JEF United, J2 2023)",77.67044666143106
"E. Boakye (23, Aris, Cyprus 1. Division 22-23)",77.41018436077186
"R. Matsuda (24, JEF United, J2 2023)",76.01151044904132
"R. Matsuda (24, JEF United, J2 2023)",72.7765133479147
"R. Matsuda (24, JEF United, J2 2023)",72.16885558148586
"D. Blind (32, Ajax, Eredivisie 22-23)",71.8291810022214
"R. Matsuda (24, JEF United, J2 2023)",71.7940260117681
"D. Fukazawa (24, Tokyo Verdy, J2 2023)",71.71855616823521
"R. Matsuda (24, JEF United, J2 2023)",71.69134767416303
"R. Matsuda (24, JEF United, J2 2023)",71.65300081904226
"R. Matsuda (24, JEF United, J2 2023)",71.37041738036243
"R. Matsuda (24, JEF United, J2 2023)",71.33490847970528
"M. Ono (26, Montedio Yamagata, J2 2023)",71.23929377436113
"R. Matsuda (24, JEF United, J2 2023)",71.02724816275831
"W. Pineda (29, Guastatoya, Guatemala Liga Nacional 22-23)",70.7751572572078
"R. Matsuda (24, JEF United, J2 2023)",70.29415437592515
"R. Matsuda (24, JEF United, J2 2023)",70.18181347636573
"Y. Horigome (28, Albirex Niigata, J1 2023)",70.02548354124507
"R. Matsuda (24, JEF United, J2 2023)",69.5893745758
"V. Jemelka (27, Viktoria Plzeň, Czech Fortuna Liga 22-23)",69.48165876124945
