Player 1,Similarity
"J. Patiño (24, Alianza Petrolera, Colombian Primera Division 22-23)",69.8859520657154
"F. Bastians (35, Rot-Weiss Essen, 3. Liga 22-23)",66.4850206045205
"D. Zator (28, Korona Kielce, Ekstraklasa 22-23)",63.34883822314082
"R. Motegi (26, Omiya Ardija, J2 2023)",61.74735754679821
"R. Motegi (26, Omiya Ardija, J2 2023)",59.61671487719678
"R. Motegi (26, Omiya Ardija, J2 2023)",59.18696693472778
"R. Motegi (26, Omiya Ardija, J2 2023)",58.19570945166605
"R. Motegi (26, Omiya Ardija, J2 2023)",57.89167226629076
"R. Motegi (26, Omiya Ardija, J2 2023)",57.87871988597524
"R. Motegi (26, Omiya Ardija, J2 2023)",57.82251563035932
"R. Motegi (26, Omiya Ardija, J2 2023)",57.419265656817785
"W. Harada (26, Sagan Tosu, J1 2023)",56.89131872782613
"R. Motegi (26, Omiya Ardija, J2 2023)",56.68728284602757
"R. Motegi (26, Omiya Ardija, J2 2023)",56.5408368852398
"R. Motegi (26, Omiya Ardija, J2 2023)",56.4253734750188
"R. Motegi (26, Omiya Ardija, J2 2023)",56.19546318083353
"R. Motegi (26, Omiya Ardija, J2 2023)",56.1465588184688
"R. Motegi (26, Omiya Ardija, J2 2023)",55.90286476884285
"R. Motegi (26, Omiya Ardija, J2 2023)",55.725860342563536
"R. Motegi (26, Omiya Ardija, J2 2023)",55.6923833763844
"R. Motegi (26, Omiya Ardija, J2 2023)",55.382446287293696
"R. Motegi (26, Omiya Ardija, J2 2023)",55.05643323196069
"L. Kübler (30, Freiburg, Bundesliga 22-23)",54.61977610053318
"R. Motegi (26, Omiya Ardija, J2 2023)",54.36467960051622
"A. Alese (22, Sunderland, Championship 22-23)",53.64024871199327
