Player 1,Similarity
"M. Giménez (26, Necaxa, Liga MX 22-23)",91.95204988287615
"R. Mierez (26, Osijek, 1. HNL 22-23)",91.13463621410394
"R. Mierez (26, Osijek, 1. HNL 22-23)",91.09432506264868
"R. Mierez (26, Osijek, 1. HNL 22-23)",90.91231962065172
"R. Mierez (26, Osijek, 1. HNL 22-23)",90.1591231722762
"R. Mierez (26, Osijek, 1. HNL 22-23)",89.81463610275856
"R. Mierez (26, Osijek, 1. HNL 22-23)",89.68030042973483
"R. Mierez (26, Osijek, 1. HNL 22-23)",89.59418892098864
"R. Mierez (26, Osijek, 1. HNL 22-23)",89.4012586519339
"R. Mierez (26, Osijek, 1. HNL 22-23)",89.36622479405557
"F. Lesme (21, Municipal Grecia, Costa Rica Primera División 22-23)",89.3181869860306
"R. Mierez (26, Osijek, 1. HNL 22-23)",89.24212069775872
"R. Mierez (26, Osijek, 1. HNL 22-23)",89.15483048126504
"R. Mierez (26, Osijek, 1. HNL 22-23)",89.12740120479238
"R. Mierez (26, Osijek, 1. HNL 22-23)",89.08356485332628
"R. Mierez (26, Osijek, 1. HNL 22-23)",88.91712443896739
"J. Mbakogu (30, Triestina, Serie C 22-23)",88.77786227024306
"L. Ajorque (29, Mainz 05, Bundesliga 22-23)",88.57948400618176
"R. Mierez (26, Osijek, 1. HNL 22-23)",88.54992638644659
"R. Mierez (26, Osijek, 1. HNL 22-23)",88.43017459032014
"R. Mierez (26, Osijek, 1. HNL 22-23)",88.34896187735089
"R. Mierez (26, Osijek, 1. HNL 22-23)",88.31975985169073
"R. Mierez (26, Osijek, 1. HNL 22-23)",88.29561285478889
"A. Abang (26, Al Bataeh, UAE Pro League 22-23)",88.28357555034275
"R. Mierez (26, Osijek, 1. HNL 22-23)",88.28200512005324
