Player 1,Similarity
"R. Ndiaye (21, Sochaux, Ligue 2 22-23)",83.53793803708349
"B. Mendy (23, Angers SCO, Ligue 1 22-23)",82.18891982669093
"R. Ndiaye (21, Sochaux, Ligue 2 22-23)",82.11666925896527
"R. Ndiaye (21, Sochaux, Ligue 2 22-23)",81.15989239536763
"R. Ndiaye (21, Sochaux, Ligue 2 22-23)",80.99222815427287
"R. Ndiaye (21, Sochaux, Ligue 2 22-23)",80.79835469686239
"S. Moutoussamy (26, Nantes, Ligue 1 22-23)",80.4742205573211
"R. Ndiaye (21, Sochaux, Ligue 2 22-23)",79.24967716078507
"R. Ndiaye (21, Sochaux, Ligue 2 22-23)",78.74310495791191
"M. Gonalons (34, Clermont, Ligue 1 22-23)",78.55836629253946
"S. Abdul Samed (23, Lens, Ligue 1 22-23)",78.29014468417508
"R. Ndiaye (21, Sochaux, Ligue 2 22-23)",78.00735398572695
"R. Ndiaye (21, Sochaux, Ligue 2 22-23)",77.29916003779122
"H. Saghiri (26, Viktoria Köln, 3. Liga 22-23)",77.13871661039006
"S. Tronstad (27, Vitesse, Eredivisie 22-23)",76.61771249543584
"R. Ndiaye (21, Sochaux, Ligue 2 22-23)",76.50586205230006
"S. Taipi (26, Kukësi, Albanian Premier League 22-23)",76.28543858032451
"Pol Lozano (23, Granada, La Liga 2 22-23)",76.03382522794261
"J. Lepenant (20, Olympique Lyonnais, Ligue 1 22-23)",75.93942581080671
"T. Muyumba (26, Guingamp, Ligue 2 22-23)",75.43702927013214
"R. Ndiaye (21, Sochaux, Ligue 2 22-23)",75.15422217088398
"R. Ndiaye (21, Sochaux, Ligue 2 22-23)",74.64514701241247
"S. Cissé (22, Leganés, La Liga 2 22-23)",74.58536110133338
"B. Lederman (23, Raków Częstochowa, Ekstraklasa 22-23)",74.47495703820772
"R. Ndiaye (21, Sochaux, Ligue 2 22-23)",74.11477369001146
