Player 1,Similarity
"R. Sugeng (24, Persikabo 1973, BRI Liga 1 22-23)",84.50630591507495
"R. Sugeng (24, Persikabo 1973, BRI Liga 1 22-23)",83.48749003953354
"R. Sugeng (24, Persikabo 1973, BRI Liga 1 22-23)",82.25560199623149
"R. Sugeng (24, Persikabo 1973, BRI Liga 1 22-23)",81.68873713030396
"R. Sugeng (24, Persikabo 1973, BRI Liga 1 22-23)",80.9815673379718
"R. Sugeng (24, Persikabo 1973, BRI Liga 1 22-23)",80.90408079516276
"R. Sugeng (24, Persikabo 1973, BRI Liga 1 22-23)",80.8446652184031
"Metinho (20, Lommel SK, Belgian First Division B 22-23)",80.3750745049653
"Jajá (28, Madura United, BRI Liga 1 22-23)",80.26961023978428
"R. Sugeng (24, Persikabo 1973, BRI Liga 1 22-23)",79.71515106221702
"R. Sugeng (24, Persikabo 1973, BRI Liga 1 22-23)",79.15220334341925
"R. Sugeng (24, Persikabo 1973, BRI Liga 1 22-23)",78.9801920342721
"R. Sugeng (24, Persikabo 1973, BRI Liga 1 22-23)",78.74211032414715
"R. Sugeng (24, Persikabo 1973, BRI Liga 1 22-23)",78.55505022143912
"R. Sugeng (24, Persikabo 1973, BRI Liga 1 22-23)",78.39216045114954
"R. Sugeng (24, Persikabo 1973, BRI Liga 1 22-23)",78.13541552523546
"R. Sugeng (24, Persikabo 1973, BRI Liga 1 22-23)",77.78764628410684
"R. Sugeng (24, Persikabo 1973, BRI Liga 1 22-23)",77.47121574658638
"R. Sugeng (24, Persikabo 1973, BRI Liga 1 22-23)",77.01747194938783
"V. Odjidja-Ofoe (34, Gent, Belgian Pro League 22-23)",76.72257618634069
"D. Avramovski (28, Sarajevo, Bosnian Premier League 22-23)",76.35917795315925
"R. Sugeng (24, Persikabo 1973, BRI Liga 1 22-23)",76.13425775356046
"R. Sugeng (24, Persikabo 1973, BRI Liga 1 22-23)",75.7063262834868
"R. Amalfitano (33, Western Sydney Wanderers, A-League Men 22-23)",75.66258632243944
"R. Sugeng (24, Persikabo 1973, BRI Liga 1 22-23)",75.23706964653803
