Player 1,Similarity
"R. Saito (30, Blaublitz Akita, J2 2023)",81.19881158170615
"R. Saito (30, Blaublitz Akita, J2 2023)",75.87483996361776
"R. Saito (30, Blaublitz Akita, J2 2023)",71.08669806194497
"J. Ruffels (29, Huddersfield Town, Championship 22-23)",70.90587883262796
"R. Saito (30, Blaublitz Akita, J2 2023)",70.69371626617138
"M. Pearson (29, Huddersfield Town, Championship 22-23)",70.19490334021316
"R. Saito (30, Blaublitz Akita, J2 2023)",69.92536022061063
"D. Kostka (27, Pardubice, Czech Fortuna Liga 22-23)",68.58943005941416
"R. Saito (30, Blaublitz Akita, J2 2023)",68.18621346107159
"R. Saito (30, Blaublitz Akita, J2 2023)",68.081598301737
"R. Saito (30, Blaublitz Akita, J2 2023)",67.97809718991
"K. Agustín (26, Xinabajul, Guatemala Liga Nacional 22-23)",67.72822469597074
"R. Saito (30, Blaublitz Akita, J2 2023)",67.6113458525299
"R. Saito (30, Blaublitz Akita, J2 2023)",67.36837568110691
"R. Saito (30, Blaublitz Akita, J2 2023)",66.91708017585935
"R. Saito (30, Blaublitz Akita, J2 2023)",66.74330291456724
"A. Lyons (22, Blackpool, Championship 22-23)",66.48017608530368
"R. Saito (30, Blaublitz Akita, J2 2023)",65.65331178668023
"R. Saito (30, Blaublitz Akita, J2 2023)",65.23029562825744
"R. Saito (30, Blaublitz Akita, J2 2023)",64.88736359946361
"R. Saito (30, Blaublitz Akita, J2 2023)",64.6229835529822
"R. Saito (30, Blaublitz Akita, J2 2023)",64.53514680538377
"R. Saito (30, Blaublitz Akita, J2 2023)",64.19033238227647
"R. Saito (30, Blaublitz Akita, J2 2023)",64.13602097048368
"R. Saito (30, Blaublitz Akita, J2 2023)",63.73131662273808
