Player 1,Similarity
"R. Uehara (26, Júbilo Iwata, J2 2023)",88.62138923734246
"R. Uehara (26, Júbilo Iwata, J2 2023)",86.58378804489094
"R. Uehara (26, Júbilo Iwata, J2 2023)",86.45736325609906
"R. Uehara (26, Júbilo Iwata, J2 2023)",86.4422533203487
"R. Uehara (26, Júbilo Iwata, J2 2023)",86.08302564773291
"R. Uehara (26, Júbilo Iwata, J2 2023)",85.68149444606038
"R. Uehara (26, Júbilo Iwata, J2 2023)",84.59684500138773
"R. Uehara (26, Júbilo Iwata, J2 2023)",83.67220564841632
"R. Uehara (26, Júbilo Iwata, J2 2023)",82.80046374386077
"R. Uehara (26, Júbilo Iwata, J2 2023)",81.45626260294411
"R. Uehara (26, Júbilo Iwata, J2 2023)",81.24435956836483
"R. Uehara (26, Júbilo Iwata, J2 2023)",81.13351619504294
"R. Uehara (26, Júbilo Iwata, J2 2023)",81.01617355917193
"R. Uehara (26, Júbilo Iwata, J2 2023)",80.4485048683154
"R. Uehara (26, Júbilo Iwata, J2 2023)",79.97185895418436
"R. Uehara (26, Júbilo Iwata, J2 2023)",79.54867536887687
"S. Kums (35, Gent, Belgian Pro League 22-23)",79.54101728381036
"R. Uehara (26, Júbilo Iwata, J2 2023)",79.40093434964677
"R. Uehara (26, Júbilo Iwata, J2 2023)",79.25457053290577
"R. Uehara (26, Júbilo Iwata, J2 2023)",78.6580290381388
"R. Rabeï (28, Botev Plovdiv, Bulgarian First League 22-23)",78.60447986858667
"J. Seri (31, Hull City, Championship 22-23)",77.7439763441018
"R. Uehara (26, Júbilo Iwata, J2 2023)",77.69055005126468
"R. Uehara (26, Júbilo Iwata, J2 2023)",77.65882813836889
"R. Uehara (26, Júbilo Iwata, J2 2023)",77.49715324652868
