Player 1,Similarity
"R. Wagner (19, Freiburg II, 3. Liga 22-23)",78.4047011949008
"R. Wagner (19, Freiburg II, 3. Liga 22-23)",77.30238111710199
"R. Wagner (19, Freiburg II, 3. Liga 22-23)",74.58829818724149
"R. Wagner (19, Freiburg II, 3. Liga 22-23)",74.3975729702228
"R. Wagner (19, Freiburg II, 3. Liga 22-23)",74.27065377888731
"R. Wagner (19, Freiburg II, 3. Liga 22-23)",74.14796163495815
"R. Wagner (19, Freiburg II, 3. Liga 22-23)",74.14690637468196
"R. Wagner (19, Freiburg II, 3. Liga 22-23)",73.80670304545703
"R. Wagner (19, Freiburg II, 3. Liga 22-23)",73.3560322641031
"R. Wagner (19, Freiburg II, 3. Liga 22-23)",72.9277705052392
"R. Wagner (19, Freiburg II, 3. Liga 22-23)",72.76359087028467
"R. Wagner (19, Freiburg II, 3. Liga 22-23)",72.67522940231915
"R. Wagner (19, Freiburg II, 3. Liga 22-23)",72.65036174019106
"R. Wagner (19, Freiburg II, 3. Liga 22-23)",72.64392682477691
"R. Wagner (19, Freiburg II, 3. Liga 22-23)",72.08376773573536
"R. Wagner (19, Freiburg II, 3. Liga 22-23)",71.1121354475888
"R. Wagner (19, Freiburg II, 3. Liga 22-23)",70.96676423842135
"R. Wagner (19, Freiburg II, 3. Liga 22-23)",70.93015097576381
"R. Wagner (19, Freiburg II, 3. Liga 22-23)",70.74229933753006
"R. Wagner (19, Freiburg II, 3. Liga 22-23)",70.35481010283952
"R. Wagner (19, Freiburg II, 3. Liga 22-23)",70.34047563623548
"R. Wagner (19, Freiburg II, 3. Liga 22-23)",70.30213024922529
"R. Wagner (19, Freiburg II, 3. Liga 22-23)",70.08815794713077
"A. Elezi (22, Varaždin, 1. HNL 22-23)",70.08497391211179
"R. Wagner (19, Freiburg II, 3. Liga 22-23)",70.06305571299775
