Player 1,Similarity
"R. Yamaguchi (30, Arema, BRI Liga 1 22-23)",89.97623027713331
"R. Yamaguchi (30, Arema, BRI Liga 1 22-23)",89.58612351322334
"R. Yamaguchi (30, Arema, BRI Liga 1 22-23)",88.1272652564862
"R. Yamaguchi (30, Arema, BRI Liga 1 22-23)",87.60285381127044
"R. Yamaguchi (30, Arema, BRI Liga 1 22-23)",87.41664175339815
"R. Yamaguchi (30, Arema, BRI Liga 1 22-23)",86.06730436308528
"R. Yamaguchi (30, Arema, BRI Liga 1 22-23)",84.95987502349853
"R. Yamaguchi (30, Arema, BRI Liga 1 22-23)",84.12960624649749
"R. Yamaguchi (30, Arema, BRI Liga 1 22-23)",82.91099460003838
"R. Yamaguchi (30, Arema, BRI Liga 1 22-23)",82.87100817565765
"R. Yamaguchi (30, Arema, BRI Liga 1 22-23)",81.98425520124766
"R. Yamaguchi (30, Arema, BRI Liga 1 22-23)",81.97225700147804
"R. Yamaguchi (30, Arema, BRI Liga 1 22-23)",80.46437100676613
"R. Yamaguchi (30, Arema, BRI Liga 1 22-23)",80.02392613662155
"R. Yamaguchi (30, Arema, BRI Liga 1 22-23)",79.84901166062981
"R. Yamaguchi (30, Arema, BRI Liga 1 22-23)",79.7906751340341
"R. Yamaguchi (30, Arema, BRI Liga 1 22-23)",79.4025591831493
"R. Yamaguchi (30, Arema, BRI Liga 1 22-23)",79.19129072979769
"R. Yamaguchi (30, Arema, BRI Liga 1 22-23)",79.18666109481023
"R. Yamaguchi (30, Arema, BRI Liga 1 22-23)",79.1413070251264
"R. Yamaguchi (30, Arema, BRI Liga 1 22-23)",78.99438666128589
"M. Osmić (24, Sloboda Tuzla, Bosnian Premier League 22-23)",78.92891503701436
"R. Yamaguchi (30, Arema, BRI Liga 1 22-23)",78.87762904077962
"I. Rossi (29, Platense, Argentinian Primera División 2023)",78.80240134375187
"R. Yamaguchi (30, Arema, BRI Liga 1 22-23)",78.70397297934151
