Player 1,Similarity
"Rizky Eka (23, PSM, BRI Liga 1 22-23)",83.35107549334832
"Rizky Eka (23, PSM, BRI Liga 1 22-23)",81.13701518684049
"R. Haxhiu (24, Tirana, Albanian Premier League 22-23)",81.05805377849535
"T. Aquilina (22, Newcastle Jets, A-League Men 22-23)",80.5924674506844
"J. Dombaxi (26, Vorwärts Steyr, Austrian 2. Liga 22-23)",80.36145429639745
"Rizky Eka (23, PSM, BRI Liga 1 22-23)",78.91412359158693
"A. Donkor (25, Eintracht Braunschweig, 2. Bundesliga 22-23)",78.35282880472218
"Rizky Eka (23, PSM, BRI Liga 1 22-23)",78.26191375981621
"Rizky Eka (23, PSM, BRI Liga 1 22-23)",78.0288097887922
"Rizky Eka (23, PSM, BRI Liga 1 22-23)",77.91938945782097
"Rizky Eka (23, PSM, BRI Liga 1 22-23)",77.88950077632192
"Rizky Eka (23, PSM, BRI Liga 1 22-23)",77.34230634791409
"Rizky Eka (23, PSM, BRI Liga 1 22-23)",77.09977371987901
"R. Charles-Cook (26, Eupen, Belgian Pro League 22-23)",77.04085089618967
"Rizky Eka (23, PSM, BRI Liga 1 22-23)",76.59911594514797
"Rizky Eka (23, PSM, BRI Liga 1 22-23)",76.4281350508179
"Rizky Eka (23, PSM, BRI Liga 1 22-23)",76.29285215086952
"Rizky Eka (23, PSM, BRI Liga 1 22-23)",76.27684522048841
"Rizky Eka (23, PSM, BRI Liga 1 22-23)",76.17372468726371
"Rizky Eka (23, PSM, BRI Liga 1 22-23)",76.03176184666943
"Rizky Eka (23, PSM, BRI Liga 1 22-23)",75.92371142550027
"Rizky Eka (23, PSM, BRI Liga 1 22-23)",75.89265463690319
"Rizky Eka (23, PSM, BRI Liga 1 22-23)",75.88063174174874
"Ja. Jurčec (22, Rheindorf Altach, Austrian Bundesliga 22-23)",75.75304945898021
"Rizky Eka (23, PSM, BRI Liga 1 22-23)",75.58810343860458
