Player 1,Similarity
"Rodrigo Dias (29, Da Nang, V League 1 2023)",87.79809524507917
"Rodrigo Dias (29, Da Nang, V League 1 2023)",86.54230375889952
"Rodrigo Dias (29, Da Nang, V League 1 2023)",86.48097069160916
"Rodrigo Dias (29, Da Nang, V League 1 2023)",84.25091896763436
"Rodrigo Dias (29, Da Nang, V League 1 2023)",84.08719426673662
"Rodrigo Dias (29, Da Nang, V League 1 2023)",83.9356519553381
"Rodrigo Dias (29, Da Nang, V League 1 2023)",83.03933500970092
"Rodrigo Dias (29, Da Nang, V League 1 2023)",83.01753141752187
"Rodrigo Dias (29, Da Nang, V League 1 2023)",82.57295912851927
"Rodrigo Dias (29, Da Nang, V League 1 2023)",82.5054861450346
"Rodrigo Dias (29, Da Nang, V League 1 2023)",82.4839866615698
"Rodrigo Dias (29, Da Nang, V League 1 2023)",82.36884816827687
"Rodrigo Dias (29, Da Nang, V League 1 2023)",82.25421426194491
"Rodrigo Dias (29, Da Nang, V League 1 2023)",82.01758099475376
"Rodrigo Dias (29, Da Nang, V League 1 2023)",81.79749972515907
"Rodrigo Dias (29, Da Nang, V League 1 2023)",81.7869414846687
"Rodrigo Dias (29, Da Nang, V League 1 2023)",81.3112184198788
"Rodrigo Dias (29, Da Nang, V League 1 2023)",80.75427417640053
"Rodrigo Dias (29, Da Nang, V League 1 2023)",80.5148162206748
"N. Cordero (24, Huracán, Argentinian Primera División 2023)",80.1001492483758
"Rodrigo Dias (29, Da Nang, V League 1 2023)",79.69207515178495
"Rodrigo Dias (29, Da Nang, V League 1 2023)",79.61015084030178
"Rodrigo Dias (29, Da Nang, V League 1 2023)",79.59038320997816
"Rodrigo Dias (29, Da Nang, V League 1 2023)",79.40420936501124
"Rodrigo Dias (29, Da Nang, V League 1 2023)",79.32618010996407
