Player 1,Similarity
"Ronaldo (26, Shimizu S-Pulse, J2 2023)",84.60134375248471
"Ronaldo (26, Shimizu S-Pulse, J2 2023)",83.69513480563761
"F. Fattori (30, Huracán, Argentinian Primera División 2023)",83.43443534164139
"Ronaldo (26, Shimizu S-Pulse, J2 2023)",83.21795649910122
"Ronaldo (26, Shimizu S-Pulse, J2 2023)",81.45300124136057
"Ronaldo (26, Shimizu S-Pulse, J2 2023)",80.3998940624473
"Ronaldo (26, Shimizu S-Pulse, J2 2023)",79.7784418756085
"Ronaldo (26, Shimizu S-Pulse, J2 2023)",79.66029497917957
"R. Sanusi (31, Beerschot-Wilrijk, Belgian First Division B 22-23)",79.53265516343951
"S. Tronstad (27, Vitesse, Eredivisie 22-23)",79.4556250272075
"Ronaldo (26, Shimizu S-Pulse, J2 2023)",78.90739480906028
"Ronaldo (26, Shimizu S-Pulse, J2 2023)",78.76984783409486
"A. Krdžalić (18, Olimpija, 1. SNL 22-23)",78.69201538845026
"Ronaldo (26, Shimizu S-Pulse, J2 2023)",78.61435591577771
"R. Maeda (25, Mito Hollyhock, J2 2023)",78.23059463237627
"Ronaldo (26, Shimizu S-Pulse, J2 2023)",78.04856477739133
"Ronaldo (26, Shimizu S-Pulse, J2 2023)",77.903412058513
"J. Elías (27, San Lorenzo, Argentinian Primera División 2023)",77.80091829138382
"Ronaldo (26, Shimizu S-Pulse, J2 2023)",77.79638890008138
"Ronaldo (26, Shimizu S-Pulse, J2 2023)",77.74238539802134
"Ronaldo (26, Shimizu S-Pulse, J2 2023)",77.30794270251515
"Ronaldo (26, Shimizu S-Pulse, J2 2023)",77.27926023534754
"Ronaldo (26, Shimizu S-Pulse, J2 2023)",77.13348803469202
"Ronaldo (26, Shimizu S-Pulse, J2 2023)",77.06636627246579
"Ronaldo (26, Shimizu S-Pulse, J2 2023)",77.01174395575676
