Player 1,Similarity
"M. Antenucci (38, Bari, Serie B 22-23)",89.58667908757062
"Rui Pedro (25, Olimpija, 1. SNL 22-23)",88.29070301270974
"V. Aboubakar (31, Beşiktaş, Süper Lig 22-23)",88.23764669182887
"Rui Pedro (25, Olimpija, 1. SNL 22-23)",88.00318044951965
"Abel Ruiz (23, Sporting Braga, Primeira Liga 22-23)",87.35554067234217
"Rui Pedro (25, Olimpija, 1. SNL 22-23)",86.92502129987409
"Rui Pedro (25, Olimpija, 1. SNL 22-23)",85.98631633090561
"Rui Pedro (25, Olimpija, 1. SNL 22-23)",85.80768623842762
"Rui Pedro (25, Olimpija, 1. SNL 22-23)",85.63525872192673
"Rui Pedro (25, Olimpija, 1. SNL 22-23)",85.18204326945559
"Rui Pedro (25, Olimpija, 1. SNL 22-23)",85.17498569418663
"B. Fornaroli (35, Melbourne Victory, A-League Men 22-23)",85.1646510621053
"Z. Brincat (24, Mosta, Malta Premier League 22-23)",85.12922559507075
"Rui Pedro (25, Olimpija, 1. SNL 22-23)",84.86421859032961
"R. Glatzel (29, Hamburger SV, 2. Bundesliga 22-23)",84.85606889237111
"Y. Boli (29, Al Rayyan, Qatari Stars League 22-23)",84.74596220847761
"Rui Pedro (25, Olimpija, 1. SNL 22-23)",84.7024787128797
"M. Qurbanly (21, Qarabag, Premyer Liqa 22-23)",84.54094049360667
"Rui Pedro (25, Olimpija, 1. SNL 22-23)",84.40817884404245
"Rui Pedro (25, Olimpija, 1. SNL 22-23)",84.35970849367187
"N. Milleskog (21, Örebro, Superettan 2023)",84.16293624804926
"Rui Pedro (25, Olimpija, 1. SNL 22-23)",84.10169740445808
"M. Babo (32, Police Tero, Thai League 1 22-23)",84.0724733607671
"F. Bianchi (23, Brescia, Serie B 22-23)",84.02592555773137
"Rui Pedro (25, Olimpija, 1. SNL 22-23)",83.88846127592197
