Player 1,Similarity
"S. Crone (28, Brann, Eliteserien 2023)",79.61926528165813
"S. Crone (28, Brann, Eliteserien 2023)",77.09924143920716
"S. Crone (28, Brann, Eliteserien 2023)",76.39475845777774
"S. Crone (28, Brann, Eliteserien 2023)",75.20359786902362
"S. Crone (28, Brann, Eliteserien 2023)",75.13725792566377
"S. Crone (28, Brann, Eliteserien 2023)",75.04641307620506
"S. Crone (28, Brann, Eliteserien 2023)",74.98638088406868
"S. Crone (28, Brann, Eliteserien 2023)",74.9833875873552
"S. Crone (28, Brann, Eliteserien 2023)",74.23465046053174
"Pipa (25, Ludogorets, Bulgarian First League 22-23)",74.05497472667105
"David Sualehe (26, Olimpija, 1. SNL 22-23)",73.97019357189276
"S. Crone (28, Brann, Eliteserien 2023)",73.74905860432945
"S. Crone (28, Brann, Eliteserien 2023)",73.72183093792135
"S. Crone (28, Brann, Eliteserien 2023)",73.2321793986581
"S. Crone (28, Brann, Eliteserien 2023)",73.22487225333114
"S. Crone (28, Brann, Eliteserien 2023)",73.21469339292199
"P. Treu (22, Freiburg II, 3. Liga 22-23)",73.04889035194721
"S. Crone (28, Brann, Eliteserien 2023)",72.98527567011124
"S. Crone (28, Brann, Eliteserien 2023)",72.87436968581879
"A. Traoré (33, Western Sydney Wanderers, A-League Men 22-23)",72.62267796118013
"R. Feltscher (32, MSV Duisburg, 3. Liga 22-23)",72.60455651367329
"S. Crone (28, Brann, Eliteserien 2023)",72.38266068668618
"S. Crone (28, Brann, Eliteserien 2023)",72.23197884288723
"Ž. Karničnik (28, Celje, 1. SNL 22-23)",72.19505268212698
"S. Crone (28, Brann, Eliteserien 2023)",71.9821793279365
