Player 1,Similarity
"C. Gondo (26, Ascoli, Serie B 22-23)",87.75792977875916
"S. Essende (25, Caen, Ligue 2 22-23)",86.77197719347545
"S. Essende (25, Caen, Ligue 2 22-23)",86.6482681047414
"S. Essende (25, Caen, Ligue 2 22-23)",86.0396424525842
"Sandy (29, Hwaseong, K3 League 2023)",84.99142133141409
"S. Cikalleshi (32, Al Khaleej, Saudi Professional League 22-23)",84.30357003245577
"S. Essende (25, Caen, Ligue 2 22-23)",83.47398620465334
"S. Essende (25, Caen, Ligue 2 22-23)",83.37237264431941
"S. Essende (25, Caen, Ligue 2 22-23)",82.90798500243811
"S. Essende (25, Caen, Ligue 2 22-23)",82.41851525727938
"Antonio Casas (23, Córdoba, Primera División RFEF 22-23)",82.05695374435516
"S. Essende (25, Caen, Ligue 2 22-23)",81.87243470121646
"N. Giannetti (31, Carrarese, Serie C 22-23)",81.86304431977463
"S. Essende (25, Caen, Ligue 2 22-23)",81.82409698448816
"S. Essende (25, Caen, Ligue 2 22-23)",81.55234196224248
"S. Essende (25, Caen, Ligue 2 22-23)",81.51983683879322
"D. Radić (26, Široki Brijeg, Bosnian Premier League 22-23)",81.47570102452015
"S. Essende (25, Caen, Ligue 2 22-23)",81.39684848305406
"M. George (29, Pau, Ligue 2 22-23)",81.39386218243891
"S. Essende (25, Caen, Ligue 2 22-23)",81.16071876878051
"S. Essende (25, Caen, Ligue 2 22-23)",81.08822340428178
"K. Davis (25, Watford, Championship 22-23)",80.94945620620074
"S. Essende (25, Caen, Ligue 2 22-23)",80.92595379117846
"S. Essende (25, Caen, Ligue 2 22-23)",80.82037017445333
"S. Essende (25, Caen, Ligue 2 22-23)",80.74174189836154
