Player 1,Similarity
"Domi Berlanga (28, Inter Club d'Escaldes, Andorra Primera Divisió 22-23)",85.34507156316376
"S. Fukuda (22, YSCC, J3 2023)",82.14914648332832
"Gabriel Jesus (26, Arsenal, Premier League 22-23)",81.62197789886777
"S. Fukuda (22, YSCC, J3 2023)",80.35714447833648
"A. Mahamid (25, Hapoel Umm al-Fahm, Liga Leumit 22-23)",80.34323420584253
"S. Fukuda (22, YSCC, J3 2023)",80.23385285876205
"S. Fukuda (22, YSCC, J3 2023)",80.21707885146053
"S. Fukuda (22, YSCC, J3 2023)",79.53533196865206
"S. Fukuda (22, YSCC, J3 2023)",79.04340793092534
"S. Fukuda (22, YSCC, J3 2023)",78.93637546077014
"S. Fukuda (22, YSCC, J3 2023)",78.74390211740659
"S. Fukuda (22, YSCC, J3 2023)",78.1667032552572
"S. Fukuda (22, YSCC, J3 2023)",78.14604611922938
"S. Fukuda (22, YSCC, J3 2023)",77.96622888200409
"S. Fukuda (22, YSCC, J3 2023)",77.83466172079072
"S. Fukuda (22, YSCC, J3 2023)",77.6905160612767
"S. Fukuda (22, YSCC, J3 2023)",77.420030213186
"S. Fukuda (22, YSCC, J3 2023)",77.31992449972618
"S. Fukuda (22, YSCC, J3 2023)",77.25872067156023
"S. Fukuda (22, YSCC, J3 2023)",77.1524524835858
"S. Fukuda (22, YSCC, J3 2023)",77.10435256944524
"S. Fukuda (22, YSCC, J3 2023)",77.05337341335236
"S. Fukuda (22, YSCC, J3 2023)",77.0365352225489
"S. Fukuda (22, YSCC, J3 2023)",76.97758877425706
"S. Fukuda (22, YSCC, J3 2023)",76.90112977551043
