Player 1,Similarity
"C. Twigt (20, Volendam, Eredivisie 22-23)",84.29601515062582
"S. Inaba (29, Machida Zelvia, J2 2023)",82.34302363047298
"S. Inaba (29, Machida Zelvia, J2 2023)",80.52606387897572
"S. Inaba (29, Machida Zelvia, J2 2023)",80.44444355750657
"S. Inaba (29, Machida Zelvia, J2 2023)",79.59515872437986
"S. Inaba (29, Machida Zelvia, J2 2023)",79.18665961131552
"S. Inaba (29, Machida Zelvia, J2 2023)",78.59516290110805
"S. Inaba (29, Machida Zelvia, J2 2023)",77.3486786239601
"S. Inaba (29, Machida Zelvia, J2 2023)",77.16346188945013
"S. Tanaka (20, Kortrijk, Belgian Pro League 22-23)",77.1065235578754
"S. Inaba (29, Machida Zelvia, J2 2023)",76.92675278542367
"S. Inaba (29, Machida Zelvia, J2 2023)",76.6724680122524
"S. Inaba (29, Machida Zelvia, J2 2023)",76.59816528342816
"S. Inaba (29, Machida Zelvia, J2 2023)",75.78430617026441
"S. Inaba (29, Machida Zelvia, J2 2023)",75.57729081717234
"S. Inaba (29, Machida Zelvia, J2 2023)",75.14807899832863
"S. Inaba (29, Machida Zelvia, J2 2023)",74.70513780866959
"S. Inaba (29, Machida Zelvia, J2 2023)",73.89127137270758
"J. Kotzke (33, Górnik Zabrze, Ekstraklasa 22-23)",73.86644303627828
"S. Inaba (29, Machida Zelvia, J2 2023)",73.72166175618271
"S. Inaba (29, Machida Zelvia, J2 2023)",73.58716741361904
"S. Inaba (29, Machida Zelvia, J2 2023)",72.85331028780678
"S. Inagaki (31, Nagoya Grampus, J1 2023)",72.60378038077127
"S. Inaba (29, Machida Zelvia, J2 2023)",72.4642097235103
"S. Inaba (29, Machida Zelvia, J2 2023)",72.07826862252004
