Player 1,Similarity
"G. Nutz (29, Lafnitz, Austrian 2. Liga 22-23)",72.74870897474057
"S. Inoue (25, Yokohama, J1 2023)",72.42822670251246
"S. Inoue (25, Yokohama, J1 2023)",72.24267532835071
"S. Inoue (25, Yokohama, J1 2023)",70.82987243141685
"S. Inoue (25, Yokohama, J1 2023)",69.81256130673796
"S. Inoue (25, Yokohama, J1 2023)",69.53278643383668
"S. Inoue (25, Yokohama, J1 2023)",69.16909348649432
"S. Inoue (25, Yokohama, J1 2023)",68.64903284682977
"L. Duarte (26, Groningen, Eredivisie 22-23)",67.06802998734904
"S. Inoue (25, Yokohama, J1 2023)",66.9354277302449
"S. Inoue (25, Yokohama, J1 2023)",66.43124153025074
"S. Inoue (25, Yokohama, J1 2023)",65.85333145311192
"S. Inoue (25, Yokohama, J1 2023)",65.03764976694711
"S. Inoue (25, Yokohama, J1 2023)",64.82831711625757
"S. Inoue (25, Yokohama, J1 2023)",64.7773729250846
"S. Inoue (25, Yokohama, J1 2023)",64.64885614069442
"S. Mukhammad (33, Churchill Brothers, I-League 22-23)",64.5993129077848
"S. Inoue (25, Yokohama, J1 2023)",64.49792580183835
"S. Inoue (25, Yokohama, J1 2023)",64.06114432754352
"S. Inoue (25, Yokohama, J1 2023)",63.97784740641487
"B. Hussein (23, AIK, Allsvenskan 2023)",63.82778804431008
"S. Inoue (25, Yokohama, J1 2023)",63.37395991431979
"J. Seri (31, Hull City, Championship 22-23)",63.15079905171296
"S. Inoue (25, Yokohama, J1 2023)",62.960626282436
"S. Inoue (25, Yokohama, J1 2023)",62.5402635462256
