Player 1,Similarity
"S. Kuzmić (19, Mura, 1. SNL 22-23)",83.66585318994177
"S. Kuzmić (19, Mura, 1. SNL 22-23)",83.30280889880628
"S. Kuzmić (19, Mura, 1. SNL 22-23)",82.8774820822665
"S. Kuzmić (19, Mura, 1. SNL 22-23)",82.42848791959614
"S. Kuzmić (19, Mura, 1. SNL 22-23)",82.2232791000004
"S. Kuzmić (19, Mura, 1. SNL 22-23)",81.7696045661637
"S. Kuzmić (19, Mura, 1. SNL 22-23)",80.13890127736511
"S. Kuzmić (19, Mura, 1. SNL 22-23)",80.11844722394736
"S. Kuzmić (19, Mura, 1. SNL 22-23)",79.7376591351865
"S. Kuzmić (19, Mura, 1. SNL 22-23)",79.63840516108453
"M. Mina (24, Šibenik, 1. HNL 22-23)",79.27386016432834
"S. Kuzmić (19, Mura, 1. SNL 22-23)",79.25761476324841
"S. Kuzmić (19, Mura, 1. SNL 22-23)",78.68464211581939
"S. Kuzmić (19, Mura, 1. SNL 22-23)",78.6676012533749
"S. Kuzmić (19, Mura, 1. SNL 22-23)",78.63692939868594
"S. Kuzmić (19, Mura, 1. SNL 22-23)",78.3835496997356
"S. Kuzmić (19, Mura, 1. SNL 22-23)",78.0563907093618
"S. Kuzmić (19, Mura, 1. SNL 22-23)",77.85636642349503
"S. Kuzmić (19, Mura, 1. SNL 22-23)",77.81532247515068
"S. Kuzmić (19, Mura, 1. SNL 22-23)",77.66786853862138
"S. Kuzmić (19, Mura, 1. SNL 22-23)",77.44207930745547
"S. Kuzmić (19, Mura, 1. SNL 22-23)",77.28651023429576
"S. Kuzmić (19, Mura, 1. SNL 22-23)",77.20105581376193
"S. Kuzmić (19, Mura, 1. SNL 22-23)",77.16526024551588
"S. Kuzmić (19, Mura, 1. SNL 22-23)",77.03779393642075
