Player 1,Similarity
"S. Köhler (26, Osnabrück, 3. Liga 22-23)",88.93552170243301
"S. Köhler (26, Osnabrück, 3. Liga 22-23)",88.78324818017893
"S. Köhler (26, Osnabrück, 3. Liga 22-23)",88.67404267185013
"S. Köhler (26, Osnabrück, 3. Liga 22-23)",87.41888116642173
"S. Köhler (26, Osnabrück, 3. Liga 22-23)",86.95778880990581
"S. Köhler (26, Osnabrück, 3. Liga 22-23)",86.88560053603089
"S. Köhler (26, Osnabrück, 3. Liga 22-23)",85.93552250112879
"S. Köhler (26, Osnabrück, 3. Liga 22-23)",85.93121165734354
"S. Köhler (26, Osnabrück, 3. Liga 22-23)",85.47215006596683
"S. Köhler (26, Osnabrück, 3. Liga 22-23)",85.26842346164656
"S. Köhler (26, Osnabrück, 3. Liga 22-23)",85.06723590115209
"S. Köhler (26, Osnabrück, 3. Liga 22-23)",84.76577367564839
"S. Köhler (26, Osnabrück, 3. Liga 22-23)",83.9550203880697
"S. Köhler (26, Osnabrück, 3. Liga 22-23)",83.80017090622786
"S. Köhler (26, Osnabrück, 3. Liga 22-23)",83.69180817841912
"S. Köhler (26, Osnabrück, 3. Liga 22-23)",83.3503073279085
"S. Köhler (26, Osnabrück, 3. Liga 22-23)",83.33346150902358
"S. Köhler (26, Osnabrück, 3. Liga 22-23)",83.12758883037496
"S. Köhler (26, Osnabrück, 3. Liga 22-23)",82.84616896966338
"S. Köhler (26, Osnabrück, 3. Liga 22-23)",82.03681294797629
"S. Köhler (26, Osnabrück, 3. Liga 22-23)",81.84469919133718
"S. Köhler (26, Osnabrück, 3. Liga 22-23)",81.70733184376391
"S. Köhler (26, Osnabrück, 3. Liga 22-23)",81.45606237973924
"S. Köhler (26, Osnabrück, 3. Liga 22-23)",81.34803700135825
"S. Köhler (26, Osnabrück, 3. Liga 22-23)",81.26944531485505
