Player 1,Similarity
"S. Marković (29, Radomlje, 1. SNL 22-23)",85.97644595496155
"S. Marković (29, Radomlje, 1. SNL 22-23)",83.91711307428274
"S. Marković (29, Radomlje, 1. SNL 22-23)",83.7770945424267
"S. Marković (29, Radomlje, 1. SNL 22-23)",82.04373507346392
"S. Marković (29, Radomlje, 1. SNL 22-23)",81.76096099657202
"S. Marković (29, Radomlje, 1. SNL 22-23)",79.44269640552376
"S. Marković (29, Radomlje, 1. SNL 22-23)",79.32580595323196
"S. Marković (29, Radomlje, 1. SNL 22-23)",79.18164065706385
"S. Marković (29, Radomlje, 1. SNL 22-23)",78.31773984661706
"S. Marković (29, Radomlje, 1. SNL 22-23)",78.21351370160886
"S. Marković (29, Radomlje, 1. SNL 22-23)",77.75876676588172
"S. Marković (29, Radomlje, 1. SNL 22-23)",77.6992201905043
"S. Marković (29, Radomlje, 1. SNL 22-23)",76.69893399124778
"S. Marković (29, Radomlje, 1. SNL 22-23)",76.65408282520812
"S. Marković (29, Radomlje, 1. SNL 22-23)",76.62281790434767
"S. Marković (29, Radomlje, 1. SNL 22-23)",76.23188533730793
"S. Marković (29, Radomlje, 1. SNL 22-23)",75.85615848778217
"S. Marković (29, Radomlje, 1. SNL 22-23)",75.80061231302734
"S. Marković (29, Radomlje, 1. SNL 22-23)",74.70701744228172
"S. Marković (29, Radomlje, 1. SNL 22-23)",74.13893431973531
"S. Marković (29, Radomlje, 1. SNL 22-23)",74.1180570588019
"S. Marković (29, Radomlje, 1. SNL 22-23)",74.03842623555484
"S. Marković (29, Radomlje, 1. SNL 22-23)",73.83432070979809
"S. Marković (29, Radomlje, 1. SNL 22-23)",73.72288494969777
"S. Marković (29, Radomlje, 1. SNL 22-23)",73.57917461376363
