Player 1,Similarity
"S. Muroya (29, Hannover 96, 2. Bundesliga 22-23)",83.19168727416901
"S. Muroya (29, Hannover 96, 2. Bundesliga 22-23)",81.35747234317034
"S. Muroya (29, Hannover 96, 2. Bundesliga 22-23)",81.22989999130955
"S. Muroya (29, Hannover 96, 2. Bundesliga 22-23)",80.27500073197855
"S. Muroya (29, Hannover 96, 2. Bundesliga 22-23)",79.15512762368417
"S. Muroya (29, Hannover 96, 2. Bundesliga 22-23)",78.63627188715853
"S. Muroya (29, Hannover 96, 2. Bundesliga 22-23)",78.56217381942969
"N. Ajhmajer (20, Celje, 1. SNL 22-23)",77.85513019787498
"S. Muroya (29, Hannover 96, 2. Bundesliga 22-23)",77.49556152294264
"Š. Gržan (29, Osijek, 1. HNL 22-23)",77.21352390154387
"S. Muroya (29, Hannover 96, 2. Bundesliga 22-23)",76.71366699963421
"S. Muroya (29, Hannover 96, 2. Bundesliga 22-23)",76.42394537258458
"S. Muroya (29, Hannover 96, 2. Bundesliga 22-23)",76.22830796200371
"S. Muroya (29, Hannover 96, 2. Bundesliga 22-23)",76.22466950157354
"S. Muroya (29, Hannover 96, 2. Bundesliga 22-23)",75.93190830400933
"S. Muroya (29, Hannover 96, 2. Bundesliga 22-23)",74.88923303922502
"S. Muroya (29, Hannover 96, 2. Bundesliga 22-23)",74.51070605166802
"S. Muroya (29, Hannover 96, 2. Bundesliga 22-23)",73.7856958660328
"S. Muroya (29, Hannover 96, 2. Bundesliga 22-23)",73.64373133156428
"S. Muroya (29, Hannover 96, 2. Bundesliga 22-23)",73.56903624009139
"S. Muroya (29, Hannover 96, 2. Bundesliga 22-23)",73.49017353348111
"S. Muroya (29, Hannover 96, 2. Bundesliga 22-23)",73.3831081674375
"S. Muroya (29, Hannover 96, 2. Bundesliga 22-23)",73.26304712437202
"S. Muroya (29, Hannover 96, 2. Bundesliga 22-23)",73.23865700353798
"S. Muroya (29, Hannover 96, 2. Bundesliga 22-23)",73.22200607051525
