Player 1,Similarity
"S. Nishikubo (19, JEF United, J2 2023)",75.78016880888164
"S. Nishikubo (19, JEF United, J2 2023)",70.63785989801411
"S. Nishikubo (19, JEF United, J2 2023)",68.25197273395602
"S. Nishikubo (19, JEF United, J2 2023)",67.81818621538798
"S. Nishikubo (19, JEF United, J2 2023)",67.52329201488334
"D. Bran (19, San Carlos, Costa Rica Primera División 22-23)",67.38704275716478
"D. Hashioka (23, Sint-Truiden, Belgian Pro League 22-23)",65.88972718992552
"S. Nishikubo (19, JEF United, J2 2023)",65.79291366005947
"P. Therkildsen (24, Haugesund, Eliteserien 2023)",65.6278682673598
"S. Nishikubo (19, JEF United, J2 2023)",64.59958435917679
"S. Asta (22, Greuther Fürth, 2. Bundesliga 22-23)",64.36795719308157
"S. Nishikubo (19, JEF United, J2 2023)",64.05764855497954
"S. Nishikubo (19, JEF United, J2 2023)",63.70945441523184
"S. Nishikubo (19, JEF United, J2 2023)",63.36540574601132
"S. Nishikubo (19, JEF United, J2 2023)",63.27535254316532
"S. Nishikubo (19, JEF United, J2 2023)",63.13618746158545
"S. Nishikubo (19, JEF United, J2 2023)",62.8334733096463
"S. Nishikubo (19, JEF United, J2 2023)",62.43526376384151
"S. Nishikubo (19, JEF United, J2 2023)",61.75294132375232
"M. Ballmert (29, Meppen, 3. Liga 22-23)",61.6234814920883
"S. Nishikubo (19, JEF United, J2 2023)",61.30799172154708
"S. Nishikubo (19, JEF United, J2 2023)",60.06759692817703
"A. Dejanović (23, Velež, Bosnian Premier League 22-23)",59.9737854702069
"S. Nishikubo (19, JEF United, J2 2023)",59.939382534328814
"S. Nishikubo (19, JEF United, J2 2023)",59.74655693496005
