Player 1,Similarity
"S. Okaniwa (23, Omiya Ardija, J2 2023)",92.72909744097682
"S. Okaniwa (23, Omiya Ardija, J2 2023)",92.50092370450577
"S. Okaniwa (23, Omiya Ardija, J2 2023)",91.99907661890131
"E. Salomonsson (34, IFK Göteborg, Allsvenskan 2023)",91.2722970123971
"S. Okaniwa (23, Omiya Ardija, J2 2023)",90.99114420042436
"S. Okaniwa (23, Omiya Ardija, J2 2023)",90.6112038175681
"S. Zúñiga (26, Alajuelense, Costa Rica Primera División 22-23)",90.24701858512536
"S. Okaniwa (23, Omiya Ardija, J2 2023)",90.15918273691412
"S. Okaniwa (23, Omiya Ardija, J2 2023)",90.02202393349467
"S. Okaniwa (23, Omiya Ardija, J2 2023)",89.95726284216224
"S. Okaniwa (23, Omiya Ardija, J2 2023)",89.77571336954794
"S. Okaniwa (23, Omiya Ardija, J2 2023)",89.48888201937022
"S. Okaniwa (23, Omiya Ardija, J2 2023)",89.29514117584542
"M. Castaño (29, Jaguares de Córdoba, Colombian Primera Division 22-23)",88.9254864478981
"S. Okaniwa (23, Omiya Ardija, J2 2023)",88.8406043336483
"S. Okaniwa (23, Omiya Ardija, J2 2023)",88.63824165530386
"S. Okaniwa (23, Omiya Ardija, J2 2023)",88.48380567582737
"S. Okaniwa (23, Omiya Ardija, J2 2023)",88.22959289974506
"S. Okaniwa (23, Omiya Ardija, J2 2023)",88.17909473595682
"S. Okaniwa (23, Omiya Ardija, J2 2023)",88.11607670800824
"S. Okaniwa (23, Omiya Ardija, J2 2023)",87.90520531745962
"S. Okaniwa (23, Omiya Ardija, J2 2023)",87.87894908829263
"S. Okaniwa (23, Omiya Ardija, J2 2023)",87.79446907757473
"B. Cipetić (28, Lokomotiva Zagreb, 1. HNL 22-23)",87.66853132403637
"S. Okaniwa (23, Omiya Ardija, J2 2023)",87.51187891073585
