Player 1,Similarity
"S. Peña (27, Malmö FF, Allsvenskan 2023)",90.39991469839002
"J. Mišić (28, Dinamo Zagreb, 1. HNL 22-23)",89.29513847495697
"S. Peña (27, Malmö FF, Allsvenskan 2023)",87.67655653559736
"S. Peña (27, Malmö FF, Allsvenskan 2023)",87.48799594909919
"S. Peña (27, Malmö FF, Allsvenskan 2023)",87.22844937323686
"S. Peña (27, Malmö FF, Allsvenskan 2023)",86.33861339099515
"S. Peña (27, Malmö FF, Allsvenskan 2023)",86.27135394572797
"S. Peña (27, Malmö FF, Allsvenskan 2023)",85.53817339630577
"S. Peña (27, Malmö FF, Allsvenskan 2023)",85.40909801256605
"S. Peña (27, Malmö FF, Allsvenskan 2023)",85.0095359418778
"S. Peña (27, Malmö FF, Allsvenskan 2023)",84.95538644480008
"S. Peña (27, Malmö FF, Allsvenskan 2023)",84.91803326371378
"S. Peña (27, Malmö FF, Allsvenskan 2023)",84.6970953117857
"S. Peña (27, Malmö FF, Allsvenskan 2023)",84.54471078420157
"S. Peña (27, Malmö FF, Allsvenskan 2023)",84.43503429675188
"S. Peña (27, Malmö FF, Allsvenskan 2023)",84.38832059543887
"S. Peña (27, Malmö FF, Allsvenskan 2023)",83.80397073913879
"S. Peña (27, Malmö FF, Allsvenskan 2023)",83.36792813349054
"S. Peña (27, Malmö FF, Allsvenskan 2023)",82.52978794942635
"S. Peña (27, Malmö FF, Allsvenskan 2023)",81.93469458794036
"S. Peña (27, Malmö FF, Allsvenskan 2023)",81.21966248022984
"S. Peña (27, Malmö FF, Allsvenskan 2023)",81.05638550120838
"S. Peña (27, Malmö FF, Allsvenskan 2023)",80.98479940983782
"S. Peña (27, Malmö FF, Allsvenskan 2023)",80.98078851369013
"S. Peña (27, Malmö FF, Allsvenskan 2023)",80.98014296410639
