Player 1,Similarity
"S. Risch (23, Meppen, 3. Liga 22-23)",79.9996062233496
"S. Risch (23, Meppen, 3. Liga 22-23)",79.94824447177669
"S. Risch (23, Meppen, 3. Liga 22-23)",77.2053437349171
"S. Risch (23, Meppen, 3. Liga 22-23)",76.14414310768657
"S. Risch (23, Meppen, 3. Liga 22-23)",73.84713685348792
"S. Risch (23, Meppen, 3. Liga 22-23)",72.02835261602306
"S. Risch (23, Meppen, 3. Liga 22-23)",71.9610446670423
"S. Risch (23, Meppen, 3. Liga 22-23)",71.87512754592164
"S. Risch (23, Meppen, 3. Liga 22-23)",71.85606719334484
"S. Risch (23, Meppen, 3. Liga 22-23)",71.5465302884715
"S. Risch (23, Meppen, 3. Liga 22-23)",71.4734007434214
"S. Risch (23, Meppen, 3. Liga 22-23)",70.51889013649215
"S. Risch (23, Meppen, 3. Liga 22-23)",69.87927167914353
"S. Risch (23, Meppen, 3. Liga 22-23)",69.81367663133359
"S. Risch (23, Meppen, 3. Liga 22-23)",69.52415724910985
"S. Risch (23, Meppen, 3. Liga 22-23)",68.86071756586489
"S. Risch (23, Meppen, 3. Liga 22-23)",68.42539517591365
"S. Risch (23, Meppen, 3. Liga 22-23)",68.40390830942378
"S. Risch (23, Meppen, 3. Liga 22-23)",68.37290673046854
"S. Risch (23, Meppen, 3. Liga 22-23)",68.16989926244234
"D. Diekmeier (33, Sandhausen, 2. Bundesliga 22-23)",68.00162807934402
"S. Risch (23, Meppen, 3. Liga 22-23)",67.72971950977734
"S. Risch (23, Meppen, 3. Liga 22-23)",67.41858401680454
"S. Risch (23, Meppen, 3. Liga 22-23)",67.29611028731614
"S. Risch (23, Meppen, 3. Liga 22-23)",67.1795791237371
