Player 1,Similarity
"S. Skeide (18, Hødd, OBOS Ligaen 2023)",74.26875996596479
"Č. Makreckis (23, OFK Pirin, Bulgarian First League 22-23)",70.47667858186513
"L. Tempelmann (24, Nürnberg, 2. Bundesliga 22-23)",70.45304949734978
"Aleix Febas (27, Málaga, La Liga 2 22-23)",69.31176952007812
"S. Skeide (18, Hødd, OBOS Ligaen 2023)",68.74942294142424
"S. Skeide (18, Hødd, OBOS Ligaen 2023)",68.33707773172077
"S. Skeide (18, Hødd, OBOS Ligaen 2023)",67.82680411168744
"S. Skeide (18, Hødd, OBOS Ligaen 2023)",67.81713682449991
"S. Skeide (18, Hødd, OBOS Ligaen 2023)",67.77946369472863
"H. Magnetti (25, Brest, Ligue 1 22-23)",67.23664482689354
"S. Skeide (18, Hødd, OBOS Ligaen 2023)",66.43061593381697
"N. Ahamada (20, Stuttgart, Bundesliga 22-23)",66.23549096595133
"G. Haraguchi (32, Stuttgart, Bundesliga 22-23)",65.51936520580969
"S. Skeide (18, Hødd, OBOS Ligaen 2023)",63.96399299594194
"S. Skeide (18, Hødd, OBOS Ligaen 2023)",63.84243489487213
"B. Shabani (32, Struga, North Macedonia First League 22-23)",63.62789984811607
"M. Camara (24, Brest, Ligue 1 22-23)",63.00225958471486
"D. N'Landu (22, Radomlje, 1. SNL 22-23)",62.94930869921737
"S. Skeide (18, Hødd, OBOS Ligaen 2023)",62.57173985021193
"Heui-Kyun Lee (25, Gwangju, K League 1 2023)",62.50808313660532
"Y. Musah (20, Valencia, La Liga 22-23)",61.64181017931865
"S. Skeide (18, Hødd, OBOS Ligaen 2023)",61.60243446389673
"S. Skeide (18, Hødd, OBOS Ligaen 2023)",61.41354545486492
"S. Skeide (18, Hødd, OBOS Ligaen 2023)",61.01492875942427
"S. Skeide (18, Hødd, OBOS Ligaen 2023)",61.01193198437044
