Player 1,Similarity
"S. Sahin (23, Elversberg, 3. Liga 22-23)",81.72186747252755
"S. Sahin (23, Elversberg, 3. Liga 22-23)",81.4201570206454
"S. Sahin (23, Elversberg, 3. Liga 22-23)",78.45570235515915
"S. Sahin (23, Elversberg, 3. Liga 22-23)",78.441975926525
"S. Sahin (23, Elversberg, 3. Liga 22-23)",78.40079383711024
"S. Sahin (23, Elversberg, 3. Liga 22-23)",77.71509978986236
"S. Sahin (23, Elversberg, 3. Liga 22-23)",77.60883592051398
"S. Sahin (23, Elversberg, 3. Liga 22-23)",77.59460890249473
"S. Sahin (23, Elversberg, 3. Liga 22-23)",77.50396101276334
"S. Sahin (23, Elversberg, 3. Liga 22-23)",77.15048089929843
"S. Sahin (23, Elversberg, 3. Liga 22-23)",77.10955189365724
"S. Sahin (23, Elversberg, 3. Liga 22-23)",76.86542315476224
"S. Sahin (23, Elversberg, 3. Liga 22-23)",76.86507547090044
"S. Sahin (23, Elversberg, 3. Liga 22-23)",76.46944902988241
"S. Sahin (23, Elversberg, 3. Liga 22-23)",75.96028077563452
"S. Sahin (23, Elversberg, 3. Liga 22-23)",75.50733691446578
"S. Sahin (23, Elversberg, 3. Liga 22-23)",75.19531590419585
"S. Sahin (23, Elversberg, 3. Liga 22-23)",75.01900545142071
"S. Sahin (23, Elversberg, 3. Liga 22-23)",74.63991908739817
"S. Sahin (23, Elversberg, 3. Liga 22-23)",74.37212999473446
"S. Sahin (23, Elversberg, 3. Liga 22-23)",74.23414982796307
"S. Sahin (23, Elversberg, 3. Liga 22-23)",74.02356706747067
"S. Sahin (23, Elversberg, 3. Liga 22-23)",73.5296738593489
"S. Sahin (23, Elversberg, 3. Liga 22-23)",73.46502789358908
"S. Sahin (23, Elversberg, 3. Liga 22-23)",73.1296631379098
