Player 1,Similarity
"S. Seslar (21, Olimpija, 1. SNL 22-23)",87.89485971641793
"S. Seslar (21, Olimpija, 1. SNL 22-23)",86.02228999004275
"S. Seslar (21, Olimpija, 1. SNL 22-23)",84.89837535362761
"S. Seslar (21, Olimpija, 1. SNL 22-23)",84.88252873966647
"S. Seslar (21, Olimpija, 1. SNL 22-23)",84.80591009572672
"S. Seslar (21, Olimpija, 1. SNL 22-23)",84.6656482246827
"S. Seslar (21, Olimpija, 1. SNL 22-23)",84.52180381307866
"S. Seslar (21, Olimpija, 1. SNL 22-23)",83.66339771780686
"S. Seslar (21, Olimpija, 1. SNL 22-23)",83.5955841275182
"S. Seslar (21, Olimpija, 1. SNL 22-23)",83.30139525153697
"S. Seslar (21, Olimpija, 1. SNL 22-23)",83.21756852504105
"S. Seslar (21, Olimpija, 1. SNL 22-23)",83.12347390959025
"S. Seslar (21, Olimpija, 1. SNL 22-23)",83.02577923388151
"S. Seslar (21, Olimpija, 1. SNL 22-23)",82.96732954668671
"S. Seslar (21, Olimpija, 1. SNL 22-23)",82.84383291058668
"S. Seslar (21, Olimpija, 1. SNL 22-23)",82.54621844776479
"S. Seslar (21, Olimpija, 1. SNL 22-23)",82.47990274876923
"S. Seslar (21, Olimpija, 1. SNL 22-23)",82.47321636339535
"S. Seslar (21, Olimpija, 1. SNL 22-23)",82.07730132749849
"S. Seslar (21, Olimpija, 1. SNL 22-23)",81.53889029835707
"S. Seslar (21, Olimpija, 1. SNL 22-23)",81.29890270088383
"S. Seslar (21, Olimpija, 1. SNL 22-23)",80.88878842923121
