Player 1,Similarity
"S. Tokumoto (27, Tokyo, J1 2023)",80.80938488182068
"K. Aloe (28, Pärnu JK Vaprus, Estonian Meistriliiga 2023)",76.3711162199469
"S. Tokumoto (27, Tokyo, J1 2023)",75.61833122400145
"S. Tokumoto (27, Tokyo, J1 2023)",75.0450257148101
"M. John (21, Greuther Fürth, 2. Bundesliga 22-23)",73.38658588239775
"A. Asthorsson (25, Fylkir, Iceland Besta-Deild Karla 2023)",72.46052278586805
"S. Tokumoto (27, Tokyo, J1 2023)",72.1287482956536
"S. Tokumoto (27, Tokyo, J1 2023)",71.38894283169499
"S. Tokumoto (27, Tokyo, J1 2023)",71.29529138491262
"S. Tokumoto (27, Tokyo, J1 2023)",70.72724812554254
"G. Cox (25, Fortuna Sittard, Eredivisie 22-23)",69.87464527306595
"S. Tokumoto (27, Tokyo, J1 2023)",68.89254517973525
"S. Tokumoto (27, Tokyo, J1 2023)",68.3503383484296
"N. Bhutia (23, Bengaluru, Indian Super League 22-23)",68.138816356479
"S. Tokumoto (27, Tokyo, J1 2023)",67.7413734483032
"S. Malone (32, Millwall, Championship 22-23)",67.4874851227143
"J. Juranović (27, Union Berlin, Bundesliga 22-23)",67.12133119252138
"S. Tokumoto (27, Tokyo, J1 2023)",66.55623856075754
"A. Dewa (32, Barito Putera, BRI Liga 1 22-23)",66.47980796141516
"S. Tokumoto (27, Tokyo, J1 2023)",66.13447527105284
"S. Tokumoto (27, Tokyo, J1 2023)",65.85525029014624
"S. Tokumoto (27, Tokyo, J1 2023)",65.54008360347272
"C. Wernitznig (33, Austria Klagenfurt, Austrian Bundesliga 22-23)",65.36817381738246
"S. Tokumoto (27, Tokyo, J1 2023)",64.30248772224772
"A. Boucheta (29, Chabab Mohammédia, Botola Pro 22-23)",64.22439566772063
