Player 1,Similarity
"S. Tachino (30, Osaka, J3 2023)",87.61118267836513
"S. Tachino (30, Osaka, J3 2023)",83.99764962187851
"S. Tachino (30, Osaka, J3 2023)",83.71580899421878
"S. Tachino (30, Osaka, J3 2023)",83.60213797780219
"Angeliño (26, Hoffenheim, Bundesliga 22-23)",83.45028799898323
"B. Čolić (31, České Budějovice, Czech Fortuna Liga 22-23)",83.21431238932281
"S. Tachino (30, Osaka, J3 2023)",83.0743498340995
"S. Tachino (30, Osaka, J3 2023)",82.81458225216006
"M. Helešic (26, Pardubice, Czech Fortuna Liga 22-23)",82.51974105003056
"J. Sláma (24, Sigma Olomouc, Czech Fortuna Liga 22-23)",82.27944953407284
"S. Tachino (30, Osaka, J3 2023)",81.41605831479134
"T. Jänicke (34, Saarbrücken, 3. Liga 22-23)",81.07215140856641
"M. Jevremović (27, Enosis, Cyprus 1. Division 22-23)",80.97423430731952
"S. Tachino (30, Osaka, J3 2023)",80.87124288069974
"M. Dostál (33, Bohemians 1905, Czech Fortuna Liga 22-23)",80.65107422842087
"S. Tachino (30, Osaka, J3 2023)",80.58954121578334
"S. Tachino (30, Osaka, J3 2023)",80.26678654279695
"S. Tachino (30, Osaka, J3 2023)",80.21670938431546
"S. Tachino (30, Osaka, J3 2023)",80.12832798725843
"J. Fleišman (38, Baník Ostrava, Czech Fortuna Liga 22-23)",80.03980173239069
"T. Mohr (27, Schalke 04, Bundesliga 22-23)",79.986410204164
"S. Pirkl (26, Blau-Weiß Linz, Austrian 2. Liga 22-23)",79.81161788681074
"S. Tachino (30, Osaka, J3 2023)",79.3413827669296
"S. Tachino (30, Osaka, J3 2023)",79.07371866703666
"S. Tachino (30, Osaka, J3 2023)",79.02163685458459
