Player 1,Similarity
"S. Tan (28, Persis Solo, BRI Liga 1 22-23)",90.0039704377652
"S. Tan (28, Persis Solo, BRI Liga 1 22-23)",88.86670518133086
"S. Tan (28, Persis Solo, BRI Liga 1 22-23)",86.90966537576324
"S. Tan (28, Persis Solo, BRI Liga 1 22-23)",85.87607370130847
"S. Tan (28, Persis Solo, BRI Liga 1 22-23)",85.72029354013134
"S. Tan (28, Persis Solo, BRI Liga 1 22-23)",84.83633020922493
"S. Tan (28, Persis Solo, BRI Liga 1 22-23)",84.17535344669076
"S. Tan (28, Persis Solo, BRI Liga 1 22-23)",84.0509812899182
"S. Tan (28, Persis Solo, BRI Liga 1 22-23)",83.61698764197006
"R. Aholou (29, Raja Casablanca, Botola Pro 22-23)",83.23965838206603
"S. Tan (28, Persis Solo, BRI Liga 1 22-23)",82.84244919191146
"S. Tan (28, Persis Solo, BRI Liga 1 22-23)",82.754900176586
"S. Tan (28, Persis Solo, BRI Liga 1 22-23)",82.46613879145939
"B. Jovičić (30, LASK, Austrian Bundesliga 22-23)",82.22860895869823
"S. Tan (28, Persis Solo, BRI Liga 1 22-23)",80.99842171391685
"S. Tan (28, Persis Solo, BRI Liga 1 22-23)",80.98332475116521
"S. Tan (28, Persis Solo, BRI Liga 1 22-23)",80.8872251612397
"S. Tan (28, Persis Solo, BRI Liga 1 22-23)",80.66481884801195
"S. Tan (28, Persis Solo, BRI Liga 1 22-23)",80.58903863551048
"S. Tan (28, Persis Solo, BRI Liga 1 22-23)",80.33249963939434
"S. Tan (28, Persis Solo, BRI Liga 1 22-23)",80.17804353868723
"S. Tan (28, Persis Solo, BRI Liga 1 22-23)",80.02848866502073
"S. Tan (28, Persis Solo, BRI Liga 1 22-23)",79.9704670153093
"S. Tan (28, Persis Solo, BRI Liga 1 22-23)",79.71481661909853
"S. Tan (28, Persis Solo, BRI Liga 1 22-23)",79.58833151487059
