Player 1,Similarity
"S. Thioub (28, Angers SCO, Ligue 1 22-23)",85.51527950353181
"S. Thioub (28, Angers SCO, Ligue 1 22-23)",79.52174845407444
"A. Hakimi (24, PSG, Ligue 1 22-23)",78.54777457094183
"M. Köhlert (25, Heerenveen, Eredivisie 22-23)",76.96557684745632
"S. Thioub (28, Angers SCO, Ligue 1 22-23)",75.88513764028208
"S. Thioub (28, Angers SCO, Ligue 1 22-23)",73.94583473780831
"L. Advíncula (33, Boca Juniors, Argentinian Primera División 2023)",73.9194723809438
"S. Thioub (28, Angers SCO, Ligue 1 22-23)",73.85489025678513
"S. Thioub (28, Angers SCO, Ligue 1 22-23)",73.70980956851692
"J. Ikoko (29, Pafos, Cyprus 1. Division 22-23)",73.49187287603554
"S. Thioub (28, Angers SCO, Ligue 1 22-23)",73.34854977613746
"S. Thioub (28, Angers SCO, Ligue 1 22-23)",72.99113224976982
"S. Thioub (28, Angers SCO, Ligue 1 22-23)",72.31221849433041
"S. Thioub (28, Angers SCO, Ligue 1 22-23)",72.2611509367461
"S. Thioub (28, Angers SCO, Ligue 1 22-23)",71.48561757142676
"R. Huescas (19, Cruz Azul, Liga MX 22-23)",71.42148676261385
"S. Thioub (28, Angers SCO, Ligue 1 22-23)",71.41826390498146
"S. Thioub (28, Angers SCO, Ligue 1 22-23)",71.41457800763996
"S. Thioub (28, Angers SCO, Ligue 1 22-23)",71.29880903569921
"S. Thioub (28, Angers SCO, Ligue 1 22-23)",71.10828344141491
"Z. Zasno (21, Ashdod, Ligat Ha'al 22-23)",71.05317588428393
"S. Thioub (28, Angers SCO, Ligue 1 22-23)",71.04834882393251
"S. Thioub (28, Angers SCO, Ligue 1 22-23)",70.73560073981419
"S. Thioub (28, Angers SCO, Ligue 1 22-23)",70.73058506328552
"N. Gavory (28, Fortuna Düsseldorf, 2. Bundesliga 22-23)",70.12246826652814
