Player 1,Similarity
"Sandy (29, Hwaseong, K3 League 2023)",86.74469830269051
"Sandy (29, Hwaseong, K3 League 2023)",84.99142133141409
"Ž. Korać (35, Jedinstvo, Montenegro First League 22-23)",84.64563770440297
"Sandy (29, Hwaseong, K3 League 2023)",84.50908519476442
"Sandy (29, Hwaseong, K3 League 2023)",83.95538331447278
"E. Tozlu (32, BB Erzurumspor, Turkish 1. Lig 22-23)",83.5270334109402
"A. Taiwo (24, Spartak Trnava, Slovak Super Liga 22-23)",83.30320765121215
"Sandy (29, Hwaseong, K3 League 2023)",83.16180699295201
"M. Górski (33, Resovia Rzeszów, Polish I Liga 22-23)",82.9313402462024
"Sandy (29, Hwaseong, K3 League 2023)",82.82985834266692
"Sandy (29, Hwaseong, K3 League 2023)",82.68468056623075
"Sandy (29, Hwaseong, K3 League 2023)",82.49950215119745
"Sandy (29, Hwaseong, K3 League 2023)",82.48934614163225
"Sandy (29, Hwaseong, K3 League 2023)",82.44210838215588
"Sandy (29, Hwaseong, K3 League 2023)",82.10335660338829
"Sandy (29, Hwaseong, K3 League 2023)",81.87838992743562
"Sandy (29, Hwaseong, K3 League 2023)",81.73789193128236
"Sandy (29, Hwaseong, K3 League 2023)",81.56254238488816
"Sandy (29, Hwaseong, K3 League 2023)",81.25695520136159
"S. Cikalleshi (32, Al Khaleej, Saudi Professional League 22-23)",81.22637436229833
"Sandy (29, Hwaseong, K3 League 2023)",81.16657715515676
"Sandy (29, Hwaseong, K3 League 2023)",81.0553749085916
"Sandy (29, Hwaseong, K3 League 2023)",80.95412297974978
"K. Davis (25, Watford, Championship 22-23)",80.9345195849112
"B. Barišić (20, Domžale, 1. SNL 22-23)",80.90350595067882
