Player 1,Similarity
"Son (29, Levante, La Liga 2 22-23)",85.10699506453788
"Son (29, Levante, La Liga 2 22-23)",83.6343127099962
"Son (29, Levante, La Liga 2 22-23)",82.77768609805311
"Son (29, Levante, La Liga 2 22-23)",82.60906357329212
"I. Yakubu (28, National Bank of Egypt, Egyptian Premier League 22-23)",82.39696084922636
"Son (29, Levante, La Liga 2 22-23)",81.94295420687189
"Seung-Hyun Hong (26, Changwon City, K3 League 2023)",81.67298710238154
"A. Meteb (26, El Geish, Egyptian Premier League 22-23)",81.30123577998152
"Son (29, Levante, La Liga 2 22-23)",81.24366622084132
"Yong Lee (36, Suwon, K League 1 2023)",81.06440677802098
"Son (29, Levante, La Liga 2 22-23)",81.02622642858346
"J. Föhrenbach (27, Heidenheim, 2. Bundesliga 22-23)",80.71679010420229
"Pipa (25, Ludogorets, Bulgarian First League 22-23)",80.42036694485316
"M. Tuychibaev (30, Alay, Kyrgyz Premier League 2023)",80.1251733675771
"Son (29, Levante, La Liga 2 22-23)",80.11016703539451
"Son (29, Levante, La Liga 2 22-23)",79.83445880364847
"S. Okaniwa (23, Omiya Ardija, J2 2023)",79.81717893286967
"Son (29, Levante, La Liga 2 22-23)",79.76394638253423
"Mica Pinto (30, Sparta Rotterdam, Eredivisie 22-23)",79.54881784771304
"Son (29, Levante, La Liga 2 22-23)",79.47515881568987
"Son (29, Levante, La Liga 2 22-23)",79.43106687774102
"S. Friis Sharif (25, Hillerød, Danish 1. Division 22-23)",79.29717281899927
"R. Sanadi (36, Bhayangkara F.C., BRI Liga 1 22-23)",79.27551720871648
"Son (29, Levante, La Liga 2 22-23)",79.22609468542632
"Son (29, Levante, La Liga 2 22-23)",79.19371858642246
