Player 1,Similarity
"Y. Endō (43, Júbilo Iwata, J2 2023)",86.51561627953106
"Sung-Yueng Ki (34, Seoul, K League 1 2023)",84.46983135090825
"Sung-Yueng Ki (34, Seoul, K League 1 2023)",84.15295623590838
"R. Uehara (26, Júbilo Iwata, J2 2023)",83.67220564841632
"Sung-Yueng Ki (34, Seoul, K League 1 2023)",83.40371749762292
"Sung-Yueng Ki (34, Seoul, K League 1 2023)",82.33850786834451
"Sung-Yueng Ki (34, Seoul, K League 1 2023)",82.22681546599357
"Sung-Yueng Ki (34, Seoul, K League 1 2023)",81.48702272096764
"Sung-Yueng Ki (34, Seoul, K League 1 2023)",81.14482318702713
"Sung-Yueng Ki (34, Seoul, K League 1 2023)",81.01260702669015
"Sung-Yueng Ki (34, Seoul, K League 1 2023)",80.64986675309433
"T. Jacobsen (26, Elversberg, 3. Liga 22-23)",80.38267117147913
"Sung-Yueng Ki (34, Seoul, K League 1 2023)",80.3445822975029
"J. Schuurman (26, Dordrecht, Eerste Divisie 22-23)",80.28452228814214
"Sung-Yueng Ki (34, Seoul, K League 1 2023)",80.08606998763612
"L. Villafáñez (31, APOEL, Cyprus 1. Division 22-23)",80.06222414298826
"Sung-Yueng Ki (34, Seoul, K League 1 2023)",79.93900801240451
"K. Kazama (31, ThespaKusatsu Gunma, J2 2023)",79.80600505883282
"Sung-Yueng Ki (34, Seoul, K League 1 2023)",79.76382773968
"M. Fukoin (30, Gainare Tottori, J3 2023)",79.75112908340994
"Sung-Yueng Ki (34, Seoul, K League 1 2023)",79.40139933758277
"Sung-Yueng Ki (34, Seoul, K League 1 2023)",78.93172376536485
"Sung-Yueng Ki (34, Seoul, K League 1 2023)",78.90958253451089
"I. Louza (24, Watford, Championship 22-23)",78.79030409676767
"Sung-Yueng Ki (34, Seoul, K League 1 2023)",77.99782742079134
