Player 1,Similarity
"T. Akimoto (25, Urawa Reds, J1 2023)",72.21945847369776
"T. Akimoto (25, Urawa Reds, J1 2023)",69.71273812950815
"M. Grzybek (27, Zagłębie Lubin, Ekstraklasa 22-23)",68.7456397933854
"T. Akimoto (25, Urawa Reds, J1 2023)",68.46899977791557
"T. Akimoto (25, Urawa Reds, J1 2023)",67.47693137645673
"S. Janko (27, Bochum, Bundesliga 22-23)",67.30144632243761
"T. Akimoto (25, Urawa Reds, J1 2023)",67.13905721714826
"T. Akimoto (25, Urawa Reds, J1 2023)",66.99975614832559
"T. Akimoto (25, Urawa Reds, J1 2023)",66.74288597507015
"T. Akimoto (25, Urawa Reds, J1 2023)",66.49517780591202
"T. Akimoto (25, Urawa Reds, J1 2023)",66.05564104697636
"M. Achkov (23, Septemvri Sofia, Bulgarian First League 22-23)",65.89175231326217
"T. Akimoto (25, Urawa Reds, J1 2023)",65.84461553013107
"T. Akimoto (25, Urawa Reds, J1 2023)",65.72153328618133
"M. Sladký (31, České Budějovice, Czech Fortuna Liga 22-23)",65.10386193067795
"T. Akimoto (25, Urawa Reds, J1 2023)",64.70740742299269
"T. Akimoto (25, Urawa Reds, J1 2023)",64.28993899112218
"T. Akimoto (25, Urawa Reds, J1 2023)",64.26438950502813
"T. Akimoto (25, Urawa Reds, J1 2023)",63.34856133362884
"R. Mulders (22, Den Bosch, Eerste Divisie 22-23)",63.19889699242118
"T. Akimoto (25, Urawa Reds, J1 2023)",62.80078837657699
"J. Šporn (25, Celje, 1. SNL 22-23)",62.4445491005926
"I. Pata (22, TOP Oss, Eerste Divisie 22-23)",61.47254747668264
"T. Akimoto (25, Urawa Reds, J1 2023)",61.41272825063763
"T. Akimoto (25, Urawa Reds, J1 2023)",61.25499043870357
