Player 1,Similarity
"T. Arai (25, Fujieda MYFC, J2 2023)",78.5013093218871
"M. Martin (22, Ried, Austrian Bundesliga 22-23)",77.0135976531525
"N. Bitsche (20, Vorwärts Steyr, Austrian 2. Liga 22-23)",71.54070971447514
"T. Arai (25, Fujieda MYFC, J2 2023)",70.08623632280437
"T. Arai (25, Fujieda MYFC, J2 2023)",67.7286452960373
"T. Arai (25, Fujieda MYFC, J2 2023)",67.19051821843884
"S. Kamimura (27, Roasso Kumamoto, J2 2023)",67.1233898258684
"T. Arai (25, Fujieda MYFC, J2 2023)",66.77044903561428
"M. Sugita (27, Fujieda MYFC, J2 2023)",66.76307839005207
"T. Yonemoto (32, Nagoya Grampus, J1 2023)",66.55367314189927
"M. Yumiba (21, Oita Trinita, J2 2023)",65.61636453752085
"T. Arai (25, Fujieda MYFC, J2 2023)",65.13484009401756
"T. Arai (25, Fujieda MYFC, J2 2023)",65.10751045343571
"T. Arai (25, Fujieda MYFC, J2 2023)",63.50703342541642
"E. Llansana (22, Go Ahead Eagles, Eredivisie 22-23)",63.35497448959314
"K. Oostenbrink (23, Eindhoven, Eerste Divisie 22-23)",63.266585385792176
"T. Arai (25, Fujieda MYFC, J2 2023)",62.70787421150917
"T. Arai (25, Fujieda MYFC, J2 2023)",62.34955245942637
"M. Hanousek (31, Widzew Łódź, Ekstraklasa 22-23)",62.3394790993696
"E. Juárez (24, Guadalupe, Costa Rica Primera División 22-23)",61.92255042412448
"T. Arai (25, Fujieda MYFC, J2 2023)",61.90966967377398
"T. Arai (25, Fujieda MYFC, J2 2023)",61.78439763568648
"T. Arai (25, Fujieda MYFC, J2 2023)",61.5760911009753
"T. Arai (25, Fujieda MYFC, J2 2023)",61.27744998595632
"T. Arai (25, Fujieda MYFC, J2 2023)",61.07117268727976
