Player 1,Similarity
"T. Baack (24, Verl, 3. Liga 22-23)",80.60106279577913
"T. Baack (24, Verl, 3. Liga 22-23)",72.50677687287241
"T. Baack (24, Verl, 3. Liga 22-23)",69.92187039284936
"T. Baack (24, Verl, 3. Liga 22-23)",68.77518136448377
"M. Corboz (28, Verl, 3. Liga 22-23)",68.26043818735349
"T. Baack (24, Verl, 3. Liga 22-23)",67.48189343250766
"T. Baack (24, Verl, 3. Liga 22-23)",67.01028125653247
"T. Baack (24, Verl, 3. Liga 22-23)",66.71741521891423
"T. Baack (24, Verl, 3. Liga 22-23)",65.6629983871642
"T. Baack (24, Verl, 3. Liga 22-23)",65.63507816271031
"T. Baack (24, Verl, 3. Liga 22-23)",65.5024961111603
"T. Baack (24, Verl, 3. Liga 22-23)",64.6060371581175
"J. Gondorf (34, Karlsruher SC, 2. Bundesliga 22-23)",64.01993003701443
"T. Baack (24, Verl, 3. Liga 22-23)",63.28807061151012
"T. Baack (24, Verl, 3. Liga 22-23)",63.17088525085492
"T. Baack (24, Verl, 3. Liga 22-23)",62.599703236116255
"T. Baack (24, Verl, 3. Liga 22-23)",62.1614167882184
"T. Baack (24, Verl, 3. Liga 22-23)",62.07277561667579
"T. Baack (24, Verl, 3. Liga 22-23)",62.02548464355807
"F. Wagner (25, Waldhof Mannheim, 3. Liga 22-23)",61.68041917408957
"T. Baack (24, Verl, 3. Liga 22-23)",61.56381933062868
"T. Baack (24, Verl, 3. Liga 22-23)",60.17642808232539
"T. Baack (24, Verl, 3. Liga 22-23)",60.15330451056998
"T. Baack (24, Verl, 3. Liga 22-23)",60.12891114623757
"T. Baack (24, Verl, 3. Liga 22-23)",60.0874349041586
