Player 1,Similarity
"T. Cipot (20, Mura, 1. SNL 22-23)",72.675441816888
"T. Cipot (20, Mura, 1. SNL 22-23)",69.01878870353731
"T. Cipot (20, Mura, 1. SNL 22-23)",66.9743208115128
"T. Cipot (20, Mura, 1. SNL 22-23)",65.32026373553468
"T. Cipot (20, Mura, 1. SNL 22-23)",64.31142274438024
"T. Cipot (20, Mura, 1. SNL 22-23)",64.09553159894529
"T. Cipot (20, Mura, 1. SNL 22-23)",63.59013493861042
"T. Cipot (20, Mura, 1. SNL 22-23)",63.54957801066383
"T. Cipot (20, Mura, 1. SNL 22-23)",63.33882562170509
"T. Cipot (20, Mura, 1. SNL 22-23)",63.1784016834525
"T. Cipot (20, Mura, 1. SNL 22-23)",62.949904098667965
"T. Cipot (20, Mura, 1. SNL 22-23)",62.910128869961454
"T. Cipot (20, Mura, 1. SNL 22-23)",62.76416058921398
"T. Cipot (20, Mura, 1. SNL 22-23)",62.53832933201654
"T. Cipot (20, Mura, 1. SNL 22-23)",62.171860505213296
"T. Cipot (20, Mura, 1. SNL 22-23)",61.9182417880677
"T. Cipot (20, Mura, 1. SNL 22-23)",61.80763144956817
"T. Cipot (20, Mura, 1. SNL 22-23)",61.69092613340074
"T. Cipot (20, Mura, 1. SNL 22-23)",60.62192304953221
"T. Cipot (20, Mura, 1. SNL 22-23)",60.056736908359056
"T. Cipot (20, Mura, 1. SNL 22-23)",59.48166562493845
"T. Cipot (20, Mura, 1. SNL 22-23)",59.01928821160881
"T. Cipot (20, Mura, 1. SNL 22-23)",59.00788537532273
"T. Cipot (20, Mura, 1. SNL 22-23)",58.60657032276515
"T. Cipot (20, Mura, 1. SNL 22-23)",58.44840228183215
