Player 1,Similarity
"T. Elšnik (25, Olimpija, 1. SNL 22-23)",88.62628155326185
"T. Elšnik (25, Olimpija, 1. SNL 22-23)",86.24967460630917
"T. Elšnik (25, Olimpija, 1. SNL 22-23)",85.31812078573509
"T. Elšnik (25, Olimpija, 1. SNL 22-23)",84.27434090123322
"T. Elšnik (25, Olimpija, 1. SNL 22-23)",84.12299959613655
"T. Elšnik (25, Olimpija, 1. SNL 22-23)",83.97296229788206
"T. Elšnik (25, Olimpija, 1. SNL 22-23)",83.43486237335169
"T. Elšnik (25, Olimpija, 1. SNL 22-23)",83.17180952840776
"T. Elšnik (25, Olimpija, 1. SNL 22-23)",82.2362368853915
"T. Elšnik (25, Olimpija, 1. SNL 22-23)",81.9067713154869
"T. Elšnik (25, Olimpija, 1. SNL 22-23)",81.88341433143933
"T. Elšnik (25, Olimpija, 1. SNL 22-23)",81.75697718316515
"T. Elšnik (25, Olimpija, 1. SNL 22-23)",81.65785775949516
"T. Elšnik (25, Olimpija, 1. SNL 22-23)",81.47090411874476
"T. Elšnik (25, Olimpija, 1. SNL 22-23)",81.4299457261269
"T. Elšnik (25, Olimpija, 1. SNL 22-23)",81.39161173305638
"T. Elšnik (25, Olimpija, 1. SNL 22-23)",81.24739869687258
"T. Elšnik (25, Olimpija, 1. SNL 22-23)",81.14661558546837
"T. Elšnik (25, Olimpija, 1. SNL 22-23)",81.05386477338783
"T. Elšnik (25, Olimpija, 1. SNL 22-23)",80.8567392174175
"T. Elšnik (25, Olimpija, 1. SNL 22-23)",80.1867094170914
"T. Elšnik (25, Olimpija, 1. SNL 22-23)",80.15679698317352
"T. Elšnik (25, Olimpija, 1. SNL 22-23)",79.82354038875293
"T. Elšnik (25, Olimpija, 1. SNL 22-23)",79.7592767051499
"T. Elšnik (25, Olimpija, 1. SNL 22-23)",79.54770672329371
