Player 1,Similarity
"T. Ferre (24, PSS Sleman, BRI Liga 1 22-23)",78.90661629281948
"T. Ferre (24, PSS Sleman, BRI Liga 1 22-23)",76.35547323250941
"T. Ferre (24, PSS Sleman, BRI Liga 1 22-23)",76.11801690248367
"T. Ferre (24, PSS Sleman, BRI Liga 1 22-23)",74.82342096844707
"T. Ferre (24, PSS Sleman, BRI Liga 1 22-23)",73.98374163386458
"T. Ferre (24, PSS Sleman, BRI Liga 1 22-23)",73.8947748380867
"T. Ferre (24, PSS Sleman, BRI Liga 1 22-23)",73.00118134139055
"T. Ferre (24, PSS Sleman, BRI Liga 1 22-23)",72.86357236861083
"T. Ferre (24, PSS Sleman, BRI Liga 1 22-23)",72.30059848997892
"T. Ferre (24, PSS Sleman, BRI Liga 1 22-23)",71.88996303557708
"T. Ferre (24, PSS Sleman, BRI Liga 1 22-23)",71.72938871112393
"T. Ferre (24, PSS Sleman, BRI Liga 1 22-23)",71.71538228200234
"T. Ferre (24, PSS Sleman, BRI Liga 1 22-23)",71.46833969660743
"T. Ferre (24, PSS Sleman, BRI Liga 1 22-23)",71.36946006099485
"T. Ferre (24, PSS Sleman, BRI Liga 1 22-23)",71.33093502276955
"T. Ferre (24, PSS Sleman, BRI Liga 1 22-23)",71.26861203975179
"T. Ferre (24, PSS Sleman, BRI Liga 1 22-23)",71.09783113045773
"F. Michel (22, Borussia Dortmund II, 3. Liga 22-23)",71.07670982554419
"T. Ferre (24, PSS Sleman, BRI Liga 1 22-23)",70.7936985220148
"T. Ferre (24, PSS Sleman, BRI Liga 1 22-23)",69.92869628529019
"T. Ferre (24, PSS Sleman, BRI Liga 1 22-23)",69.77097075483277
"T. Ferre (24, PSS Sleman, BRI Liga 1 22-23)",69.30450086030734
