Player 1,Similarity
"Wanderson (31, Dila, Erovnuli Liga 2023)",82.58731804722287
"M. Käos (24, Pärnu JK Vaprus, Estonian Meistriliiga 2023)",78.85958524992957
"R. Calderon (30, Malacateco, Guatemala Liga Nacional 22-23)",77.6183386142521
"T. Fukumura (31, Ryūkyū, J3 2023)",76.70478723523495
"D. Blind (32, Ajax, Eredivisie 22-23)",76.69676661959255
"O. Jerrari (28, Maghreb Fès, Botola Pro 22-23)",74.44011559140775
"T. Fukumura (31, Ryūkyū, J3 2023)",74.18119887074344
"T. Fukumura (31, Ryūkyū, J3 2023)",74.04925865831696
"T. Fukumura (31, Ryūkyū, J3 2023)",73.67479133725602
"T. Fukumura (31, Ryūkyū, J3 2023)",73.67338146383884
"E. Boakye (23, Aris, Cyprus 1. Division 22-23)",73.60743782602238
"T. Fukumura (31, Ryūkyū, J3 2023)",73.56508138194883
"T. Fukumura (31, Ryūkyū, J3 2023)",72.5765764796984
"J. Davidson (31, Eupen, Belgian Pro League 22-23)",72.38630421955682
"Ahmed Shedid (37, Haras El Hodood, Egyptian Premier League 22-23)",72.33420116489586
"Diego Caballo (29, Sydney, A-League Men 22-23)",72.06145496108365
"T. Fukumura (31, Ryūkyū, J3 2023)",71.35924689443702
"Y. Horigome (28, Albirex Niigata, J1 2023)",71.33598739127456
"T. Fukumura (31, Ryūkyū, J3 2023)",71.26754433403207
"T. Fukumura (31, Ryūkyū, J3 2023)",70.87103060748356
"T. Ugajin (35, Gifu, J3 2023)",70.82005949857695
"T. Fukumura (31, Ryūkyū, J3 2023)",70.70191328734052
"V. Jemelka (27, Viktoria Plzeň, Czech Fortuna Liga 22-23)",70.65214353131067
"D. Nakashio (25, ThespaKusatsu Gunma, J2 2023)",69.99815989406451
"R. Ljubičić (23, Dinamo Zagreb, 1. HNL 22-23)",69.36993295305403
