Player 1,Similarity
"P. Mwene (29, PSV, Eredivisie 22-23)",83.55830530179183
"S. Moharrami (27, Dinamo Zagreb, 1. HNL 22-23)",82.58495338869184
"Andoni Gorosabel (26, Real Sociedad, La Liga 22-23)",82.34286168052118
"T. Foket (28, Reims, Ligue 1 22-23)",82.01380589814826
"Manu Sánchez (22, Osasuna, La Liga 22-23)",81.40598567314743
"T. Foket (28, Reims, Ligue 1 22-23)",81.16010650968578
"T. Foket (28, Reims, Ligue 1 22-23)",80.88967435953064
"T. Foket (28, Reims, Ligue 1 22-23)",80.82983852270509
"E. Tur (26, Levadia, Estonian Meistriliiga 2023)",80.0735036945493
"E. Lara (21, América, Liga MX 22-23)",79.23400341904751
"Aurélio Buta (26, Eintracht Frankfurt, Bundesliga 22-23)",79.20716966738182
"Imanol García de Albéniz (22, Eibar, La Liga 2 22-23)",79.16324380306753
"T. Foket (28, Reims, Ligue 1 22-23)",79.16049071265566
"T. Foket (28, Reims, Ligue 1 22-23)",79.08414086909369
"T. Foket (28, Reims, Ligue 1 22-23)",79.03271785390051
"E. Salomonsson (34, IFK Göteborg, Allsvenskan 2023)",78.91507245549822
"B. Sævarsson (38, Valur, Iceland Besta-Deild Karla 2023)",78.23972693681304
"T. Foket (28, Reims, Ligue 1 22-23)",78.22162117467795
"T. Foket (28, Reims, Ligue 1 22-23)",78.19715620719239
"T. Foket (28, Reims, Ligue 1 22-23)",78.19644326793211
"L. Vilsvik (34, Strømsgodset, Eliteserien 2023)",78.14171327490614
"G. Soto (29, Huracán, Argentinian Primera División 2023)",78.07788107545889
"T. Foket (28, Reims, Ligue 1 22-23)",77.99184308923418
"F. Ferrari (31, APOEL, Cyprus 1. Division 22-23)",77.87460979800296
"T. Foket (28, Reims, Ligue 1 22-23)",77.8677972295887
