Player 1,Similarity
"T. Infantrie (23, Persikabo 1973, BRI Liga 1 22-23)",79.92137801630412
"T. Infantrie (23, Persikabo 1973, BRI Liga 1 22-23)",73.06751027370908
"M. Said Bouksyr (26, Ittihad Tanger, Botola Pro 22-23)",71.09861655572519
"T. Infantrie (23, Persikabo 1973, BRI Liga 1 22-23)",70.9159978283361
"T. Infantrie (23, Persikabo 1973, BRI Liga 1 22-23)",70.39305543087102
"K. Ait Mohamed (23, Hassania Agadir, Botola Pro 22-23)",70.21987272792238
"T. Infantrie (23, Persikabo 1973, BRI Liga 1 22-23)",69.99256880485385
"T. Infantrie (23, Persikabo 1973, BRI Liga 1 22-23)",69.58057328895806
"T. Infantrie (23, Persikabo 1973, BRI Liga 1 22-23)",69.34763097653179
"T. Infantrie (23, Persikabo 1973, BRI Liga 1 22-23)",69.02347543990032
"T. Infantrie (23, Persikabo 1973, BRI Liga 1 22-23)",68.31544234599319
"T. Infantrie (23, Persikabo 1973, BRI Liga 1 22-23)",67.89043138184994
"T. Infantrie (23, Persikabo 1973, BRI Liga 1 22-23)",66.51351119218812
"T. Infantrie (23, Persikabo 1973, BRI Liga 1 22-23)",65.8101448106206
"T. Infantrie (23, Persikabo 1973, BRI Liga 1 22-23)",65.39412362475639
"T. Infantrie (23, Persikabo 1973, BRI Liga 1 22-23)",64.61150046204055
"T. Infantrie (23, Persikabo 1973, BRI Liga 1 22-23)",64.58308970076475
"T. Infantrie (23, Persikabo 1973, BRI Liga 1 22-23)",64.53472820725891
"T. Infantrie (23, Persikabo 1973, BRI Liga 1 22-23)",64.45314489222302
"T. Infantrie (23, Persikabo 1973, BRI Liga 1 22-23)",64.40210254729269
"T. Infantrie (23, Persikabo 1973, BRI Liga 1 22-23)",63.88634090134552
"T. Infantrie (23, Persikabo 1973, BRI Liga 1 22-23)",63.85596853503473
"T. Infantrie (23, Persikabo 1973, BRI Liga 1 22-23)",63.84382006037153
"T. Infantrie (23, Persikabo 1973, BRI Liga 1 22-23)",63.60356532542386
"T. Infantrie (23, Persikabo 1973, BRI Liga 1 22-23)",63.55152773110815
