Player 1,Similarity
"T. Ko (25, Albirex Niigata, J1 2023)",83.12089056524921
"T. Ko (25, Albirex Niigata, J1 2023)",81.56255099403197
"T. Ko (25, Albirex Niigata, J1 2023)",78.61967293125123
"T. Ko (25, Albirex Niigata, J1 2023)",78.3579799488004
"T. Ko (25, Albirex Niigata, J1 2023)",77.90505604530821
"T. Ko (25, Albirex Niigata, J1 2023)",77.48390652362033
"T. Ko (25, Albirex Niigata, J1 2023)",76.85479521148874
"T. Ko (25, Albirex Niigata, J1 2023)",76.69608866017995
"Mohamed Ghanam (26, Future, Egyptian Premier League 22-23)",76.69115179158894
"Rubén Pérez (34, Panathinaikos, Greek Super League 22-23)",76.4236583112424
"T. Ko (25, Albirex Niigata, J1 2023)",76.33853832541905
"T. Ko (25, Albirex Niigata, J1 2023)",75.74393760623622
"T. Ko (25, Albirex Niigata, J1 2023)",75.56365172511015
"T. Ko (25, Albirex Niigata, J1 2023)",75.29901767977898
"M. Zabukovnik (22, Celje, 1. SNL 22-23)",75.01012043937374
"T. Ko (25, Albirex Niigata, J1 2023)",74.97601522359702
"T. Ko (25, Albirex Niigata, J1 2023)",74.95769908935657
"T. Ko (25, Albirex Niigata, J1 2023)",74.65153894331087
"T. Ko (25, Albirex Niigata, J1 2023)",74.47410257529093
"T. Ko (25, Albirex Niigata, J1 2023)",74.42893366029278
"T. Ko (25, Albirex Niigata, J1 2023)",74.42705255506972
"M. Vrbanec (26, Celje, 1. SNL 22-23)",74.31875792312326
"T. Ko (25, Albirex Niigata, J1 2023)",74.22340687057944
"T. Ko (25, Albirex Niigata, J1 2023)",74.071094413097
"K. Watanabe (24, Yokohama F. Marinos, J1 2023)",73.55569799728747
