Player 1,Similarity
"T. Kida (28, Yokohama F. Marinos, J1 2023)",73.68490113091096
"T. Kida (28, Yokohama F. Marinos, J1 2023)",73.47647168649532
"T. Kida (28, Yokohama F. Marinos, J1 2023)",72.11307760866119
"T. Kida (28, Yokohama F. Marinos, J1 2023)",72.07625286161826
"T. Kida (28, Yokohama F. Marinos, J1 2023)",71.7562624176279
"T. Kida (28, Yokohama F. Marinos, J1 2023)",71.65089078247252
"T. Kida (28, Yokohama F. Marinos, J1 2023)",71.63781720941176
"T. Kida (28, Yokohama F. Marinos, J1 2023)",71.16461284982506
"T. Kida (28, Yokohama F. Marinos, J1 2023)",70.78020339416898
"T. Kida (28, Yokohama F. Marinos, J1 2023)",70.70619916215293
"Jon Gaztañaga (31, Karmiotissa, Cyprus 1. Division 22-23)",70.67643962740131
"T. Kida (28, Yokohama F. Marinos, J1 2023)",69.94133924690622
"T. Kida (28, Yokohama F. Marinos, J1 2023)",69.47339081835389
"T. Kida (28, Yokohama F. Marinos, J1 2023)",69.34144113447125
"T. Kida (28, Yokohama F. Marinos, J1 2023)",69.00968158847569
"T. Kida (28, Yokohama F. Marinos, J1 2023)",68.77996377169265
"T. Kida (28, Yokohama F. Marinos, J1 2023)",67.4048985699566
"T. Kida (28, Yokohama F. Marinos, J1 2023)",67.17921878938036
"T. Kida (28, Yokohama F. Marinos, J1 2023)",66.86912713892997
"T. Kida (28, Yokohama F. Marinos, J1 2023)",66.79663055507989
"I. Manellari (25, Laçi, Albanian Premier League 22-23)",66.43585538235708
"T. Kida (28, Yokohama F. Marinos, J1 2023)",66.42478519711955
"T. Kida (28, Yokohama F. Marinos, J1 2023)",66.35099007037148
"T. Kida (28, Yokohama F. Marinos, J1 2023)",65.63930516282794
"T. Kida (28, Yokohama F. Marinos, J1 2023)",65.5158554991252
