Player 1,Similarity
"T. Knost (23, Verl, 3. Liga 22-23)",91.22526643846469
"T. Knost (23, Verl, 3. Liga 22-23)",85.84634068458237
"T. Knost (23, Verl, 3. Liga 22-23)",85.2530635638905
"T. Knost (23, Verl, 3. Liga 22-23)",84.63181786284612
"T. Knost (23, Verl, 3. Liga 22-23)",84.3712358255123
"T. Knost (23, Verl, 3. Liga 22-23)",83.80869451940347
"T. Knost (23, Verl, 3. Liga 22-23)",83.74789048395202
"T. Knost (23, Verl, 3. Liga 22-23)",83.68293677553025
"T. Knost (23, Verl, 3. Liga 22-23)",83.59704271194417
"T. Knost (23, Verl, 3. Liga 22-23)",82.83315364637541
"T. Knost (23, Verl, 3. Liga 22-23)",82.83191906755513
"T. Knost (23, Verl, 3. Liga 22-23)",82.08734661974101
"T. Knost (23, Verl, 3. Liga 22-23)",81.89280399269568
"T. Knost (23, Verl, 3. Liga 22-23)",81.79542817385857
"T. Knost (23, Verl, 3. Liga 22-23)",81.76859450444563
"T. Knost (23, Verl, 3. Liga 22-23)",81.52590102277316
"T. Knost (23, Verl, 3. Liga 22-23)",81.49437467702401
"T. Knost (23, Verl, 3. Liga 22-23)",81.37408303423635
"T. Knost (23, Verl, 3. Liga 22-23)",81.35912926243662
"T. Knost (23, Verl, 3. Liga 22-23)",81.31132278844386
"T. Knost (23, Verl, 3. Liga 22-23)",80.79867279398017
"T. Knost (23, Verl, 3. Liga 22-23)",80.57435133205618
"T. Knost (23, Verl, 3. Liga 22-23)",80.50248629977175
"C. Rizzuto (31, Saarbrücken, 3. Liga 22-23)",80.37736082320292
"T. Knost (23, Verl, 3. Liga 22-23)",80.3158301156826
