Player 1,Similarity
"T. Kempe (33, Darmstadt 98, 2. Bundesliga 22-23)",91.1602782012826
"T. Kempe (33, Darmstadt 98, 2. Bundesliga 22-23)",89.91585032825411
"T. Kempe (33, Darmstadt 98, 2. Bundesliga 22-23)",89.12418872850449
"T. Kempe (33, Darmstadt 98, 2. Bundesliga 22-23)",89.11509594013988
"T. Kempe (33, Darmstadt 98, 2. Bundesliga 22-23)",88.8312894927204
"T. Kempe (33, Darmstadt 98, 2. Bundesliga 22-23)",88.61651068249414
"T. Kempe (33, Darmstadt 98, 2. Bundesliga 22-23)",88.51669213788502
"T. Kempe (33, Darmstadt 98, 2. Bundesliga 22-23)",87.62321975197887
"T. Kempe (33, Darmstadt 98, 2. Bundesliga 22-23)",86.36509236967613
"T. Kempe (33, Darmstadt 98, 2. Bundesliga 22-23)",86.24538594945442
"T. Kempe (33, Darmstadt 98, 2. Bundesliga 22-23)",86.10643243992418
"T. Kempe (33, Darmstadt 98, 2. Bundesliga 22-23)",85.89512920051996
"T. Kempe (33, Darmstadt 98, 2. Bundesliga 22-23)",85.79839317349347
"T. Kempe (33, Darmstadt 98, 2. Bundesliga 22-23)",85.76130958087656
"T. Kempe (33, Darmstadt 98, 2. Bundesliga 22-23)",85.6252934073683
"T. Kempe (33, Darmstadt 98, 2. Bundesliga 22-23)",85.62468159964702
"T. Kempe (33, Darmstadt 98, 2. Bundesliga 22-23)",85.23438990287463
"T. Kempe (33, Darmstadt 98, 2. Bundesliga 22-23)",85.18513010513311
"T. Kempe (33, Darmstadt 98, 2. Bundesliga 22-23)",85.17758030027215
"T. Kempe (33, Darmstadt 98, 2. Bundesliga 22-23)",85.10739900333061
"T. Kempe (33, Darmstadt 98, 2. Bundesliga 22-23)",85.0832521803805
"T. Kempe (33, Darmstadt 98, 2. Bundesliga 22-23)",85.04684191881708
"T. Kempe (33, Darmstadt 98, 2. Bundesliga 22-23)",85.03094994440116
"T. Kempe (33, Darmstadt 98, 2. Bundesliga 22-23)",84.88099028807031
"T. Kempe (33, Darmstadt 98, 2. Bundesliga 22-23)",84.66088595257258
