Player 1,Similarity
"T. Mohr (27, Schalke 04, Bundesliga 22-23)",92.4769878820257
"T. Mohr (27, Schalke 04, Bundesliga 22-23)",89.84327975523368
"T. Mohr (27, Schalke 04, Bundesliga 22-23)",89.64790654154633
"T. Mohr (27, Schalke 04, Bundesliga 22-23)",89.60011965636191
"T. Mohr (27, Schalke 04, Bundesliga 22-23)",89.54417299929833
"T. Mohr (27, Schalke 04, Bundesliga 22-23)",89.42167457882533
"L. Lukačević (24, Admira, Austrian 2. Liga 22-23)",89.14859868155436
"T. Mohr (27, Schalke 04, Bundesliga 22-23)",89.14021706823577
"T. Mohr (27, Schalke 04, Bundesliga 22-23)",88.95588040434805
"T. Mohr (27, Schalke 04, Bundesliga 22-23)",88.79508748170942
"T. Mohr (27, Schalke 04, Bundesliga 22-23)",88.56246826162028
"H. Siquet (20, Cercle Brugge, Belgian Pro League 22-23)",88.452873095302
"Angeliño (26, Hoffenheim, Bundesliga 22-23)",88.32799767892743
"C. Trimmel (36, Union Berlin, Bundesliga 22-23)",87.96828453849298
"T. Mohr (27, Schalke 04, Bundesliga 22-23)",87.91336130105823
"T. Mohr (27, Schalke 04, Bundesliga 22-23)",87.788766548268
"T. Mohr (27, Schalke 04, Bundesliga 22-23)",87.75256001246099
"T. Mohr (27, Schalke 04, Bundesliga 22-23)",87.5907317709679
"T. Mohr (27, Schalke 04, Bundesliga 22-23)",87.37221237642926
"B. Sosa (25, Stuttgart, Bundesliga 22-23)",87.28340143778162
"M. Costly (27, Ingolstadt, 3. Liga 22-23)",87.2377671341381
"T. Mohr (27, Schalke 04, Bundesliga 22-23)",87.21546216376387
"T. Mohr (27, Schalke 04, Bundesliga 22-23)",87.09051482028359
"A. Boucheta (29, Chabab Mohammédia, Botola Pro 22-23)",87.08585479190552
"T. Mohr (27, Schalke 04, Bundesliga 22-23)",86.92721284174455
