Player 1,Similarity
"T. Mori (25, Tochigi, J2 2023)",82.01331006927472
"D. da Costa (29, Mainz 05, Bundesliga 22-23)",79.13356769516793
"T. Mori (25, Tochigi, J2 2023)",78.21649087923463
"T. Mori (25, Tochigi, J2 2023)",77.4328895648591
"T. Mori (25, Tochigi, J2 2023)",77.29267314578783
"T. Mori (25, Tochigi, J2 2023)",77.13818952961087
"E. Patta (32, Técnico Universitario, Ecuador Liga Pro 2023)",76.8011140584638
"J. Fulnek (29, Mladá Boleslav, Czech Fortuna Liga 22-23)",76.73883992779967
"J. Álvarez (27, Colón, Argentinian Primera División 2023)",76.42661222838854
"T. Mori (25, Tochigi, J2 2023)",75.96171300125384
"M. Orihuela (31, Atlético Tucumán, Argentinian Primera División 2023)",75.94130411989477
"R. Feltscher (32, MSV Duisburg, 3. Liga 22-23)",75.86792240867067
"V. Dragsnes (29, Lillestrøm, Eliteserien 2023)",75.76980299418291
"T. Mori (25, Tochigi, J2 2023)",75.32880481643699
"Y. Nenov (28, Lokomotiv Sofia 1929, Bulgarian First League 22-23)",75.04857427130621
"T. Mori (25, Tochigi, J2 2023)",74.7593555835814
"T. Mori (25, Tochigi, J2 2023)",74.52531846248644
"T. Mori (25, Tochigi, J2 2023)",74.39592371220735
"T. Mori (25, Tochigi, J2 2023)",74.35721826266216
"T. Mori (25, Tochigi, J2 2023)",74.3116374158164
"T. Mori (25, Tochigi, J2 2023)",74.28089266254568
"T. Mori (25, Tochigi, J2 2023)",74.1130429482384
"S. Asta (22, Greuther Fürth, 2. Bundesliga 22-23)",73.97367829645151
"T. Mori (25, Tochigi, J2 2023)",73.9314576208596
"A. Gabriel (22, Hradec Králové, Czech Fortuna Liga 22-23)",73.90886390696937
