Player 1,Similarity
"T. Nakazato (33, YSCC, J3 2023)",86.90019832255207
"A. Jahouh (34, Mumbai City, Indian Super League 22-23)",86.19207511790333
"T. Nakazato (33, YSCC, J3 2023)",85.50629473479579
"T. Nakazato (33, YSCC, J3 2023)",84.71551662099498
"O. Norwood (32, Sheffield United, Championship 22-23)",84.50263211176303
"T. Nakazato (33, YSCC, J3 2023)",84.13829964009452
"T. Nakazato (33, YSCC, J3 2023)",83.7210743170319
"T. Nakazato (33, YSCC, J3 2023)",83.52203698911231
"T. Nakazato (33, YSCC, J3 2023)",83.25899797434204
"T. Haye (28, Heerenveen, Eredivisie 22-23)",83.16307361300538
"C. Borges (35, Alajuelense, Costa Rica Primera División 22-23)",83.07748532899782
"T. Nakazato (33, YSCC, J3 2023)",83.0200663882932
"M. Aaquist (28, Fremad Amager, Danish 1. Division 22-23)",82.86019458336162
"K. Iwao (35, Urawa Reds, J1 2023)",82.59330852870404
"T. Nakazato (33, YSCC, J3 2023)",82.28645019981779
"T. Nakazato (33, YSCC, J3 2023)",82.26987407790725
"Edu Bedia (34, Goa, Indian Super League 22-23)",81.91540317059744
"T. Nakazato (33, YSCC, J3 2023)",81.01522585636279
"T. Nakazato (33, YSCC, J3 2023)",80.85485411212099
"T. Nakazato (33, YSCC, J3 2023)",80.29405075555135
"M. Vejinović (33, Heracles, Eerste Divisie 22-23)",80.28591390196918
"T. Nakazato (33, YSCC, J3 2023)",79.6615079526233
"T. Nakazato (33, YSCC, J3 2023)",79.55176210688886
"T. Nakazato (33, YSCC, J3 2023)",79.40287690842044
"T. Nakazato (33, YSCC, J3 2023)",78.96105567228956
