Player 1,Similarity
"T. Ragui (19, Neroca, I-League 22-23)",68.86472198304638
"T. Ragui (19, Neroca, I-League 22-23)",67.16277768925016
"T. Ragui (19, Neroca, I-League 22-23)",63.85069316761138
"H. Saghiri (26, Viktoria Köln, 3. Liga 22-23)",62.19965693315893
"T. Ragui (19, Neroca, I-League 22-23)",62.16240347413876
"T. Ragui (19, Neroca, I-League 22-23)",62.109040185746544
"T. Ragui (19, Neroca, I-League 22-23)",61.835429641721504
"T. Ragui (19, Neroca, I-League 22-23)",61.57731144680001
"T. Ragui (19, Neroca, I-League 22-23)",61.4992187577309
"T. Ragui (19, Neroca, I-League 22-23)",61.33205951469798
"T. Ragui (19, Neroca, I-League 22-23)",61.04498254754604
"T. Ragui (19, Neroca, I-League 22-23)",60.81096886220699
"T. Ragui (19, Neroca, I-League 22-23)",60.73089603328029
"T. Ragui (19, Neroca, I-League 22-23)",60.56264041172072
"Jean Victor (28, Dila, Erovnuli Liga 2023)",60.37273084405284
"T. Ragui (19, Neroca, I-League 22-23)",60.12359415340824
"T. Ragui (19, Neroca, I-League 22-23)",59.26733124870561
"T. Ragui (19, Neroca, I-League 22-23)",58.851243241027774
"T. Ragui (19, Neroca, I-League 22-23)",58.780908567519376
"L. Darbinyan (21, Shirak, Armenian Premier League 22-23)",58.41875610818727
"T. Ragui (19, Neroca, I-League 22-23)",57.6198749152528
"T. Ragui (19, Neroca, I-League 22-23)",57.48743659196889
"T. Ragui (19, Neroca, I-League 22-23)",57.40782042874793
"T. Ragui (19, Neroca, I-League 22-23)",57.1950605624999
"T. Ragui (19, Neroca, I-League 22-23)",57.18397453655243
