Player 1,Similarity
"T. Rieder (29, 1860 München, 3. Liga 22-23)",74.332361525551
"T. Rieder (29, 1860 München, 3. Liga 22-23)",73.38154994756746
"T. Rieder (29, 1860 München, 3. Liga 22-23)",66.53165854510388
"T. Rieder (29, 1860 München, 3. Liga 22-23)",66.03417684689524
"T. Rieder (29, 1860 München, 3. Liga 22-23)",64.42898681713636
"T. Rieder (29, 1860 München, 3. Liga 22-23)",63.23003837931724
"T. Rieder (29, 1860 München, 3. Liga 22-23)",62.61372230194823
"T. Rieder (29, 1860 München, 3. Liga 22-23)",61.944914944323
"T. Rieder (29, 1860 München, 3. Liga 22-23)",61.70126099457258
"T. Rieder (29, 1860 München, 3. Liga 22-23)",60.68510036377064
"T. Rieder (29, 1860 München, 3. Liga 22-23)",60.66286491639576
"T. Rieder (29, 1860 München, 3. Liga 22-23)",60.5841280555009
"T. Rieder (29, 1860 München, 3. Liga 22-23)",60.56773477834794
"T. Rieder (29, 1860 München, 3. Liga 22-23)",59.788799523359714
"T. Rieder (29, 1860 München, 3. Liga 22-23)",59.63075950910294
"T. Rieder (29, 1860 München, 3. Liga 22-23)",59.286775672208194
"T. Rieder (29, 1860 München, 3. Liga 22-23)",58.85688227258649
"T. Rieder (29, 1860 München, 3. Liga 22-23)",58.61471909117319
"T. Rieder (29, 1860 München, 3. Liga 22-23)",57.95635076377599
"T. Rieder (29, 1860 München, 3. Liga 22-23)",57.883910260554686
"T. Rieder (29, 1860 München, 3. Liga 22-23)",57.68098165644253
"T. Rieder (29, 1860 München, 3. Liga 22-23)",57.67408119363133
"T. Rieder (29, 1860 München, 3. Liga 22-23)",57.26903130111226
"T. Rieder (29, 1860 München, 3. Liga 22-23)",56.970277777140446
"T. Rieder (29, 1860 München, 3. Liga 22-23)",56.6514003031752
