Player 1,Similarity
"A. Kotnik (27, Koper, 1. SNL 22-23)",87.25207822450312
"T. Svetlin (21, AŠK Bravo, 1. SNL 22-23)",86.08931746481208
"T. Svetlin (21, AŠK Bravo, 1. SNL 22-23)",85.74431453580067
"T. Svetlin (21, AŠK Bravo, 1. SNL 22-23)",85.20230961620562
"T. Svetlin (21, AŠK Bravo, 1. SNL 22-23)",85.00556823035343
"T. Svetlin (21, AŠK Bravo, 1. SNL 22-23)",84.16191089793985
"T. Svetlin (21, AŠK Bravo, 1. SNL 22-23)",83.64567693448673
"T. Svetlin (21, AŠK Bravo, 1. SNL 22-23)",83.40715921124088
"T. Svetlin (21, AŠK Bravo, 1. SNL 22-23)",82.93603996392278
"T. Svetlin (21, AŠK Bravo, 1. SNL 22-23)",82.76847744802224
"T. Svetlin (21, AŠK Bravo, 1. SNL 22-23)",82.29582667942826
"T. Svetlin (21, AŠK Bravo, 1. SNL 22-23)",82.00714583204963
"T. Svetlin (21, AŠK Bravo, 1. SNL 22-23)",81.64843560258507
"T. Svetlin (21, AŠK Bravo, 1. SNL 22-23)",81.46714720361706
"T. Svetlin (21, AŠK Bravo, 1. SNL 22-23)",81.1149755920083
"T. Svetlin (21, AŠK Bravo, 1. SNL 22-23)",80.62477173242006
"T. Svetlin (21, AŠK Bravo, 1. SNL 22-23)",80.57506344390916
"T. Svetlin (21, AŠK Bravo, 1. SNL 22-23)",80.52789812485933
"T. Svetlin (21, AŠK Bravo, 1. SNL 22-23)",80.11597484608532
"T. Svetlin (21, AŠK Bravo, 1. SNL 22-23)",80.06288670172259
"T. Svetlin (21, AŠK Bravo, 1. SNL 22-23)",80.04826395925927
"T. Svetlin (21, AŠK Bravo, 1. SNL 22-23)",79.98587892127648
