Player 1,Similarity
"D. Blind (32, Ajax, Eredivisie 22-23)",90.41240638593588
"T. Ugajin (35, Gifu, J3 2023)",84.0727815642184
"J. Davidson (31, Eupen, Belgian Pro League 22-23)",82.59726413494457
"T. Ugajin (35, Gifu, J3 2023)",82.11084557611065
"T. Ugajin (35, Gifu, J3 2023)",82.03176983724958
"Y. Horigome (28, Albirex Niigata, J1 2023)",79.8829168911552
"T. Ugajin (35, Gifu, J3 2023)",79.61604680206716
"T. Ugajin (35, Gifu, J3 2023)",79.57764411200908
"Ahmed Fatouh (25, Zamalek, Egyptian Premier League 22-23)",78.93537146315806
"Wanderson (31, Dila, Erovnuli Liga 2023)",78.72498131787728
"M. Moormann (22, Rapid Wien, Austrian Bundesliga 22-23)",78.3958524666337
"T. Ugajin (35, Gifu, J3 2023)",77.98414455443431
"Manel Royo (29, Almere City, Eerste Divisie 22-23)",77.9666661402517
"T. Ugajin (35, Gifu, J3 2023)",77.96262318353307
"A. Joppich (28, Horn, Austrian 2. Liga 22-23)",77.38740130985232
"P. Steinhart (30, 1860 München, 3. Liga 22-23)",77.35874686639293
"T. Ugajin (35, Gifu, J3 2023)",77.32417257761365
"T. Ugajin (35, Gifu, J3 2023)",76.90466468986918
"O. Jerrari (28, Maghreb Fès, Botola Pro 22-23)",76.80195889438815
"T. Ugajin (35, Gifu, J3 2023)",76.11874263553116
"D. Ali (28, Arda, Bulgarian First League 22-23)",75.69362138379563
"S. Bose (27, ATK Mohun Bagan Football Club, Indian Super League 22-23)",75.61842345623089
"T. Ugajin (35, Gifu, J3 2023)",75.5968302366232
"J. Teze (23, PSV, Eredivisie 22-23)",75.38220791910626
"T. Ugajin (35, Gifu, J3 2023)",75.37116086227678
