Player 1,Similarity
"E. Belilti (29, Ironi Tiberias, Liga Leumit 22-23)",93.37073730405548
"T. Vargas (23, Nîmes, Ligue 2 22-23)",91.61671140617334
"T. Vargas (23, Nîmes, Ligue 2 22-23)",91.21835730395628
"M. Costly (27, Ingolstadt, 3. Liga 22-23)",90.84838285607316
"J. Ward (27, Peterborough United, League One 22-23)",90.76992763964572
"T. Vargas (23, Nîmes, Ligue 2 22-23)",90.48493967914214
"D. Köhn (24, Hannover 96, 2. Bundesliga 22-23)",90.3490640720746
"T. Vargas (23, Nîmes, Ligue 2 22-23)",90.1465277468372
"T. Vargas (23, Nîmes, Ligue 2 22-23)",89.55371675430705
"T. Vargas (23, Nîmes, Ligue 2 22-23)",89.22162973549106
"T. Vargas (23, Nîmes, Ligue 2 22-23)",89.17809853908514
"B. Doherty (26, Derry City, League of Ireland PL 2023)",88.5012542375028
"T. Vargas (23, Nîmes, Ligue 2 22-23)",88.46805535606237
"L. Lukačević (24, Admira, Austrian 2. Liga 22-23)",88.30634224914748
"N. Ochojski (24, Verl, 3. Liga 22-23)",88.1295047430326
"T. Vargas (23, Nîmes, Ligue 2 22-23)",88.02185872210366
"T. Vargas (23, Nîmes, Ligue 2 22-23)",87.86809726144097
"M. Thurnwald (24, Rheindorf Altach, Austrian Bundesliga 22-23)",87.80714690077825
"T. Vargas (23, Nîmes, Ligue 2 22-23)",87.60422330195941
"M. Kuprešak (22, Široki Brijeg, Bosnian Premier League 22-23)",87.59478015546924
"E. Meza (24, Colón, Argentinian Primera División 2023)",87.5021055934118
"T. Vargas (23, Nîmes, Ligue 2 22-23)",87.4945090690465
"T. Vargas (23, Nîmes, Ligue 2 22-23)",87.37440412085297
"B. Sosa (25, Stuttgart, Bundesliga 22-23)",87.30198261302357
"T. Vargas (23, Nîmes, Ligue 2 22-23)",87.17820989199578
