Player 1,Similarity
"T. Yamaguchi (23, Ehime, J3 2023)",89.92735252101124
"E. Tur (26, Levadia, Estonian Meistriliiga 2023)",88.92078450244789
"T. Yamaguchi (23, Ehime, J3 2023)",88.89792786634847
"T. Yamaguchi (23, Ehime, J3 2023)",88.56821885781176
"T. Yamaguchi (23, Ehime, J3 2023)",87.93660897689224
"T. Yamaguchi (23, Ehime, J3 2023)",87.92833642733201
"T. Yamaguchi (23, Ehime, J3 2023)",87.88086161521407
"T. Yamaguchi (23, Ehime, J3 2023)",87.66832530449568
"T. Yamaguchi (23, Ehime, J3 2023)",87.27772445397677
"T. Yamaguchi (23, Ehime, J3 2023)",87.12952770128169
"T. Yamaguchi (23, Ehime, J3 2023)",86.95640898820525
"T. Yamaguchi (23, Ehime, J3 2023)",86.64892797599654
"T. Yamaguchi (23, Ehime, J3 2023)",86.48356485522538
"C. Lannert (24, 1860 München, 3. Liga 22-23)",86.4457711773042
"T. Yamaguchi (23, Ehime, J3 2023)",86.4142778981361
"E. Hakaj (26, Vllaznia Shkodër, Albanian Premier League 22-23)",86.30614632620122
"T. Yamaguchi (23, Ehime, J3 2023)",86.2469859132701
"T. Yamaguchi (23, Ehime, J3 2023)",86.12263675946699
"K. Shirai (29, Kyoto Sanga, J1 2023)",85.87723509572068
"T. Yamaguchi (23, Ehime, J3 2023)",85.7485759859738
"T. Yamaguchi (23, Ehime, J3 2023)",85.69653445790163
"T. Yamaguchi (23, Ehime, J3 2023)",85.68841242334845
"T. Yamaguchi (23, Ehime, J3 2023)",85.4415135868902
"S. Zúñiga (26, Alajuelense, Costa Rica Primera División 22-23)",85.39477320693608
"T. Yamaguchi (23, Ehime, J3 2023)",85.3486286401029
