Player 1,Similarity
"Talys (24, Slaven Belupo, 1. HNL 22-23)",87.81352276036102
"Talys (24, Slaven Belupo, 1. HNL 22-23)",87.65549749725588
"Talys (24, Slaven Belupo, 1. HNL 22-23)",86.70361217370333
"Talys (24, Slaven Belupo, 1. HNL 22-23)",86.58307986163251
"Talys (24, Slaven Belupo, 1. HNL 22-23)",86.16554146843696
"Talys (24, Slaven Belupo, 1. HNL 22-23)",86.00545155678108
"Talys (24, Slaven Belupo, 1. HNL 22-23)",85.84544521272676
"Talys (24, Slaven Belupo, 1. HNL 22-23)",85.79431534984195
"Talys (24, Slaven Belupo, 1. HNL 22-23)",85.7024881165374
"Talys (24, Slaven Belupo, 1. HNL 22-23)",85.52655385525088
"Talys (24, Slaven Belupo, 1. HNL 22-23)",85.11336510288459
"Talys (24, Slaven Belupo, 1. HNL 22-23)",84.36230243058323
"Talys (24, Slaven Belupo, 1. HNL 22-23)",83.82040788244991
"Talys (24, Slaven Belupo, 1. HNL 22-23)",83.66965104202214
"Talys (24, Slaven Belupo, 1. HNL 22-23)",83.48844026717686
"Talys (24, Slaven Belupo, 1. HNL 22-23)",83.11655443192629
"Talys (24, Slaven Belupo, 1. HNL 22-23)",83.02655745108181
"Talys (24, Slaven Belupo, 1. HNL 22-23)",82.87188047095479
"Talys (24, Slaven Belupo, 1. HNL 22-23)",82.54953261781465
"Talys (24, Slaven Belupo, 1. HNL 22-23)",82.38028986170896
"Talys (24, Slaven Belupo, 1. HNL 22-23)",82.29070232290171
"Talys (24, Slaven Belupo, 1. HNL 22-23)",82.25162814980251
"Talys (24, Slaven Belupo, 1. HNL 22-23)",82.1556046588808
"Talys (24, Slaven Belupo, 1. HNL 22-23)",81.98959213088634
"Talys (24, Slaven Belupo, 1. HNL 22-23)",81.56403248855844
