Player 1,Similarity
"Rubén Castro (41, Málaga, La Liga 2 22-23)",89.20050103598729
"Ui-Jo Hwang (30, Seoul, K League 1 2023)",87.55800336050541
"Ui-Jo Hwang (30, Seoul, K League 1 2023)",87.38086598485926
"K. Biliński (35, Podbeskidzie Bielsko-Biała, Polish I Liga 22-23)",87.09950787253065
"Ui-Jo Hwang (30, Seoul, K League 1 2023)",86.35118815519019
"Ui-Jo Hwang (30, Seoul, K League 1 2023)",86.17194392090217
"D. Gabay (36, Maccabi Kabilio Jaffa, Liga Leumit 22-23)",85.85106202516143
"P. Utaka (39, Ventforet Kofu, J2 2023)",85.40458427810458
"Ui-Jo Hwang (30, Seoul, K League 1 2023)",85.36496646259992
"Ui-Jo Hwang (30, Seoul, K League 1 2023)",85.31699491434274
"F. Balogun (21, Reims, Ligue 1 22-23)",85.25056527014448
"J. Piroe (23, Swansea City, Championship 22-23)",85.14519353521534
"Ui-Jo Hwang (30, Seoul, K League 1 2023)",85.13118194916565
"Ui-Jo Hwang (30, Seoul, K League 1 2023)",85.12655318018115
"Ui-Jo Hwang (30, Seoul, K League 1 2023)",85.09391926940984
"Ui-Jo Hwang (30, Seoul, K League 1 2023)",85.0485862860933
"Ui-Jo Hwang (30, Seoul, K League 1 2023)",84.76624419843581
"Ui-Jo Hwang (30, Seoul, K League 1 2023)",84.71462251468785
"Ui-Jo Hwang (30, Seoul, K League 1 2023)",84.68895728996277
"Ui-Jo Hwang (30, Seoul, K League 1 2023)",84.65982931893618
"Ui-Jo Hwang (30, Seoul, K League 1 2023)",84.61429989953555
"Ui-Jo Hwang (30, Seoul, K League 1 2023)",84.38022903780372
"Ui-Jo Hwang (30, Seoul, K League 1 2023)",84.24892370776898
"Ui-Jo Hwang (30, Seoul, K League 1 2023)",84.11167050205763
"Ui-Jo Hwang (30, Seoul, K League 1 2023)",83.99999891347518
