Player 1,Similarity
"V. Jugović (33, Osijek, 1. HNL 22-23)",79.19326655109472
"V. Jugović (33, Osijek, 1. HNL 22-23)",75.94984665468279
"V. Jugović (33, Osijek, 1. HNL 22-23)",75.09872932442043
"V. Jugović (33, Osijek, 1. HNL 22-23)",74.68298778902907
"V. Jugović (33, Osijek, 1. HNL 22-23)",73.61116353301794
"V. Jugović (33, Osijek, 1. HNL 22-23)",72.8515256045639
"V. Jugović (33, Osijek, 1. HNL 22-23)",72.22694789437179
"V. Jugović (33, Osijek, 1. HNL 22-23)",71.60822121037215
"V. Jugović (33, Osijek, 1. HNL 22-23)",71.29449553122474
"V. Jugović (33, Osijek, 1. HNL 22-23)",70.94065722867595
"V. Jugović (33, Osijek, 1. HNL 22-23)",70.68166239244921
"V. Jugović (33, Osijek, 1. HNL 22-23)",70.4215287245755
"V. Jugović (33, Osijek, 1. HNL 22-23)",70.02657283586154
"V. Jugović (33, Osijek, 1. HNL 22-23)",69.00384094609223
"V. Jugović (33, Osijek, 1. HNL 22-23)",68.83692714385387
"V. Jugović (33, Osijek, 1. HNL 22-23)",68.69594373780012
"V. Jugović (33, Osijek, 1. HNL 22-23)",68.44165475937277
"V. Jugović (33, Osijek, 1. HNL 22-23)",68.41710763002101
"V. Jugović (33, Osijek, 1. HNL 22-23)",67.76035257040435
"V. Jugović (33, Osijek, 1. HNL 22-23)",67.65697689146972
"V. Jugović (33, Osijek, 1. HNL 22-23)",67.47430460264171
"V. Jugović (33, Osijek, 1. HNL 22-23)",67.45749596890732
"V. Jugović (33, Osijek, 1. HNL 22-23)",67.20037966268467
"V. Jugović (33, Osijek, 1. HNL 22-23)",66.93266174844524
"V. Jugović (33, Osijek, 1. HNL 22-23)",66.88399209883917
