Player 1,Similarity
"William Carvalho (31, Real Betis, La Liga 22-23)",79.14328644067598
"V. Onovo (27, Újpest, NB I 22-23)",78.29688988958195
"K. Tachibanada (24, Kawasaki Frontale, J1 2023)",77.55321823194043
"V. Onovo (27, Újpest, NB I 22-23)",76.59920408496015
"M. Al Makaazi (28, Raja Casablanca, Botola Pro 22-23)",76.28544487517385
"V. Onovo (27, Újpest, NB I 22-23)",76.23070262220237
"V. Onovo (27, Újpest, NB I 22-23)",75.94562443351776
"V. Onovo (27, Újpest, NB I 22-23)",75.62263535192882
"Martín Zubimendi (24, Real Sociedad, La Liga 22-23)",75.24453240173447
"A. Serrhat (26, Mouloudia Oujda, Botola Pro 22-23)",74.4288438958216
"V. Onovo (27, Újpest, NB I 22-23)",74.28248943431257
"V. Onovo (27, Újpest, NB I 22-23)",74.20297426633465
"I. Saavedra (24, Universidad Católica, Chilean Primera División 2023)",73.66752164178499
"V. Onovo (27, Újpest, NB I 22-23)",73.49401037394526
"F. Bambock (28, Grenoble, Ligue 2 22-23)",73.1185341896003
"V. Onovo (27, Újpest, NB I 22-23)",72.80342339071811
"V. Onovo (27, Újpest, NB I 22-23)",72.64419200505276
"V. Onovo (27, Újpest, NB I 22-23)",72.46195405702375
"Hyeok-Kyu Kwon (22, Busan I'Park, K League 2 2023)",72.20399518225535
"P. Etebo (27, Aris, Greek Super League 22-23)",72.1213415404863
"V. Onovo (27, Újpest, NB I 22-23)",71.66122054423957
"V. Onovo (27, Újpest, NB I 22-23)",71.29615807297309
"J. Ogu (35, Maccabi Kabilio Jaffa, Liga Leumit 22-23)",70.81960935252157
"Rubén Pérez (34, Panathinaikos, Greek Super League 22-23)",70.69450287650197
"V. Onovo (27, Újpest, NB I 22-23)",70.54109968267836
