Player 1,Similarity
"K. Goudmijn (21, Excelsior, Eredivisie 22-23)",74.09690260236172
"V. Sejben (26, Ajka, NB II 22-23)",67.77109160240902
"J. Cortizo (26, Monterrey, Liga MX 22-23)",67.4357884300869
"V. Sejben (26, Ajka, NB II 22-23)",65.97267632888996
"M. Katona (23, Fehérvár, NB I 22-23)",64.08131905537317
"A. Ramsey (20, Middlesbrough, Championship 22-23)",63.32377981493384
"A. Ba (19, Sunderland, Championship 22-23)",63.179978356936736
"V. Sejben (26, Ajka, NB II 22-23)",63.1233305932281
"T. Igarashi (20, Renofa Yamaguchi, J2 2023)",63.10494367196563
"V. Sejben (26, Ajka, NB II 22-23)",62.91741778496374
"A. Diallo (20, Sunderland, Championship 22-23)",62.67109012297586
"V. Sejben (26, Ajka, NB II 22-23)",62.596333350202094
"Z. Fati (30, FAR Rabat, Botola Pro 22-23)",62.55487505692299
"V. Sejben (26, Ajka, NB II 22-23)",62.427045177192696
"S. Velásquez (32, Hapoel Umm al-Fahm, Liga Leumit 22-23)",61.21943053896876
"V. Sejben (26, Ajka, NB II 22-23)",61.21129023821261
"V. Sejben (26, Ajka, NB II 22-23)",61.09719735618313
"C. Neghli (21, De Graafschap, Eerste Divisie 22-23)",60.92394411498905
"V. Sejben (26, Ajka, NB II 22-23)",60.547888350058656
"V. Sejben (26, Ajka, NB II 22-23)",60.30326400657212
"V. Sejben (26, Ajka, NB II 22-23)",60.182992910652885
"V. Sejben (26, Ajka, NB II 22-23)",59.71279135462713
