Player 1,Similarity
"W. Harada (26, Sagan Tosu, J1 2023)",71.93610675710396
"O. Turton (30, Huddersfield Town, Championship 22-23)",71.92153513198163
"W. Harada (26, Sagan Tosu, J1 2023)",71.61037753604631
"L. Burnet (32, Emmen, Eredivisie 22-23)",71.57226647547917
"A. Delhiwala (23, Kenkre, I-League 22-23)",70.50088354336694
"M. Lageder (32, Vorwärts Steyr, Austrian 2. Liga 22-23)",70.40421505719682
"H. Matriciani (23, Schalke 04, Bundesliga 22-23)",69.93722323512577
"L. Kübler (30, Freiburg, Bundesliga 22-23)",69.63386243600654
"F. Hlevnjak (22, Slaven Belupo, 1. HNL 22-23)",68.97961577858861
"W. Harada (26, Sagan Tosu, J1 2023)",68.67831142128972
"W. Harada (26, Sagan Tosu, J1 2023)",68.61621158664528
"W. Harada (26, Sagan Tosu, J1 2023)",68.3221737609207
"M. Savastano (26, Dordrecht, Eerste Divisie 22-23)",68.22873362771543
"W. Harada (26, Sagan Tosu, J1 2023)",68.1473851641742
"M. Mina (24, Šibenik, 1. HNL 22-23)",68.02114253018321
"W. Harada (26, Sagan Tosu, J1 2023)",67.96469401582182
"W. Harada (26, Sagan Tosu, J1 2023)",67.89110998850828
"R. Lathouwers (23, VVV Venlo, Eerste Divisie 22-23)",67.83120853470427
"W. Harada (26, Sagan Tosu, J1 2023)",67.50623111052327
"W. Harada (26, Sagan Tosu, J1 2023)",67.39996334335453
"W. Harada (26, Sagan Tosu, J1 2023)",67.26837464370703
"W. Harada (26, Sagan Tosu, J1 2023)",66.67736702334635
"W. Harada (26, Sagan Tosu, J1 2023)",66.38427544456677
"W. Harada (26, Sagan Tosu, J1 2023)",66.02332696989846
"A. Jung (31, Werder Bremen, Bundesliga 22-23)",65.70649466714663
