Player 1,Similarity
"L. Kutalia (33, Sektzia Nes Tziona, Ligat Ha'al 22-23)",86.60216021542976
"R. Rivas (26, Orense, Ecuador Liga Pro 2023)",86.49861795481618
"Wesley (26, Levante, La Liga 2 22-23)",84.49410407879265
"Wesley (26, Levante, La Liga 2 22-23)",83.71869631178812
"Wesley (26, Levante, La Liga 2 22-23)",83.60277717778915
"Wesley (26, Levante, La Liga 2 22-23)",83.22310023063183
"Wesley (26, Levante, La Liga 2 22-23)",82.86613447530067
"Wesley (26, Levante, La Liga 2 22-23)",82.75937637007802
"Wesley (26, Levante, La Liga 2 22-23)",82.69453239180986
"Wesley (26, Levante, La Liga 2 22-23)",82.32204071635798
"Wesley (26, Levante, La Liga 2 22-23)",82.29834084220508
"Wesley (26, Levante, La Liga 2 22-23)",81.53938212967923
"I. Nicolăescu (24, Beitar Jerusalem, Ligat Ha'al 22-23)",81.37653402620639
"F. Flores (36, Magallanes, Chilean Primera División 2023)",80.93741682395364
"Wesley (26, Levante, La Liga 2 22-23)",80.26362637388826
"Wesley (26, Levante, La Liga 2 22-23)",80.23372148610754
"Wesley (26, Levante, La Liga 2 22-23)",80.2328840295044
"Wesley (26, Levante, La Liga 2 22-23)",80.16153633298771
"Wesley (26, Levante, La Liga 2 22-23)",80.0169073507999
"Wesley (26, Levante, La Liga 2 22-23)",79.77728236674153
"Wesley (26, Levante, La Liga 2 22-23)",79.70235213865787
"Wesley (26, Levante, La Liga 2 22-23)",79.68568835611939
"Wesley (26, Levante, La Liga 2 22-23)",79.6764713005917
"Wesley (26, Levante, La Liga 2 22-23)",79.56672430356943
"Wesley (26, Levante, La Liga 2 22-23)",79.53924100799706
