Player 1,Similarity
"Y. Deichmann (28, 1860 München, 3. Liga 22-23)",71.21602007310848
"Y. Deichmann (28, 1860 München, 3. Liga 22-23)",66.86644516213892
"K. Endo (25, Eintracht Braunschweig, 2. Bundesliga 22-23)",64.22628875600134
"Y. Deichmann (28, 1860 München, 3. Liga 22-23)",63.38047279241257
"Y. Deichmann (28, 1860 München, 3. Liga 22-23)",62.76068157724251
"Y. Deichmann (28, 1860 München, 3. Liga 22-23)",61.9118448003052
"Y. Deichmann (28, 1860 München, 3. Liga 22-23)",61.58592079541568
"Y. Deichmann (28, 1860 München, 3. Liga 22-23)",60.3140958245302
"Y. Deichmann (28, 1860 München, 3. Liga 22-23)",59.931186064232655
"Y. Deichmann (28, 1860 München, 3. Liga 22-23)",59.76229115044347
"Y. Deichmann (28, 1860 München, 3. Liga 22-23)",59.10034195976605
"Y. Deichmann (28, 1860 München, 3. Liga 22-23)",57.94463442584329
"Y. Deichmann (28, 1860 München, 3. Liga 22-23)",57.885044734637205
"Y. Deichmann (28, 1860 München, 3. Liga 22-23)",57.85692653121232
"Y. Deichmann (28, 1860 München, 3. Liga 22-23)",57.20034852399988
"Y. Deichmann (28, 1860 München, 3. Liga 22-23)",56.81236925051218
"Y. Deichmann (28, 1860 München, 3. Liga 22-23)",56.64205288811499
"Y. Deichmann (28, 1860 München, 3. Liga 22-23)",55.73882601018615
"Y. Deichmann (28, 1860 München, 3. Liga 22-23)",54.94207181290838
"Y. Deichmann (28, 1860 München, 3. Liga 22-23)",54.900437611856766
"Y. Deichmann (28, 1860 München, 3. Liga 22-23)",54.75783814683268
"Y. Deichmann (28, 1860 München, 3. Liga 22-23)",54.7077241165082
"Y. Deichmann (28, 1860 München, 3. Liga 22-23)",54.28845172069746
"Y. Deichmann (28, 1860 München, 3. Liga 22-23)",54.275877295186646
"Y. Deichmann (28, 1860 München, 3. Liga 22-23)",54.13410325802188
