Player 1,Similarity
"Y. Endō (43, Júbilo Iwata, J2 2023)",94.26269158824924
"K. Kazama (31, ThespaKusatsu Gunma, J2 2023)",91.46486738264392
"Y. Endō (43, Júbilo Iwata, J2 2023)",89.1233900838099
"Y. Endō (43, Júbilo Iwata, J2 2023)",88.1634356251692
"K. Fujimura (29, Zweigen Kanazawa, J2 2023)",88.12823036364796
"J. Schuurman (26, Dordrecht, Eerste Divisie 22-23)",87.7712598282827
"J. Blagojević (35, Velež, Bosnian Premier League 22-23)",87.64048093072174
"P. Rommens (25, Go Ahead Eagles, Eredivisie 22-23)",87.41577711588506
"Y. Endō (43, Júbilo Iwata, J2 2023)",87.24373124282113
"Y. Endō (43, Júbilo Iwata, J2 2023)",86.51561627953106
"Y. Endō (43, Júbilo Iwata, J2 2023)",86.44501952095116
"D. Rigo (24, Beerschot-Wilrijk, Belgian First Division B 22-23)",86.23793239313662
"N. Kilkenny (37, Western United, A-League Men 22-23)",86.07167002012451
"Y. Endō (43, Júbilo Iwata, J2 2023)",85.78328252583796
"Y. Endō (43, Júbilo Iwata, J2 2023)",85.05325132884187
"S. Támara (27, Boyacá Chicó, Colombian Primera Division 22-23)",84.97120502892034
"Y. Endō (43, Júbilo Iwata, J2 2023)",84.70820878514728
"Y. Endō (43, Júbilo Iwata, J2 2023)",84.59616195367525
"J. Seri (31, Hull City, Championship 22-23)",84.58470656455506
"H. Stengel (27, Strømsgodset, Eliteserien 2023)",84.46861974623395
"Y. Endō (43, Júbilo Iwata, J2 2023)",83.88879907742073
"Y. Endō (43, Júbilo Iwata, J2 2023)",83.25865187777977
"Y. Endō (43, Júbilo Iwata, J2 2023)",83.1154639204796
"S. Kums (35, Gent, Belgian Pro League 22-23)",82.89428815250818
"Y. Endō (43, Júbilo Iwata, J2 2023)",82.8928744980614
