Player 1,Similarity
"Y. Kayanuma (29, YSCC, J3 2023)",87.33919023173189
"Y. Kayanuma (29, YSCC, J3 2023)",87.32322802905375
"Y. Kayanuma (29, YSCC, J3 2023)",87.04243343358308
"D. Williams (35, Perth Glory, A-League Men 22-23)",86.32064929920136
"Y. Kayanuma (29, YSCC, J3 2023)",85.80865372761579
"Y. Kayanuma (29, YSCC, J3 2023)",85.13487081690593
"D. Cole (28, Barnsley, League One 22-23)",85.08048407223025
"Diego Maurício (31, Odisha, Indian Super League 22-23)",85.0571181224683
"Y. Kayanuma (29, YSCC, J3 2023)",84.94156406180514
"Y. Kayanuma (29, YSCC, J3 2023)",84.91562667660624
"Y. Kayanuma (29, YSCC, J3 2023)",84.6030254619146
"L. Colombo (21, Lecce, Serie A 22-23)",84.49449478427267
"Marco Paixão (38, Altay, Turkish 1. Lig 22-23)",84.4903517512988
"Y. Kayanuma (29, YSCC, J3 2023)",84.39321869616803
"Y. Kayanuma (29, YSCC, J3 2023)",84.36942006253403
"K. Biliński (35, Podbeskidzie Bielsko-Biała, Polish I Liga 22-23)",84.34022265671813
"Gun-Kyu Cho (24, Mokpo City, K3 League 2023)",84.3261607275508
"Y. Kayanuma (29, YSCC, J3 2023)",84.26862256876532
"Y. Kayanuma (29, YSCC, J3 2023)",84.2603451129716
"Y. Kayanuma (29, YSCC, J3 2023)",84.25237991322169
"Y. Kayanuma (29, YSCC, J3 2023)",84.08494761313425
"Y. Kayanuma (29, YSCC, J3 2023)",84.02369858488113
"S. Sobczak (30, Zagłębie Sosnowiec, Polish I Liga 22-23)",83.953892221696
"F. Kubala (23, Hradec Králové, Czech Fortuna Liga 22-23)",83.95124747198929
"Carlos Cinta (24, Mérida AD, Primera División RFEF 22-23)",83.9263603596236
