Player 1,Similarity
"Y. Möker (23, Zwickau, 3. Liga 22-23)",68.44738857388606
"Y. Möker (23, Zwickau, 3. Liga 22-23)",67.37552999110312
"Y. Möker (23, Zwickau, 3. Liga 22-23)",66.18051355690204
"Y. Möker (23, Zwickau, 3. Liga 22-23)",64.85259205597265
"Y. Möker (23, Zwickau, 3. Liga 22-23)",63.29116076222834
"Y. Möker (23, Zwickau, 3. Liga 22-23)",62.85143020597964
"Y. Möker (23, Zwickau, 3. Liga 22-23)",61.08702424301675
"Y. Möker (23, Zwickau, 3. Liga 22-23)",60.5033084577703
"Y. Möker (23, Zwickau, 3. Liga 22-23)",60.457625682679264
"Y. Möker (23, Zwickau, 3. Liga 22-23)",59.847881619109785
"Y. Möker (23, Zwickau, 3. Liga 22-23)",59.36327834055216
"Y. Möker (23, Zwickau, 3. Liga 22-23)",57.98479709629901
"Y. Möker (23, Zwickau, 3. Liga 22-23)",57.47982721584187
"Y. Möker (23, Zwickau, 3. Liga 22-23)",57.25869043534773
"Y. Möker (23, Zwickau, 3. Liga 22-23)",57.24401978212001
"Y. Möker (23, Zwickau, 3. Liga 22-23)",56.97215268415087
"Y. Möker (23, Zwickau, 3. Liga 22-23)",56.766089043042825
"Y. Möker (23, Zwickau, 3. Liga 22-23)",56.64958114424204
"Y. Möker (23, Zwickau, 3. Liga 22-23)",56.27316582814039
"Y. Möker (23, Zwickau, 3. Liga 22-23)",56.02366916806118
"Y. Möker (23, Zwickau, 3. Liga 22-23)",55.35446186030295
"Y. Möker (23, Zwickau, 3. Liga 22-23)",54.87012454752392
"Y. Möker (23, Zwickau, 3. Liga 22-23)",54.765998329634414
"Y. Möker (23, Zwickau, 3. Liga 22-23)",54.63014450400485
"Y. Möker (23, Zwickau, 3. Liga 22-23)",54.42001258014824
