Player 1,Similarity
"H. Okuno (33, Cerezo Osaka, J1 2023)",72.78858606263692
"Y. Nishimura (23, Parceiro Nagano, J3 2023)",71.32390890547812
"Y. Nishimura (23, Parceiro Nagano, J3 2023)",71.30120707290106
"Y. Nishimura (23, Parceiro Nagano, J3 2023)",70.27574640104216
"S. Inaba (29, Machida Zelvia, J2 2023)",70.03389826671241
"Y. Nishimura (23, Parceiro Nagano, J3 2023)",69.49977584063258
"C. Twigt (20, Volendam, Eredivisie 22-23)",69.2303116595592
"Y. Nishimura (23, Parceiro Nagano, J3 2023)",65.252885243034
"Y. Nishimura (23, Parceiro Nagano, J3 2023)",64.59408657800392
"Y. Nishimura (23, Parceiro Nagano, J3 2023)",64.31313471179139
"Y. Nishimura (23, Parceiro Nagano, J3 2023)",64.18224416515598
"Y. Nishimura (23, Parceiro Nagano, J3 2023)",62.43296848699722
"Y. Nishimura (23, Parceiro Nagano, J3 2023)",61.02415521544373
"Y. Nishimura (23, Parceiro Nagano, J3 2023)",60.899354704768015
"Y. Nishimura (23, Parceiro Nagano, J3 2023)",60.66786585894047
"Y. Nishimura (23, Parceiro Nagano, J3 2023)",59.943636278195854
"A. Campbell (24, Luton Town, Championship 22-23)",59.28796737830268
"Y. Nishimura (23, Parceiro Nagano, J3 2023)",58.77968673560788
"Y. Nishimura (23, Parceiro Nagano, J3 2023)",58.524869973634864
"Y. Nishimura (23, Parceiro Nagano, J3 2023)",58.04591082254249
"Y. Nishimura (23, Parceiro Nagano, J3 2023)",57.96744905797596
"Y. Nishimura (23, Parceiro Nagano, J3 2023)",57.77301208553431
"T. Shonia (33, Gagra, Erovnuli Liga 2023)",57.76893155282939
"Y. Nishimura (23, Parceiro Nagano, J3 2023)",57.551904133683365
"Y. Nishimura (23, Parceiro Nagano, J3 2023)",57.49763362233156
