Player 1,Similarity
"Y. Nishiya (29, Tochigi, J2 2023)",78.29070897442082
"Y. Nishiya (29, Tochigi, J2 2023)",77.48556240376155
"Y. Nishiya (29, Tochigi, J2 2023)",76.73030433443652
"Y. Nishiya (29, Tochigi, J2 2023)",75.98363746513749
"Y. Nishiya (29, Tochigi, J2 2023)",74.99888887282516
"A. Raehan (19, PSM, BRI Liga 1 22-23)",73.25429418305028
"Y. Nishiya (29, Tochigi, J2 2023)",72.7452921978675
"S. Sato (29, Tochigi, J2 2023)",72.57706716367093
"Y. Nishiya (29, Tochigi, J2 2023)",71.90568413046888
"Y. Nishiya (29, Tochigi, J2 2023)",71.76946636717615
"Y. Nishiya (29, Tochigi, J2 2023)",70.33849783810108
"D. Popara (20, Borac Banja Luka, Bosnian Premier League 22-23)",69.88609089723707
"Y. Nishiya (29, Tochigi, J2 2023)",69.78297824324116
"J. Lion (22, Helmond Sport, Eerste Divisie 22-23)",69.516287705963
"Y. Nishiya (29, Tochigi, J2 2023)",69.36584089098902
"Y. Nishiya (29, Tochigi, J2 2023)",69.18543799251854
"E. Vila (35, Teuta Durrës, Albanian Premier League 22-23)",69.15784216356415
"Y. Nishiya (29, Tochigi, J2 2023)",68.96885768033482
"Y. Nishiya (29, Tochigi, J2 2023)",68.9286748123017
"Y. Nishiya (29, Tochigi, J2 2023)",68.3542772929254
"D. Quiros (21, Santos de Guápiles, Costa Rica Primera División 22-23)",67.61694051528654
"K. Masangu (23, Excelsior Virton, Belgian First Division B 22-23)",67.37651213297562
"Y. Nishiya (29, Tochigi, J2 2023)",67.26145008373744
"Y. Nishiya (29, Tochigi, J2 2023)",67.14589645349245
"Y. Nishiya (29, Tochigi, J2 2023)",67.03526496119292
