Player 1,Similarity
"Y. Nagatomo (36, Tokyo, J1 2023)",80.06249196901364
"D. Štiglec (32, Gorica, 1. HNL 22-23)",74.97768629536853
"Y. Nagatomo (36, Tokyo, J1 2023)",74.69766962642584
"Y. Nagatomo (36, Tokyo, J1 2023)",74.48931554551206
"Karim El Eraki (25, Al Masry, Egyptian Premier League 22-23)",74.06925707853699
"Y. Nagatomo (36, Tokyo, J1 2023)",72.22926248502178
"Y. Nagatomo (36, Tokyo, J1 2023)",71.7420814442109
"S. Adhikari (28, Gokulam Kerala, I-League 22-23)",71.20658960747528
"A. Singh (29, Real Kashmir, I-League 22-23)",70.0764938319421
"Y. Nagatomo (36, Tokyo, J1 2023)",68.752194686767
"M. Lowe (25, Sheffield United, Championship 22-23)",68.47627262648854
"T. Rapnouil (22, Botev Vratsa, Bulgarian First League 22-23)",68.1021102174002
"J. Baccay (22, Odds, Eliteserien 2023)",68.08881714790228
"Y. Nagatomo (36, Tokyo, J1 2023)",68.0328438915064
"Y. Nagatomo (36, Tokyo, J1 2023)",67.86665989603807
"Y. Nagatomo (36, Tokyo, J1 2023)",67.6403028807885
"Y. Nagatomo (36, Tokyo, J1 2023)",67.52341053413083
"S. Grigoryan (28, Alashkert, Armenian Premier League 22-23)",67.40253381365562
"T. Zeegers (23, MVV, Eerste Divisie 22-23)",66.92229941408044
"Y. Nagatomo (36, Tokyo, J1 2023)",66.5614084776735
"Y. Nagatomo (36, Tokyo, J1 2023)",66.34388448061965
"Y. Nagatomo (36, Tokyo, J1 2023)",66.20912874649278
"Y. Nagatomo (36, Tokyo, J1 2023)",66.04061870394266
"S. van Wermeskerken (28, Cambuur, Eredivisie 22-23)",65.83592953523747
"Y. Nagatomo (36, Tokyo, J1 2023)",65.42267011613282
