Player 1,Similarity
"T. Schriebl (24, Grazer AK, Austrian 2. Liga 22-23)",72.81597986167496
"Y. Oiji (25, Gifu, J3 2023)",66.9925908017224
"Y. Oiji (25, Gifu, J3 2023)",66.41457113036388
"L. Verstraete (24, SK Beveren, Belgian First Division B 22-23)",64.57776739629092
"Y. Oiji (25, Gifu, J3 2023)",62.94217861009127
"Y. Oiji (25, Gifu, J3 2023)",62.01254827926205
"A. Chhetri (23, RoundGlass Punjab FC, I-League 22-23)",61.75486702082258
"Y. Oiji (25, Gifu, J3 2023)",61.423869848856185
"Y. Oiji (25, Gifu, J3 2023)",60.48559862306321
"Y. Oiji (25, Gifu, J3 2023)",60.45053616211485
"L. Van Eenoo (32, Westerlo, Belgian Pro League 22-23)",60.10070108742295
"Y. Oiji (25, Gifu, J3 2023)",59.80740891129349
"Y. Oiji (25, Gifu, J3 2023)",59.16346505214894
"Y. Oiji (25, Gifu, J3 2023)",59.13690674046791
"Y. Oiji (25, Gifu, J3 2023)",58.46763189723991
"Y. Oiji (25, Gifu, J3 2023)",58.2171840260953
"M. Taferner (22, Wolfsberger AC, Austrian Bundesliga 22-23)",58.07238377409068
"Y. Oiji (25, Gifu, J3 2023)",57.996794360810014
"J. Gómez (33, Racing Club, Argentinian Primera División 2023)",57.589937694334736
"Y. Oiji (25, Gifu, J3 2023)",57.56633721238209
"A. Alis Setyano (29, Borneo FC, BRI Liga 1 22-23)",57.46796205512103
"Y. Oiji (25, Gifu, J3 2023)",57.46112249728095
"K. Klefisch (23, Paderborn, 2. Bundesliga 22-23)",57.433128761494544
"Y. Oiji (25, Gifu, J3 2023)",57.402792074331984
"J. Repas (26, Maribor, 1. SNL 22-23)",57.400776808206224
