Player 1,Similarity
"Y. Suzuki (29, Júbilo Iwata, J2 2023)",85.87351183254785
"J. Tutuarima (30, PEC Zwolle, Eerste Divisie 22-23)",84.02904624786208
"Y. Suzuki (29, Júbilo Iwata, J2 2023)",82.95729913630514
"Y. Suzuki (29, Júbilo Iwata, J2 2023)",82.91567806537346
"Y. Suzuki (29, Júbilo Iwata, J2 2023)",82.72468752069759
"B. Meijer (20, Club Brugge, Belgian Pro League 22-23)",82.72098410476329
"S. Ristovski (31, Dinamo Zagreb, 1. HNL 22-23)",82.46969387538536
"Busanello (24, Malmö FF, Allsvenskan 2023)",82.38587410794341
"Y. Suzuki (29, Júbilo Iwata, J2 2023)",82.07629416575308
"Y. Suzuki (29, Júbilo Iwata, J2 2023)",82.05567390753681
"Y. Suzuki (29, Júbilo Iwata, J2 2023)",81.93363749046834
"Y. Suzuki (29, Júbilo Iwata, J2 2023)",81.75881866618361
"Y. Sugawara (22, AZ, Eredivisie 22-23)",81.46413499466044
"M. Casco (35, River Plate, Argentinian Primera División 2023)",81.31797241455483
"N. Mazraoui (25, Bayern München, Bundesliga 22-23)",81.03069116886297
"Y. Suzuki (29, Júbilo Iwata, J2 2023)",80.7418856415317
"Y. Suzuki (29, Júbilo Iwata, J2 2023)",80.416551505902
"Y. Suzuki (29, Júbilo Iwata, J2 2023)",80.41475545411674
"Y. Suzuki (29, Júbilo Iwata, J2 2023)",80.33314016167056
"Y. Suzuki (29, Júbilo Iwata, J2 2023)",80.11213813093731
"R. Baku (25, Wolfsburg, Bundesliga 22-23)",80.05406499241937
"Y. Suzuki (29, Júbilo Iwata, J2 2023)",79.49838074337714
"C. Arcus (26, Vitesse, Eredivisie 22-23)",79.44684792027375
"M. Palčič (29, Koper, 1. SNL 22-23)",79.4339071839138
"K. Lund (21, Häcken, Allsvenskan 2023)",79.36160310348768
