Player 1,Similarity
"Y. Sugawara (22, AZ, Eredivisie 22-23)",89.11313139068592
"A. Bjarnason (27, Sirius, Allsvenskan 2023)",86.87933060230561
"Y. Sugawara (22, AZ, Eredivisie 22-23)",86.4478904127633
"Y. Sugawara (22, AZ, Eredivisie 22-23)",86.41809138838104
"Y. Sugawara (22, AZ, Eredivisie 22-23)",86.30671628495578
"Y. Sugawara (22, AZ, Eredivisie 22-23)",85.70866443083763
"Y. Sugawara (22, AZ, Eredivisie 22-23)",85.62125333769772
"Y. Sugawara (22, AZ, Eredivisie 22-23)",85.42842069570625
"Y. Sugawara (22, AZ, Eredivisie 22-23)",84.96503363420642
"A. Jensen (21, Brommapojkarna, Allsvenskan 2023)",84.78045672609137
"Y. Sugawara (22, AZ, Eredivisie 22-23)",84.36969333842593
"Y. Sugawara (22, AZ, Eredivisie 22-23)",84.13125200628726
"Y. Sugawara (22, AZ, Eredivisie 22-23)",83.79695575301031
"Y. Sugawara (22, AZ, Eredivisie 22-23)",83.54748975545505
"Y. Sugawara (22, AZ, Eredivisie 22-23)",83.50629379346347
"Y. Sugawara (22, AZ, Eredivisie 22-23)",83.49879966984953
"Y. Sugawara (22, AZ, Eredivisie 22-23)",83.31837044606357
"Busanello (24, Malmö FF, Allsvenskan 2023)",82.92990906885638
"Y. Sugawara (22, AZ, Eredivisie 22-23)",82.90443200590057
"Y. Sugawara (22, AZ, Eredivisie 22-23)",82.8048698800914
"Y. Sugawara (22, AZ, Eredivisie 22-23)",82.61927572661712
"Y. Sugawara (22, AZ, Eredivisie 22-23)",82.45000830052136
"Y. Sugawara (22, AZ, Eredivisie 22-23)",82.42938598350584
"Y. Sugawara (22, AZ, Eredivisie 22-23)",82.40072486895157
"Y. Sugawara (22, AZ, Eredivisie 22-23)",82.37748954830649
