Player 1,Similarity
"K. Conté (23, St. Pölten, Austrian 2. Liga 22-23)",86.89095079642952
"Y. Toma (27, Győri ETO, NB II 22-23)",84.01521951405056
"A. Siger (27, Nyíregyháza Spartacus, NB II 22-23)",83.28483235079119
"Y. Toma (27, Győri ETO, NB II 22-23)",82.21173997889392
"T. Tajthy (31, Ajka, NB II 22-23)",81.90333121894157
"L. Mirković (32, Budućnost, Montenegro First League 22-23)",81.80333022633344
"L. Gourna-Douath (19, Salzburg, Austrian Bundesliga 22-23)",81.49311397270066
"Y. Toma (27, Győri ETO, NB II 22-23)",81.32164733151825
"Y. Toma (27, Győri ETO, NB II 22-23)",81.19251843579643
"Y. Toma (27, Győri ETO, NB II 22-23)",80.94084862913375
"Y. Toma (27, Győri ETO, NB II 22-23)",80.85599794524249
"Y. Toma (27, Győri ETO, NB II 22-23)",80.30153401899973
"Y. Toma (27, Győri ETO, NB II 22-23)",79.82127031002472
"L. Browning-Lagerfeldt (24, Sligo Rovers, League of Ireland PL 2023)",79.60589214983379
"Y. Toma (27, Győri ETO, NB II 22-23)",79.34481649575882
"Y. Toma (27, Győri ETO, NB II 22-23)",79.14495870033151
"Y. Toma (27, Győri ETO, NB II 22-23)",78.25791187514926
"J. Nikolić (31, Sutjeska, Montenegro First League 22-23)",78.00217275477154
"Y. Toma (27, Győri ETO, NB II 22-23)",77.98837855218017
"Y. Toma (27, Győri ETO, NB II 22-23)",77.84606308521623
"B. Végh (26, Mosonmagyaróvári TE, NB II 22-23)",77.75149582721818
"Y. Toma (27, Győri ETO, NB II 22-23)",77.44741506049164
"Y. Toma (27, Győri ETO, NB II 22-23)",77.32876373064225
"Y. Toma (27, Győri ETO, NB II 22-23)",77.09675712133945
"Y. Toma (27, Győri ETO, NB II 22-23)",76.97440317219493
