Player 1,Similarity
"Y. Voigt (20, Zwickau, 3. Liga 22-23)",92.81520972832934
"Y. Voigt (20, Zwickau, 3. Liga 22-23)",89.43666237885394
"Y. Voigt (20, Zwickau, 3. Liga 22-23)",89.2943296659429
"Y. Voigt (20, Zwickau, 3. Liga 22-23)",88.9220066090701
"Y. Voigt (20, Zwickau, 3. Liga 22-23)",88.60915692904925
"Y. Voigt (20, Zwickau, 3. Liga 22-23)",88.60247353628235
"Y. Voigt (20, Zwickau, 3. Liga 22-23)",88.50974960598256
"Y. Voigt (20, Zwickau, 3. Liga 22-23)",88.34455269023816
"Y. Voigt (20, Zwickau, 3. Liga 22-23)",88.33623665265694
"Y. Voigt (20, Zwickau, 3. Liga 22-23)",88.2210457625073
"Y. Voigt (20, Zwickau, 3. Liga 22-23)",88.11465930343013
"Y. Voigt (20, Zwickau, 3. Liga 22-23)",88.08954368388652
"Y. Voigt (20, Zwickau, 3. Liga 22-23)",88.08842043424234
"Y. Voigt (20, Zwickau, 3. Liga 22-23)",87.33825161619731
"Y. Voigt (20, Zwickau, 3. Liga 22-23)",86.90373227693537
"Y. Voigt (20, Zwickau, 3. Liga 22-23)",86.87991201896665
"Y. Voigt (20, Zwickau, 3. Liga 22-23)",86.87923336669955
"Y. Voigt (20, Zwickau, 3. Liga 22-23)",86.8594779696482
"Y. Voigt (20, Zwickau, 3. Liga 22-23)",86.74774351098634
"Y. Voigt (20, Zwickau, 3. Liga 22-23)",86.62124391898116
"Y. Voigt (20, Zwickau, 3. Liga 22-23)",86.41828926866498
"Y. Voigt (20, Zwickau, 3. Liga 22-23)",85.98717223090507
"Y. Voigt (20, Zwickau, 3. Liga 22-23)",85.85604875584104
"Y. Voigt (20, Zwickau, 3. Liga 22-23)",85.49124384429115
"Y. Voigt (20, Zwickau, 3. Liga 22-23)",85.45512074767467
