Player 1,Similarity
"B. Díaz (32, Atlético Huila, Colombian Primera Division 22-23)",88.45705143683382
"Y. Yamashita (27, Iwaki, J2 2023)",87.19105511705973
"S. van Doorm (26, Eindhoven, Eerste Divisie 22-23)",86.49151647905164
"I. Tapia (24, Barracas Central, Argentinian Primera División 2023)",86.12795933542381
"M. Klok (29, Persib, BRI Liga 1 22-23)",86.0032212147498
"Y. Yamashita (27, Iwaki, J2 2023)",85.91409784373502
"T. Kempe (33, Darmstadt 98, 2. Bundesliga 22-23)",85.76130958087656
"Y. Yamashita (27, Iwaki, J2 2023)",85.08480995772271
"Y. Yamashita (27, Iwaki, J2 2023)",84.89935542133279
"M. Grgić (31, Kapfenberger SV, Austrian 2. Liga 22-23)",84.85827922031763
"Y. Yamashita (27, Iwaki, J2 2023)",84.62581441540503
"Y. Yamashita (27, Iwaki, J2 2023)",83.99305287032242
"Y. Yamashita (27, Iwaki, J2 2023)",83.84686231402283
"Y. Yamashita (27, Iwaki, J2 2023)",83.8351311448627
"H. Stengel (27, Strømsgodset, Eliteserien 2023)",83.82814115297101
"S. Nakamura (29, Avispa Fukuoka, J1 2023)",83.61450205046475
"S. Rhein (25, Hansa Rostock, 2. Bundesliga 22-23)",83.24535161971113
"Y. Higuchi (26, Kashima Antlers, J1 2023)",83.18356028310053
"F. Shayesteh (31, Sreenidi Deccan, I-League 22-23)",83.10211502933176
"Y. Yamashita (27, Iwaki, J2 2023)",83.08964710204651
"Y. Yamashita (27, Iwaki, J2 2023)",83.07520437469987
"J. Rada (36, Hradec Králové, Czech Fortuna Liga 22-23)",82.98284409568593
"Y. Yamashita (27, Iwaki, J2 2023)",82.90150381970997
"Y. Yamashita (27, Iwaki, J2 2023)",82.5127133806184
"K. Knap (21, Cracovia Kraków, Ekstraklasa 22-23)",82.18722745444748
