Player 1,Similarity
"Y. Ōsako (33, Vissel Kobe, J1 2023)",87.21024218719043
"B. McKay (34, Inverness CT, Scottish Championship 22-23)",86.34191501612548
"M. Rennie (29, Clyde, Scottish League One 22-23)",85.74001259882016
"Y. Ōsako (33, Vissel Kobe, J1 2023)",85.54062615881934
"Y. Ōsako (33, Vissel Kobe, J1 2023)",85.38093363707281
"Y. Ōsako (33, Vissel Kobe, J1 2023)",84.66819456371128
"Y. Ōsako (33, Vissel Kobe, J1 2023)",84.18639422052989
"Y. Ōsako (33, Vissel Kobe, J1 2023)",83.9969636031975
"Y. Ōsako (33, Vissel Kobe, J1 2023)",83.9965254430054
"Y. Ōsako (33, Vissel Kobe, J1 2023)",83.88270872681223
"Y. Ōsako (33, Vissel Kobe, J1 2023)",83.67249771285448
"Y. Ōsako (33, Vissel Kobe, J1 2023)",83.64485967157674
"Y. Ōsako (33, Vissel Kobe, J1 2023)",83.62308237989573
"Igor Jesus (22, Shabab Al Ahli Dubai, UAE Pro League 22-23)",83.46017854158352
"H. Sawyer (26, Jamshedpur, Indian Super League 22-23)",83.13283068719475
"Y. Ōsako (33, Vissel Kobe, J1 2023)",82.98849808409494
"Y. Ōsako (33, Vissel Kobe, J1 2023)",82.80529525698753
"Y. Ōsako (33, Vissel Kobe, J1 2023)",82.72597025273646
"Y. Ōsako (33, Vissel Kobe, J1 2023)",82.71279550343131
"Y. Ōsako (33, Vissel Kobe, J1 2023)",82.21175635629174
"Y. Ōsako (33, Vissel Kobe, J1 2023)",81.89787024795817
"Y. Ōsako (33, Vissel Kobe, J1 2023)",81.82996432231083
"Y. Ōsako (33, Vissel Kobe, J1 2023)",81.7067310812232
"Y. Ōsako (33, Vissel Kobe, J1 2023)",81.58898294820524
"Y. Ōsako (33, Vissel Kobe, J1 2023)",81.56262651514754
