Player 1,Similarity
"Z. Gera (19, Pécsi MFC, NB II 22-23)",87.57521191366007
"I. Cernigoi (28, Crotone, Serie C 22-23)",85.32686452375243
"Z. Gera (19, Pécsi MFC, NB II 22-23)",82.741908155496
"Z. Gera (19, Pécsi MFC, NB II 22-23)",82.524064026955
"E. Adebayo (25, Luton Town, Championship 22-23)",82.44581573281835
"A. Scheidler (25, Bari, Serie B 22-23)",82.11718717037363
"Z. Gera (19, Pécsi MFC, NB II 22-23)",81.69704863018299
"M. Roginić (27, Katowice, Polish I Liga 22-23)",81.04610551363287
"Z. Gera (19, Pécsi MFC, NB II 22-23)",80.86854885927079
"Z. Gera (19, Pécsi MFC, NB II 22-23)",80.8633505891022
"Z. Gera (19, Pécsi MFC, NB II 22-23)",80.11098408259598
"Adrián Dalmau (29, Alcorcón, Primera División RFEF 22-23)",79.95981258101037
"Z. Gera (19, Pécsi MFC, NB II 22-23)",79.89806329122999
"R. Inglese (31, Parma, Serie B 22-23)",79.5903700759502
"A. Santarpia (22, Monterosi, Serie C 22-23)",79.40282814118075
"Diogo (26, Pumas UNAM, Liga MX 22-23)",79.35809570885735
"G. Petrosyan (21, BKMA, Armenian Premier League 22-23)",79.11772731019849
"Z. Gera (19, Pécsi MFC, NB II 22-23)",78.90307168005877
"L. Colombo (21, Lecce, Serie A 22-23)",78.5336353650121
"Z. Gera (19, Pécsi MFC, NB II 22-23)",78.33431280238734
"Z. Gera (19, Pécsi MFC, NB II 22-23)",77.86766362172037
"Z. Gera (19, Pécsi MFC, NB II 22-23)",77.70962626314174
"Z. Gera (19, Pécsi MFC, NB II 22-23)",77.6502625190879
"N. Kupusović (22, Trenčín, Slovak Super Liga 22-23)",77.27553147063298
"M. Succar (24, Carlos Mannucci, Peruvian Liga 1 2023)",77.27130796989063
