Player 1,Similarity
"Z. Gruber (18, Puskás FC, NB I 22-23)",88.28546568596204
"Z. Gruber (18, Puskás FC, NB I 22-23)",87.9706684525371
"N. Woltemade (21, Elversberg, 3. Liga 22-23)",87.71781360341106
"Z. Gruber (18, Puskás FC, NB I 22-23)",87.00911398206827
"G. Bayrakdar (21, Bodrumspor, Turkish 1. Lig 22-23)",86.94541794250235
"Z. Gruber (18, Puskás FC, NB I 22-23)",86.86261293328164
"Z. Gruber (18, Puskás FC, NB I 22-23)",86.72333821077999
"Z. Gruber (18, Puskás FC, NB I 22-23)",86.65189443664286
"Z. Gruber (18, Puskás FC, NB I 22-23)",86.1702850970893
"R. Kolo Muani (24, Eintracht Frankfurt, Bundesliga 22-23)",85.91436980602654
"Z. Gruber (18, Puskás FC, NB I 22-23)",85.8172065850775
"Z. Gruber (18, Puskás FC, NB I 22-23)",85.56125026544491
"D. Bolsius (24, Fidelis Andria, Serie C 22-23)",85.51844759734136
"I. Ndiaye (23, Sheffield United, Championship 22-23)",85.43536892945247
"Z. Gruber (18, Puskás FC, NB I 22-23)",85.07427645418838
"Z. Gruber (18, Puskás FC, NB I 22-23)",85.06158479664462
"Rodrigo Angelotti (25, Omiya Ardija, J2 2023)",84.58586577188211
"Z. Gruber (18, Puskás FC, NB I 22-23)",84.58193630915244
"Z. Gruber (18, Puskás FC, NB I 22-23)",84.49073004995986
"Z. Gruber (18, Puskás FC, NB I 22-23)",84.24983901356666
"Z. Gruber (18, Puskás FC, NB I 22-23)",84.20793426489071
"M. Thiam (28, Universitatea Cluj, SuperLiga României 22-23)",84.11705068276898
"Z. Gruber (18, Puskás FC, NB I 22-23)",83.95987862163736
"Gabriel Jesus (26, Arsenal, Premier League 22-23)",83.9198979122691
"Z. Gruber (18, Puskás FC, NB I 22-23)",83.87496251218478
