Player 1,Similarity
"Z. Husmani (32, Domžale, 1. SNL 22-23)",77.99498926292902
"Z. Husmani (32, Domžale, 1. SNL 22-23)",76.4250830970183
"Z. Husmani (32, Domžale, 1. SNL 22-23)",76.36107737188603
"Z. Husmani (32, Domžale, 1. SNL 22-23)",74.35059929971065
"Z. Husmani (32, Domžale, 1. SNL 22-23)",72.37199902738907
"Z. Husmani (32, Domžale, 1. SNL 22-23)",70.92170601346264
"Z. Husmani (32, Domžale, 1. SNL 22-23)",70.48976241323523
"Z. Husmani (32, Domžale, 1. SNL 22-23)",70.45855549266655
"Z. Husmani (32, Domžale, 1. SNL 22-23)",70.02203920326335
"Z. Husmani (32, Domžale, 1. SNL 22-23)",69.84084000393966
"Z. Husmani (32, Domžale, 1. SNL 22-23)",69.81547546522624
"Z. Husmani (32, Domžale, 1. SNL 22-23)",69.74179911970207
"Z. Husmani (32, Domžale, 1. SNL 22-23)",68.77301132496305
"Z. Husmani (32, Domžale, 1. SNL 22-23)",68.28263916725686
"Z. Husmani (32, Domžale, 1. SNL 22-23)",67.96741110728237
"Z. Husmani (32, Domžale, 1. SNL 22-23)",67.84578249224074
"Z. Husmani (32, Domžale, 1. SNL 22-23)",67.56634373651369
"Z. Husmani (32, Domžale, 1. SNL 22-23)",67.56226997321177
"Z. Husmani (32, Domžale, 1. SNL 22-23)",67.19894376146846
"Z. Husmani (32, Domžale, 1. SNL 22-23)",66.71977847422038
"Z. Husmani (32, Domžale, 1. SNL 22-23)",66.03001666511766
"Z. Husmani (32, Domžale, 1. SNL 22-23)",66.02149006238979
"Z. Husmani (32, Domžale, 1. SNL 22-23)",65.97621286395297
"Z. Husmani (32, Domžale, 1. SNL 22-23)",65.05107194648147
"Z. Husmani (32, Domžale, 1. SNL 22-23)",64.64687556035652
