Player 1,Similarity
"Z. Kvržić (34, Šibenik, 1. HNL 22-23)",87.22600425328221
"Z. Kvržić (34, Šibenik, 1. HNL 22-23)",85.52356031314685
"Z. Kvržić (34, Šibenik, 1. HNL 22-23)",85.15113628263182
"Z. Kvržić (34, Šibenik, 1. HNL 22-23)",84.94520431590514
"Z. Kvržić (34, Šibenik, 1. HNL 22-23)",84.75304187421587
"Z. Kvržić (34, Šibenik, 1. HNL 22-23)",84.4703654546262
"Z. Kvržić (34, Šibenik, 1. HNL 22-23)",84.12642856774002
"Z. Kvržić (34, Šibenik, 1. HNL 22-23)",84.01019535786487
"Z. Kvržić (34, Šibenik, 1. HNL 22-23)",83.63802535486
"Z. Kvržić (34, Šibenik, 1. HNL 22-23)",83.48202331133751
"Z. Kvržić (34, Šibenik, 1. HNL 22-23)",83.396298206413
"Z. Kvržić (34, Šibenik, 1. HNL 22-23)",83.27903872616118
"Z. Kvržić (34, Šibenik, 1. HNL 22-23)",82.9194740693053
"Z. Kvržić (34, Šibenik, 1. HNL 22-23)",82.84958255609148
"Z. Kvržić (34, Šibenik, 1. HNL 22-23)",82.71955977205523
"Z. Kvržić (34, Šibenik, 1. HNL 22-23)",82.46182928450457
"Z. Kvržić (34, Šibenik, 1. HNL 22-23)",82.27662672456424
"Z. Kvržić (34, Šibenik, 1. HNL 22-23)",82.25721427077939
"Z. Kvržić (34, Šibenik, 1. HNL 22-23)",81.98629871818704
"Z. Kvržić (34, Šibenik, 1. HNL 22-23)",81.90577935715115
"Z. Kvržić (34, Šibenik, 1. HNL 22-23)",81.69838753676112
"Z. Kvržić (34, Šibenik, 1. HNL 22-23)",81.06693322133974
"Z. Kvržić (34, Šibenik, 1. HNL 22-23)",81.01578684504771
"Z. Kvržić (34, Šibenik, 1. HNL 22-23)",80.98335182268156
"Z. Kvržić (34, Šibenik, 1. HNL 22-23)",80.9371846169239
