Player 1,Similarity
"Z. Ralte (28, Aizawl, I-League 22-23)",93.6596805651796
"Z. Ralte (28, Aizawl, I-League 22-23)",93.12257367872029
"Z. Ralte (28, Aizawl, I-League 22-23)",93.1022756697826
"Z. Ralte (28, Aizawl, I-League 22-23)",92.01694693495958
"Z. Ralte (28, Aizawl, I-League 22-23)",91.6077663982724
"Z. Ralte (28, Aizawl, I-League 22-23)",90.87865865796086
"Z. Ralte (28, Aizawl, I-League 22-23)",90.8678090355008
"Z. Ralte (28, Aizawl, I-League 22-23)",90.513169792704
"Z. Ralte (28, Aizawl, I-League 22-23)",89.89416962875853
"J. Bree (25, Luton Town, Championship 22-23)",89.76845747328126
"A. Büttner (34, De Graafschap, Eerste Divisie 22-23)",89.34550588216932
"Z. Ralte (28, Aizawl, I-League 22-23)",89.33423160091695
"Z. Ralte (28, Aizawl, I-League 22-23)",89.2822643903848
"Z. Ralte (28, Aizawl, I-League 22-23)",89.17621720517708
"Z. Ralte (28, Aizawl, I-League 22-23)",89.14039697448736
"Z. Ralte (28, Aizawl, I-League 22-23)",88.96249891091279
"Z. Ralte (28, Aizawl, I-League 22-23)",88.46937481388804
"Z. Ralte (28, Aizawl, I-League 22-23)",88.34930972324706
"Z. Ralte (28, Aizawl, I-League 22-23)",88.1462826428559
"Z. Ralte (28, Aizawl, I-League 22-23)",88.00780073757663
"Mohamed Shokry (23, Ceramica, Egyptian Premier League 22-23)",87.98618741036265
"Z. Ralte (28, Aizawl, I-League 22-23)",87.95727302177423
"Z. Ralte (28, Aizawl, I-League 22-23)",87.87109547847612
"Z. Ralte (28, Aizawl, I-League 22-23)",87.85897294805775
"Z. Ralte (28, Aizawl, I-League 22-23)",87.82169127989187
