Player 1,Similarity
"Á. Présinger (34, Ajka, NB II 22-23)",91.2171607082938
"R. Hatsuse (25, Vissel Kobe, J1 2023)",89.34428057014918
"Á. Présinger (34, Ajka, NB II 22-23)",88.91942982200189
"Á. Présinger (34, Ajka, NB II 22-23)",87.71167436380634
"Á. Présinger (34, Ajka, NB II 22-23)",87.30497577857267
"Z. Ralte (28, Aizawl, I-League 22-23)",86.48625444538595
"Á. Présinger (34, Ajka, NB II 22-23)",86.31919346727376
"Á. Présinger (34, Ajka, NB II 22-23)",86.07936210213492
"Á. Présinger (34, Ajka, NB II 22-23)",85.85776779622569
"Á. Présinger (34, Ajka, NB II 22-23)",85.66588715683953
"Á. Présinger (34, Ajka, NB II 22-23)",85.56498875895328
"D. Andrew (32, Fleetwood Town, League One 22-23)",85.32232601760434
"Cote (33, Sporting Gijón, La Liga 2 22-23)",84.99903260216192
"Á. Présinger (34, Ajka, NB II 22-23)",84.99313505720286
"Á. Présinger (34, Ajka, NB II 22-23)",84.99230220147862
"Á. Présinger (34, Ajka, NB II 22-23)",84.96243947421947
"Á. Présinger (34, Ajka, NB II 22-23)",84.78215973175752
"M. Clark (27, Stevenage, League Two 22-23)",84.59095309233248
"Á. Présinger (34, Ajka, NB II 22-23)",84.35846217086055
"Á. Présinger (34, Ajka, NB II 22-23)",83.90713869228111
"L. Bartošák (32, Trinity Zlín, Czech Fortuna Liga 22-23)",83.69954858891435
"Á. Présinger (34, Ajka, NB II 22-23)",83.51117324671738
"K. Vega (31, Puntarenas, Costa Rica Primera División 22-23)",83.35577554633737
"C. Failla (37, Mosta, Malta Premier League 22-23)",83.09500124058025
"Á. Présinger (34, Ajka, NB II 22-23)",82.97719290742414
