Player 1,Similarity
"Š. Gržan (29, Osijek, 1. HNL 22-23)",91.7741013020369
"Š. Gržan (29, Osijek, 1. HNL 22-23)",90.74245183126556
"Š. Gržan (29, Osijek, 1. HNL 22-23)",90.44119614456028
"Š. Gržan (29, Osijek, 1. HNL 22-23)",90.22780219718412
"Š. Gržan (29, Osijek, 1. HNL 22-23)",89.8907777169942
"Š. Gržan (29, Osijek, 1. HNL 22-23)",89.62155088439617
"Š. Gržan (29, Osijek, 1. HNL 22-23)",89.45837363076375
"Š. Gržan (29, Osijek, 1. HNL 22-23)",88.75958128292824
"Š. Gržan (29, Osijek, 1. HNL 22-23)",88.50272360879438
"Š. Gržan (29, Osijek, 1. HNL 22-23)",88.34329858215109
"Š. Gržan (29, Osijek, 1. HNL 22-23)",88.30869004766785
"Š. Gržan (29, Osijek, 1. HNL 22-23)",88.09015587336235
"Š. Gržan (29, Osijek, 1. HNL 22-23)",87.64264155450037
"Š. Gržan (29, Osijek, 1. HNL 22-23)",87.571317134906
"Š. Gržan (29, Osijek, 1. HNL 22-23)",87.55640690224429
"Š. Gržan (29, Osijek, 1. HNL 22-23)",87.09779019304472
"Š. Gržan (29, Osijek, 1. HNL 22-23)",87.06263405327516
"Š. Gržan (29, Osijek, 1. HNL 22-23)",86.78494677498006
"Š. Gržan (29, Osijek, 1. HNL 22-23)",86.77858055565484
"Š. Gržan (29, Osijek, 1. HNL 22-23)",86.59733514323091
"Š. Gržan (29, Osijek, 1. HNL 22-23)",86.56662725898832
"Š. Gržan (29, Osijek, 1. HNL 22-23)",86.48873028492254
"Š. Gržan (29, Osijek, 1. HNL 22-23)",86.25304497014533
"Š. Gržan (29, Osijek, 1. HNL 22-23)",86.17102596411262
"Š. Gržan (29, Osijek, 1. HNL 22-23)",86.15234522967928
