Player 1,Similarity
"Ž. Benedičič (27, Koper, 1. SNL 22-23)",86.60164091582493
"Ž. Benedičič (27, Koper, 1. SNL 22-23)",80.01860134229366
"Ž. Benedičič (27, Koper, 1. SNL 22-23)",79.85875254625245
"Ž. Benedičič (27, Koper, 1. SNL 22-23)",79.00814459942154
"Ž. Benedičič (27, Koper, 1. SNL 22-23)",78.84807876899214
"Ž. Benedičič (27, Koper, 1. SNL 22-23)",77.5762729670533
"Ž. Benedičič (27, Koper, 1. SNL 22-23)",77.38849548980866
"Ž. Benedičič (27, Koper, 1. SNL 22-23)",77.28285063904424
"Ž. Benedičič (27, Koper, 1. SNL 22-23)",76.98133280940309
"Ž. Benedičič (27, Koper, 1. SNL 22-23)",76.95909620436568
"Ž. Benedičič (27, Koper, 1. SNL 22-23)",76.95769964083802
"Ž. Benedičič (27, Koper, 1. SNL 22-23)",76.90901207940018
"Ž. Benedičič (27, Koper, 1. SNL 22-23)",76.73596234350816
"Ž. Benedičič (27, Koper, 1. SNL 22-23)",76.1337623896401
"Ž. Benedičič (27, Koper, 1. SNL 22-23)",75.59897005174453
"Ž. Benedičič (27, Koper, 1. SNL 22-23)",75.1589511188042
"Ž. Benedičič (27, Koper, 1. SNL 22-23)",75.09231588853066
"Ž. Benedičič (27, Koper, 1. SNL 22-23)",74.97194868569875
"Ž. Benedičič (27, Koper, 1. SNL 22-23)",74.76036968765965
"Ž. Benedičič (27, Koper, 1. SNL 22-23)",74.49016826981207
"Ž. Benedičič (27, Koper, 1. SNL 22-23)",74.2263570537513
"Ž. Benedičič (27, Koper, 1. SNL 22-23)",73.84333919941756
"Ž. Benedičič (27, Koper, 1. SNL 22-23)",73.83280671508363
"Ž. Benedičič (27, Koper, 1. SNL 22-23)",73.44968012022655
"Ž. Benedičič (27, Koper, 1. SNL 22-23)",73.41289386320975
