Player 1,Similarity
"Ž. Karničnik (28, Celje, 1. SNL 22-23)",83.27089667779383
"M. Milec (31, Maribor, 1. SNL 22-23)",81.36163739922209
"Ž. Karničnik (28, Celje, 1. SNL 22-23)",81.16689728975734
"Ž. Karničnik (28, Celje, 1. SNL 22-23)",80.85630704601623
"Ž. Karničnik (28, Celje, 1. SNL 22-23)",80.18133445539029
"Ž. Karničnik (28, Celje, 1. SNL 22-23)",79.84071808769104
"R. Ljubičić (23, Dinamo Zagreb, 1. HNL 22-23)",79.76104862707072
"Ž. Karničnik (28, Celje, 1. SNL 22-23)",79.34823243497995
"Ž. Karničnik (28, Celje, 1. SNL 22-23)",79.24398171407022
"Ž. Karničnik (28, Celje, 1. SNL 22-23)",79.1076741558737
"Ž. Karničnik (28, Celje, 1. SNL 22-23)",78.7529273264883
"Ž. Karničnik (28, Celje, 1. SNL 22-23)",77.82377074653594
"Ž. Karničnik (28, Celje, 1. SNL 22-23)",77.73945054794534
"Ž. Karničnik (28, Celje, 1. SNL 22-23)",77.4465674061858
"Ž. Karničnik (28, Celje, 1. SNL 22-23)",77.3846764854665
"Ž. Karničnik (28, Celje, 1. SNL 22-23)",76.92971204171161
"Ž. Karničnik (28, Celje, 1. SNL 22-23)",76.63147256153331
"Ž. Karničnik (28, Celje, 1. SNL 22-23)",76.29495434977278
"Ž. Karničnik (28, Celje, 1. SNL 22-23)",76.13650566104825
"Ž. Karničnik (28, Celje, 1. SNL 22-23)",76.03986358702764
"Ž. Karničnik (28, Celje, 1. SNL 22-23)",75.97042352742777
"Ž. Karničnik (28, Celje, 1. SNL 22-23)",75.90301426715548
"Ž. Karničnik (28, Celje, 1. SNL 22-23)",75.53332600805011
"Ž. Karničnik (28, Celje, 1. SNL 22-23)",75.44092361819347
"Ž. Karničnik (28, Celje, 1. SNL 22-23)",75.18262175342245
